protein_id,enzyme,pdb_reference,simulation_residue_number,residue_name,residue_label,structural_region,assigned_contact_class,annotation_confidence,all_atom_pet_l10_rank,in_all_atom_pet_l10_top8,all_atom_pet_l20_rank,in_all_atom_pet_l20_top8,heavy_pet_l10_rank,in_heavy_pet_l10_top8,heavy_pet_l20_rank,in_heavy_pet_l20_top8,in_all_atom_top3_gain,in_all_atom_top3_loss,in_heavy_top3_gain,in_heavy_top3_loss,n_l10,n_l20,underpowered,mean_contact_l10,mean_contact_l20,median_contact_l10,median_contact_l20,sd_contact_l10,sd_contact_l20,mean_contact_l10_ci95_low,mean_contact_l10_ci95_high,mean_contact_l20_ci95_low,mean_contact_l20_ci95_high,mean_delta_l20_minus_l10,delta_ci95_low,delta_ci95_high,bootstrap_probability_delta_positive,bootstrap_direction_probability,cliffs_delta_l20_vs_l10,loo_sign_agreement,loo_min_delta,loo_max_delta,n_cases_ge_0_2_l10,n_cases_ge_0_2_l20,n_cases_ge_0_5_l10,n_cases_ge_0_5_l20,support_ge_0_5_fraction_l10,support_ge_0_5_fraction_l20,n_common_directions,common_directions,direction_delta_values,direction_adjusted_delta,direction_sign_agreement,direction_delta_range,n_direction_strata_effect_consistent,direction_effect_consistent_fraction,all_atom_mean_delta_20_100ns,all_atom_heavy_delta_sign_same,stable_contact_core,shift_class,reporting_status,stability_evidence,stability_pass_l10,stability_pass_l20,included_in_table_s3,table_s3_classification
Pro00083,IsPETase,6EQD,14,VAL,V14,no named landmark assigned,Other/candidate,low,,False,,False,,False,,False,False,True,False,False,4,7,False,0.1718535175,0.00589212,0.0,0.0,0.343707035,0.015589084214949894,0.0,0.5155605525,0.0,0.01767636,-0.1659613975,-0.5096684325,0.01178424,0.20705,0.79295,-0.14285714285714285,0.9090909090909091,-0.22324590333333333,0.00589212,1,0,1,0,0.25,0.0,3,bidirectional;head-side;tail-side,bidirectional:-0.6874;head-side:+0.0137;tail-side:+0.0000,-0.22455526333333334,0.5,0.7011623499999999,1,0.3333333333333333,-0.1716571157142857,True,False,no_resolved_shift,sensitivity_or_hypothesis_only,retained-contact_with_stability_caveat,0,0,False,
Pro00083,IsPETase,6EQD,36,PRO,P36,no named landmark assigned,Other/candidate,low,,False,,False,,False,,False,False,False,True,False,4,7,False,0.0,0.10009463142857143,0.0,0.0,0.0,0.2648255023326698,0.0,0.0,0.0,0.3002838942857143,0.10009463142857143,0.0,0.3002838942857143,0.6609,0.6609,0.14285714285714285,1.0,0.0,0.11677707,0,1,0,1,0.0,0.14285714285714285,3,bidirectional;head-side;tail-side,bidirectional:+0.0000;head-side:+0.2336;tail-side:+0.0000,0.07785138,1.0,0.23355414,1,0.3333333333333333,0.10962915285714285,True,False,no_resolved_shift,sensitivity_or_hypothesis_only,retained-contact_with_stability_caveat,0,0,False,
Pro00083,IsPETase,6EQD,37,ASN,N37,no named landmark assigned,Other/candidate,low,,False,,False,,False,,False,True,False,True,False,4,7,False,0.0,0.10566536285714286,0.0,0.0,0.0,0.27956427231340136,0.0,0.0,0.0,0.3169960885714285,0.10566536285714286,0.0,0.3169960885714285,0.6651,0.6651,0.14285714285714285,1.0,0.0,0.12327625666666665,0,1,0,1,0.0,0.14285714285714285,3,bidirectional;head-side;tail-side,bidirectional:+0.0000;head-side:+0.2466;tail-side:+0.0000,0.0821841711111111,1.0,0.2465525133333333,1,0.3333333333333333,0.11321799,True,False,no_resolved_shift,sensitivity_or_hypothesis_only,retained-contact_with_stability_caveat,0,0,False,
Pro00083,IsPETase,6EQD,87,TYR,Y87,oxyanion donor / active-site pocket,Catalytic/oxyanion,high,1.0,True,2.0,True,1.0,True,2.0,True,False,False,False,False,4,7,False,0.7486876625000001,0.7015730185714285,0.9937507800000001,0.736033,0.4936391281488846,0.34303042230270225,0.25543681999999995,0.9980002450000001,0.4368382542857142,0.8963955376428551,-0.047114643928571565,-0.47713678214285704,0.4888455931785715,0.4166,0.5833999999999999,-0.42857142857142855,0.6363636363636364,-0.29392754142857147,0.06981419249999987,3,6,3,6,0.75,0.8571428571428571,3,bidirectional;head-side;tail-side,bidirectional:+0.6780;head-side:-0.3715;tail-side:-0.1609,0.04850782722222217,0.6666666666666666,1.0495146433333336,2,0.6666666666666666,-0.036035671428571336,True,True,no_resolved_shift,descriptive_core,retained-contact_with_stability_caveat,0,0,True,stable contact core
Pro00083,IsPETase,6EQD,117,LEU,L117,near Y87 (oxyanion donor / active-site pocket),Catalytic/oxyanion,medium-low,,False,,False,8.0,True,,False,False,False,False,False,4,7,False,0.37801524750000004,0.31944221142857143,0.38057743,0.34045744,0.30225411538194397,0.2898679731167996,0.1126734125,0.6407949000000001,0.13309050714285717,0.5295052385714286,-0.05857303607142861,-0.3827021614285714,0.26029112399999965,0.36075,0.63925,-0.07142857142857142,0.9090909090909091,-0.1818701252380952,0.06301593142857143,3,4,1,2,0.25,0.2857142857142857,3,bidirectional;head-side;tail-side,bidirectional:+0.2068;head-side:-0.1532;tail-side:-0.1807,-0.04237664722222224,0.6666666666666666,0.387514065,2,0.6666666666666666,-0.08712303857142867,True,False,no_resolved_shift,sensitivity_or_hypothesis_only,retained-contact_with_stability_caveat,0,0,False,
Pro00083,IsPETase,6EQD,119,GLN,Q119,no named landmark assigned,Other/candidate,low,6.0,True,5.0,True,6.0,True,7.0,True,False,False,False,True,4,7,False,0.55471191,0.34759940857142857,0.68647669,0.39770029,0.37820270412531476,0.2573585682586033,0.20591176000000003,0.81177353,0.16910386285714288,0.5178638400000001,-0.2071125014285714,-0.5353945674464287,0.18025024182142738,0.13755,0.8624499999999999,-0.42857142857142855,1.0,-0.38818361809523816,-0.11388457142857139,3,5,3,3,0.75,0.42857142857142855,3,bidirectional;head-side;tail-side,bidirectional:+0.2939;head-side:-0.4738;tail-side:-0.2310,-0.13694121388888886,0.6666666666666666,0.7676540416666666,2,0.6666666666666666,-0.13607673857142855,True,False,directional_but_uncertain_L10,sensitivity_or_hypothesis_only,retained-contact_with_stability_caveat,0,0,False,
Pro00083,IsPETase,6EQD,160,SER,S160,catalytic Ser,Catalytic/oxyanion,high,,False,,False,,False,,False,True,False,True,False,4,7,False,0.0367766525,0.20201046142857143,0.01031121,0.06324209,0.0605900042641509,0.35765296972548255,0.0,0.0948631425,0.025907475714285717,0.47981502000000004,0.16523380892857142,-0.026730700892857135,0.4485733903571428,0.92505,0.92505,0.35714285714285715,1.0,0.0342144725,0.19890221916666667,0,2,0,1,0.0,0.14285714285714285,3,bidirectional;head-side;tail-side,bidirectional:+0.0729;head-side:+0.3412;tail-side:+0.0119,0.14203085611111113,1.0,0.32929216833333336,1,0.3333333333333333,0.21491510035714287,True,False,directional_but_uncertain_L20,sensitivity_or_hypothesis_only,retained-contact_with_stability_caveat,0,0,False,
Pro00083,IsPETase,6EQD,161,MET,M161,oxyanion donor / active-site pocket,Catalytic/oxyanion,high,3.0,True,4.0,True,3.0,True,4.0,True,False,False,False,False,4,7,False,0.7168166499999999,0.6593997171428571,0.948693915,0.65816773,0.4737728670655808,0.33703373347818905,0.24275090749999995,0.9590051274999999,0.40646704714285714,0.8632135257142856,-0.05741693285714289,-0.471405586392857,0.4385429483928569,0.39735,0.60265,-0.35714285714285715,0.6363636363636364,-0.2942727428571429,0.05248302000000005,3,6,3,6,0.75,0.8571428571428571,3,bidirectional;head-side;tail-side,bidirectional:+0.5796;head-side:-0.3394;tail-side:-0.1527,0.029169962222222307,0.6666666666666666,0.9189268033333332,2,0.6666666666666666,-0.04418644214285716,True,True,no_resolved_shift,descriptive_core,retained-contact_with_stability_caveat,0,0,True,stable contact core
Pro00083,IsPETase,6EQD,185,TRP,W185,canonical W-loop Trp,W-loop/flexible or rigid pair,high,4.0,True,3.0,True,4.0,True,3.0,True,False,False,False,False,4,7,False,0.6891638575,0.68602139,0.8750156250000001,0.6224222,0.4660363566409894,0.35714488804160854,0.25490564,0.9933758300000001,0.40684200285714284,0.8860142485714286,-0.0031424675000000235,-0.4262619,0.48861079439285693,0.4703,0.5297000000000001,-0.21428571428571427,0.36363636363636365,-0.22957249666666668,0.11119443083333336,3,6,3,6,0.75,0.8571428571428571,3,bidirectional;head-side;tail-side,bidirectional:+0.5949;head-side:-0.2174;tail-side:-0.1852,0.06410309555555556,0.6666666666666666,0.8123151283333333,2,0.6666666666666666,-0.0018435214285714707,True,True,no_resolved_shift,descriptive_core,retained-contact_with_stability_caveat,0,0,True,stable contact core
Pro00083,IsPETase,6EQD,187,SER,S187,W185 W-loop neighborhood,W-loop/flexible or rigid pair,medium,8.0,True,,False,7.0,True,6.0,True,False,False,False,False,4,7,False,0.3964816875,0.3798810857142857,0.43782027,0.42119735,0.32072626770784174,0.3169073457323774,0.13373328,0.6592300950000001,0.17663863285714285,0.6082275428571428,-0.01660060178571432,-0.3540864312232143,0.3361385672321427,0.4635,0.5365,-0.07142857142857142,0.6363636363636364,-0.1446366809523809,0.08387642238095233,3,5,2,2,0.5,0.2857142857142857,3,bidirectional;head-side;tail-side,bidirectional:+0.3579;head-side:-0.2809;tail-side:+0.0261,0.03434293111111112,0.3333333333333333,0.6388159816666666,1,0.3333333333333333,-0.08443141071428567,True,False,no_resolved_shift,sensitivity_or_hypothesis_only,retained-contact_with_stability_caveat,0,0,False,
Pro00083,IsPETase,6EQD,207,SER,S207,catalytic Asp/His active-site rim,Cleft/rim patch,medium,5.0,True,7.0,True,5.0,True,5.0,True,False,True,False,True,4,7,False,0.6088926375,0.4434624257142858,0.779965005,0.5175603,0.41500991973866014,0.2781347377614984,0.2175353075,0.872890885,0.24525506,0.6206902728571428,-0.1654302117857142,-0.5154459474017857,0.2626144975,0.209,0.791,-0.4642857142857143,1.0,-0.3683944242857142,-0.07651424428571424,3,5,3,4,0.75,0.5714285714285714,3,bidirectional;head-side;tail-side,bidirectional:+0.5749;head-side:-0.3302;tail-side:-0.5717,-0.10900026166666665,0.6666666666666666,1.146544175,2,0.6666666666666666,-0.1600603514285715,True,True,no_resolved_shift,descriptive_core,retained-contact_with_stability_caveat,0,0,True,stable contact core
Pro00083,IsPETase,6EQD,208,ILE,I208,catalytic Asp/His active-site rim,Cleft/rim patch,medium,2.0,True,1.0,True,2.0,True,1.0,True,False,False,False,False,4,7,False,0.7341894775,0.7236595414285715,0.97087864,0.73953256,0.4881333851695521,0.3468734395653528,0.24921885000000002,0.990938635,0.4502294357142857,0.9119217228571429,-0.010529936071428492,-0.4371167905,0.5070276883571427,0.4597,0.5403,-0.21428571428571427,0.6363636363636364,-0.25442653190476194,0.11007998750000003,3,6,3,6,0.75,0.8571428571428571,3,bidirectional;head-side;tail-side,bidirectional:+0.7100;head-side:-0.3148;tail-side:-0.1562,0.07963587611111107,0.6666666666666666,1.0248093966666667,2,0.6666666666666666,-0.009628260714285797,True,True,no_resolved_shift,descriptive_core,retained-contact_with_stability_caveat,0,0,True,stable contact core
Pro00083,IsPETase,6EQD,209,ALA,A209,near S214 (flexible pair S214),W-loop/flexible or rigid pair,medium-low,7.0,True,6.0,True,,False,,False,False,False,False,False,4,7,False,0.3119297575,0.28578570571428574,0.40207474,0.17897763,0.21027848730590526,0.3479886172309065,0.107955255,0.437695285,0.06961629857142856,0.5392004585714286,-0.026144051785714273,-0.2986450320267857,0.29095470285714287,0.41735,0.58265,-0.10714285714285714,0.5454545454545454,-0.13012063761904763,0.021486899166666684,3,3,0,2,0.0,0.2857142857142857,3,bidirectional;head-side;tail-side,bidirectional:+0.1185;head-side:-0.0686;tail-side:-0.0443,0.0018886538888888832,0.6666666666666666,0.18712244333333333,0,0.0,-0.042360773928571405,True,False,no_resolved_shift,sensitivity_or_hypothesis_only,retained-contact_with_stability_caveat,0,0,False,
Pro00083,IsPETase,6EQD,210,PRO,P210,near D206 (catalytic Asp),Catalytic/oxyanion,medium-low,,False,8.0,True,,False,,False,False,False,False,False,4,7,False,0.3656105475,0.2732694128571429,0.44750656,0.25059368,0.2503080091683197,0.16562883579287474,0.1140169975,0.535308085,0.16015855142857144,0.38720159857142855,-0.09234113464285709,-0.30748354966071434,0.16463422064285646,0.2247,0.7753,-0.39285714285714285,1.0,-0.21421131714285707,-0.025068293809523745,3,6,1,1,0.25,0.14285714285714285,3,bidirectional;head-side;tail-side,bidirectional:+0.2823;head-side:-0.1438;tail-side:-0.3490,-0.07012317777777775,0.6666666666666666,0.63129609,2,0.6666666666666666,-0.02621100821428568,True,False,no_resolved_shift,sensitivity_or_hypothesis_only,retained-contact_with_stability_caveat,0,0,False,
Pro00083,IsPETase,6EQD,213,SER,S213,S214/I218 flexible-pair neighborhood,W-loop/flexible or rigid pair,medium,,False,,False,,False,8.0,True,False,False,False,False,4,7,False,0.33220847499999995,0.3372792700000001,0.38751406499999996,0.44531934,0.25840899945321827,0.1914738219850189,0.12785902,0.53655793,0.19711821714285716,0.4560501385714285,0.005070795000000128,-0.23955588049107143,0.2596874039642852,0.51015,0.51015,-0.17857142857142858,0.45454545454545453,-0.1056653633333332,0.0789365600000001,3,5,2,1,0.5,0.14285714285714285,3,bidirectional;head-side;tail-side,bidirectional:+0.4714;head-side:-0.1518;tail-side:-0.1982,0.04043939111111113,0.3333333333333333,0.669603795,1,0.3333333333333333,0.027206419642857138,True,False,no_resolved_shift,sensitivity_or_hypothesis_only,retained-contact_with_stability_caveat,0,0,False,
Pro00083,IsPETase,6EQD,224,ARG,R224,no named landmark assigned,Other/candidate,low,,False,,False,,False,,False,False,True,False,True,4,7,False,0.1772278475,0.00017854857142857142,0.0,0.0,0.35445569500000007,0.0004723951169458525,0.0,0.5316835425,0.0,0.0005356457142857142,-0.17704929892857144,-0.5315049939285715,0.00035709714285714285,0.21105,0.78895,-0.14285714285714285,0.9090909090909091,-0.2361252480952381,0.00017854857142857142,1,0,1,0,0.25,0.0,3,bidirectional;head-side;tail-side,bidirectional:-0.7089;head-side:+0.0000;tail-side:+0.0006,-0.23609549,0.5,0.7095363100000001,1,0.3333333333333333,-0.1827762617857143,True,False,no_resolved_shift,sensitivity_or_hypothesis_only,retained-contact_with_stability_caveat,0,0,False,
Pro00083,IsPETase,6EQD,237,HIS,H237,catalytic His,Catalytic/oxyanion,high,,False,,False,,False,,False,True,False,False,False,4,7,False,0.0924571925,0.16283678857142858,0.020684915,0.13060867,0.15824168375547815,0.13785375280737402,0.001874765,0.24728158749999998,0.07177227771428571,0.2558430185714286,0.07037959607142859,-0.10155449241964284,0.2190619033571425,0.7976,0.7976,0.39285714285714285,1.0,0.03956053190476193,0.14904684523809525,1,3,0,0,0.0,0.0,3,bidirectional;head-side;tail-side,bidirectional:+0.3304;head-side:-0.1248;tail-side:+0.1484,0.11799914,0.6666666666666666,0.45515144,2,0.6666666666666666,0.15050350964285703,True,False,no_resolved_shift,sensitivity_or_hypothesis_only,retained-contact_with_stability_caveat,0,0,False,
Pro00057,TfCut1,7QJR,61,TYR,Y61,oxyanion donor / active-site pocket,Catalytic/oxyanion,high,1.0,True,1.0,True,1.0,True,1.0,True,False,False,False,False,6,6,False,0.9862100566666667,0.99229263,0.99887514,0.99912511,0.020455428241400026,0.017055980325829383,0.9716702066666668,0.9995000616666667,0.9782943783333332,0.9996250466666666,0.006082573333333285,-0.014144064999999983,0.02601758166666679,0.6798,0.6798,0.027777777777777776,1.0,0.0003416239999999293,0.013040037333333254,6,6,6,6,1.0,1.0,3,bidirectional;head-side;tail-side,bidirectional:+0.0179;head-side:+0.0072;tail-side:+0.0003,0.008457277222222226,1.0,0.017560299999999973,0,0.0,0.003520393333333427,True,True,no_resolved_shift,descriptive_core,stability-supported,6,6,True,stable contact core
Pro00057,TfCut1,7QJR,62,THR,T62,catalytic/oxyanion pocket neighborhood,Catalytic/oxyanion,medium,8.0,True,3.0,True,8.0,True,2.0,True,False,False,True,False,6,6,False,0.4430071233333334,0.9080114966666667,0.27727784,0.931071115,0.372809619142476,0.0948429684295971,0.18693496499999998,0.7000999866666667,0.8346040066666666,0.975086445,0.4650043733333333,0.18076698687499998,0.7302910040833327,0.99925,0.99925,0.7777777777777778,1.0,0.3891013606666667,0.5592800886666667,5,6,2,6,0.3333333333333333,1.0,3,bidirectional;head-side;tail-side,bidirectional:+0.3445;head-side:+0.2974;tail-side:+0.7833,0.47504478499999997,1.0,0.4858767649999999,3,1.0,0.34435279166666655,True,False,L20_enriched_supported_candidate,candidate_with_caveats,stability-supported,6,6,True,supported L20 increase
Pro00057,TfCut1,7QJR,64,THR,T64,no named landmark assigned,Other/candidate,low,,False,,False,,False,,False,True,False,False,False,6,6,False,0.09867516833333334,0.4189892933333333,0.101737285,0.302212225,0.060112352322331024,0.37267347456120437,0.05476399166666666,0.141440655,0.16354205833333332,0.7066824983333334,0.32031412499999995,0.0619500659166667,0.6147366965416666,0.9963,0.9963,0.6111111111111112,1.0,0.2046869116666667,0.40381202166666663,0,4,0,2,0.0,0.3333333333333333,3,bidirectional;head-side;tail-side,bidirectional:+0.3496;head-side:+0.3158;tail-side:+0.2062,0.29049840833333335,1.0,0.14341957,3,1.0,0.4446527516666667,True,False,L20_enriched_supported_candidate,candidate_with_caveats,stability-supported,6,6,True,supported L20 increase
Pro00057,TfCut1,7QJR,67,SER,S67,no named landmark assigned,Other/candidate,low,,False,,False,,False,,False,True,False,True,False,6,6,False,0.05603466166666667,0.5287672366666667,0.053868269999999996,0.48937633,0.05281761428978345,0.3669525615933857,0.019643376666666663,0.09469649499999999,0.2694871466666667,0.7880473266666668,0.47273257500000004,0.20648981229166666,0.7384509238749999,1.0,1.0,0.8333333333333334,1.0,0.38690997033333335,0.5713869103333333,0,5,0,3,0.0,0.5,3,bidirectional;head-side;tail-side,bidirectional:+0.6567;head-side:+0.4475;tail-side:+0.2297,0.4446458083333334,1.0,0.42700913500000004,3,1.0,0.5555555566666666,True,False,L20_enriched_supported_candidate,candidate_with_caveats,stability-supported,6,6,True,supported L20 increase
Pro00057,TfCut1,7QJR,91,LEU,L91,near Y61 (oxyanion donor / active-site pocket),Catalytic/oxyanion,medium-low,6.0,True,8.0,True,6.0,True,8.0,True,False,False,False,False,6,6,False,0.7446152566666666,0.5935508083333333,0.8703912,0.67579053,0.254087361698377,0.3096296577565435,0.5517435333333334,0.9156355433333333,0.3445610983333333,0.7717160366666667,-0.15106444833333332,-0.4514451289583332,0.13447121308333246,0.15775,0.8422499999999999,-0.3888888888888889,1.0,-0.22804649166666668,-0.03235428666666662,6,5,4,5,0.6666666666666666,0.8333333333333334,3,bidirectional;head-side;tail-side,bidirectional:-0.0581;head-side:-0.2228;tail-side:-0.0539,-0.11160410388888892,1.0,0.1688330566666666,1,0.3333333333333333,-0.1358163550000001,True,True,directional_but_uncertain_L10,descriptive_core,stability-supported,6,6,True,stable contact core
Pro00057,TfCut1,7QJR,93,GLN,Q93,no named landmark assigned,Other/candidate,low,7.0,True,,False,7.0,True,,False,False,True,False,True,6,6,False,0.7406574166666666,0.4730866966666667,0.782027245,0.5131858499999999,0.24798098590179227,0.39404596792856206,0.5543057100000001,0.9139274249999999,0.1769987083333333,0.7488855549999999,-0.26757071999999993,-0.6119063236666666,0.06693225470833328,0.0601,0.9399,-0.4444444444444444,1.0,-0.3538807646666666,-0.17295338066666655,6,4,5,3,0.8333333333333334,0.5,3,bidirectional;head-side;tail-side,bidirectional:-0.0077;head-side:-0.4280;tail-side:-0.1080,-0.1812551211111111,1.0,0.4202807983333333,2,0.6666666666666666,-0.2423030433333334,True,False,directional_but_uncertain_L10,sensitivity_or_hypothesis_only,stability-supported,6,6,False,
Pro00057,TfCut1,7QJR,132,MET,M132,oxyanion donor / active-site pocket,Catalytic/oxyanion,high,3.0,True,6.0,True,3.0,True,6.0,True,False,False,False,False,6,6,False,0.8810148733333333,0.7551139450000001,0.9479440100000001,0.896075495,0.14045490619126264,0.3523600179769402,0.7740490766666667,0.9748573100000001,0.46745146483333333,0.9391117783333334,-0.12590092833333322,-0.4352794440833333,0.10498843899999982,0.2031,0.7968999999999999,-0.2777777777777778,0.9166666666666666,-0.168620589,0.01414823266666676,6,5,6,5,1.0,0.8333333333333334,3,bidirectional;head-side;tail-side,bidirectional:-0.2818;head-side:-0.0152;tail-side:-0.0254,-0.10748656388888889,1.0,0.2665291883333334,1,0.3333333333333333,-0.10600758166666657,True,True,no_resolved_shift,descriptive_core,stability-supported,6,6,True,stable contact core
Pro00057,TfCut1,7QJR,156,TRP,W156,Thermobifida W-loop equivalent,W-loop/flexible or rigid pair,high for local mapping,5.0,True,7.0,True,4.0,True,5.0,True,False,False,False,False,6,6,False,0.8790776166666667,0.7480106650000001,0.913385825,0.846519185,0.14286550124487882,0.37298075881443277,0.7641128216666667,0.9694621516666667,0.4396742066666666,0.9396325449999999,-0.1310669516666666,-0.4630494129166668,0.10986178575000011,0.21905,0.78095,-0.16666666666666666,0.9166666666666666,-0.17976503066666671,0.018535181333333428,6,5,6,5,1.0,0.8333333333333334,3,bidirectional;head-side;tail-side,bidirectional:-0.2406;head-side:-0.0719;tail-side:-0.0058,-0.10609785111111109,1.0,0.23478315500000008,1,0.3333333333333333,-0.1231721033333335,True,True,no_resolved_shift,descriptive_core,stability-supported,6,6,True,stable contact core
Pro00057,TfCut1,7QJR,158,LEU,L158,W156-equivalent neighborhood,W-loop/flexible or rigid pair,medium,,False,,False,,False,,False,False,True,False,True,6,6,False,0.3143148783333333,0.18003999666666667,0.28608924,0.14016998,0.2615702541940887,0.22702980274465936,0.14254468166666667,0.5186018433333333,0.04672332666666667,0.36237137333333336,-0.13427488166666665,-0.38497271333333327,0.1192413474999995,0.1548,0.8452,-0.3888888888888889,1.0,-0.2213764943333333,-0.04495687933333331,4,1,1,1,0.16666666666666666,0.16666666666666666,3,bidirectional;head-side;tail-side,bidirectional:+0.0895;head-side:-0.4542;tail-side:-0.0201,-0.12826174388888892,0.6666666666666666,0.5436403816666666,1,0.3333333333333333,-0.21049451833333327,True,False,directional_but_uncertain_L10,sensitivity_or_hypothesis_only,stability-supported,6,6,False,
Pro00057,TfCut1,7QJR,178,THR,T178,catalytic Asp/His active-site rim,Cleft/rim patch,medium,4.0,True,5.0,True,5.0,True,7.0,True,False,False,False,True,6,6,False,0.8607882349999999,0.7228054816666667,0.931133605,0.828333955,0.18684296274310216,0.29350950009127386,0.7024955233333333,0.9585468483333334,0.48102320500000006,0.8766404200000001,-0.1379827533333332,-0.40670697483333335,0.09353153887500004,0.1418,0.8582,-0.6111111111111112,1.0,-0.21232762633333324,-0.02071824499999997,6,5,5,5,0.8333333333333334,0.8333333333333334,3,bidirectional;head-side;tail-side,bidirectional:-0.4231;head-side:+0.1034;tail-side:-0.1052,-0.14164896222222223,0.6666666666666666,0.5264341983333334,2,0.6666666666666666,-0.11654793166666655,True,True,directional_but_uncertain_L10,descriptive_core,stability-supported,6,6,True,stable contact core
Pro00057,TfCut1,7QJR,179,ILE,I179,catalytic Asp/His active-site rim,Cleft/rim patch,medium,2.0,True,2.0,True,2.0,True,3.0,True,False,False,False,False,6,6,False,0.9659625866666667,0.9016997866666667,0.9951881,0.97494063,0.05914794728595192,0.18085540188683896,0.9168020633333334,0.99770862,0.7527809033333334,0.98693913,-0.06426279999999995,-0.2238506620833335,0.04486991408333325,0.2076,0.7924,-0.3333333333333333,0.9166666666666666,-0.08752655933333331,0.009065533333333264,6,6,6,6,1.0,1.0,3,bidirectional;head-side;tail-side,bidirectional:-0.1634;head-side:-0.0112;tail-side:-0.0088,-0.061145134444444506,1.0,0.15460567000000003,1,0.3333333333333333,-0.026267548333333224,True,True,no_resolved_shift,descriptive_core,stability-supported,6,6,True,stable contact core
Pro00057,TfCut1,7QJR,180,ALA,A180,catalytic Asp/His active-site rim,Cleft/rim patch,medium,,False,,False,,False,,False,False,True,False,False,6,6,False,0.0018747650000000002,0.00143732,6.249e-05,0.0,0.00447018207786551,0.0033403820400966116,2.0830000000000002e-05,0.005540975,0.0,0.004186976666666666,-0.0004374450000000003,-0.004478609999999999,0.002916301666666667,0.41405,0.58595,-0.1111111111111111,0.9166666666666666,-0.0017997750000000002,0.001387328,0,0,0,0,0.0,0.0,3,bidirectional;head-side;tail-side,bidirectional:-0.0055;head-side:+0.0028;tail-side:-0.0001,-0.0009165516666666669,0.6666666666666666,0.008311465,0,0.0,-0.24901053999999995,True,False,no_resolved_shift,sensitivity_or_hypothesis_only,stability-supported,6,6,False,
Pro00057,TfCut1,7QJR,210,PHE,F210,catalytic Asp/His active-site rim,Cleft/rim patch,medium,,False,4.0,True,,False,4.0,True,False,False,True,False,6,6,False,0.41771862000000004,0.90088739,0.21372328499999999,0.9357580299999999,0.4534719835060966,0.11386396399905495,0.10475774,0.7351997683333332,0.8116068833333333,0.9781693966666666,0.4831687699999999,0.13473055449999988,0.8051712297916666,0.99665,0.99665,0.5555555555555556,1.0,0.4066241719999999,0.599150106,3,6,2,6,0.3333333333333333,1.0,3,bidirectional;head-side;tail-side,bidirectional:+0.3620;head-side:+0.3935;tail-side:+0.5957,0.4503812011111111,1.0,0.23378327500000007,3,1.0,0.47658626,True,False,L20_enriched_supported_candidate,candidate_with_caveats,stability-supported,6,6,True,supported L20 increase
Pro00057,TfCut1,7QJR,213,ASN,N213,catalytic Asp/His active-site rim,Cleft/rim patch,medium,,False,,False,,False,,False,True,False,False,False,6,6,False,0.07801108333333333,0.5082489683333333,0.03080865,0.46569178999999994,0.13000825262166316,0.3999784692304142,0.014435696666666666,0.18564346333333334,0.22493021666666668,0.8024621916666667,0.430237885,0.13260789929166666,0.7359918540833332,0.9983,0.9983,0.8888888888888888,1.0,0.33741198866666666,0.5166145886666668,1,4,0,3,0.0,0.5,3,bidirectional;head-side;tail-side,bidirectional:+0.3347;head-side:+0.5187;tail-side:+0.3469,0.4001027633333334,1.0,0.18399783999999997,3,1.0,0.4805024366666667,True,False,L20_enriched_supported_candidate,candidate_with_caveats,stability-supported,6,6,True,supported L20 increase
Pro00062,LCC,4EB0,60,THR,T60,no named landmark assigned,Other/candidate,low,,False,,False,,False,,False,True,False,False,False,3,8,False,0.0029579633333333337,0.14704412,0.0,0.0,0.0051233427802591285,0.30500539445461616,0.0,0.00887389,0.012279715,0.36720410000000003,0.14408615666666666,0.006363788333333333,0.3642461366666667,0.97705,0.97705,0.16666666666666666,1.0,0.039286756666666665,0.16509245952380952,0,1,0,1,0.0,0.125,2,bidirectional;head-side,bidirectional:+0.0943;head-side:+0.0000,0.047150357500000004,1.0,0.09430071500000001,0,0.0,0.16524497,True,False,directional_but_uncertain_L20,sensitivity_or_hypothesis_only,retained-contact_with_stability_caveat,0,0,False,
Pro00062,LCC,4EB0,66,LEU,L66,no named landmark assigned,Other/candidate,low,,False,,False,,False,,False,False,False,False,True,3,8,False,0.20434945666666668,0.03987001625,0.0,0.00862392,0.3539436414457613,0.07017049656616761,0.0,0.61304837,0.004233845,0.08898887625,-0.16447944041666668,-0.56136733,0.07467816625,0.29535,0.70465,0.08333333333333333,0.9090909090909091,-0.26665416875000003,0.03987001625,1,0,1,0,0.3333333333333333,0.0,2,bidirectional;head-side,bidirectional:-0.2026;head-side:+0.0291,-0.0867599875,0.5,0.23167937500000002,1,0.5,-0.16692184375000002,True,False,no_resolved_shift,sensitivity_or_hypothesis_only,retained-contact_with_stability_caveat,0,0,False,
Pro00062,LCC,4EB0,67,SER,S67,no named landmark assigned,Other/candidate,low,,False,,False,,False,,False,False,True,False,True,3,8,False,0.20926551000000002,0.006436695,0.0,0.0,0.362458495591813,0.012827631270129338,0.0,0.62779653,0.0,0.0150918625,-0.20282881500000002,-0.61925072375,0.01287339,0.2667,0.7333000000000001,-0.16666666666666666,0.9090909090909091,-0.30746157,0.006436695,1,0,1,0,0.3333333333333333,0.0,2,bidirectional;head-side,bidirectional:-0.2966;head-side:+0.0056,-0.14548181666666665,0.5,0.3022122266666667,1,0.5,-0.21113506583333333,True,False,no_resolved_shift,sensitivity_or_hypothesis_only,retained-contact_with_stability_caveat,0,0,False,
Pro00062,LCC,4EB0,95,TYR,Y95,oxyanion/active-site pocket,Catalytic/oxyanion,medium-high,1.0,True,2.0,True,1.0,True,2.0,True,False,False,False,False,3,8,False,0.61109028,0.47889326375,0.79402575,0.43263342000000005,0.5015565020996446,0.3993316257143439,0.04374453,0.99550056,0.2252999625,0.7445163087500001,-0.13219701624999997,-0.6128737812499999,0.4228912822187494,0.3093,0.6907,-0.25,0.9090909090909091,-0.4158698912499999,0.06000812375000003,2,6,2,4,0.6666666666666666,0.5,2,bidirectional;head-side,bidirectional:-0.1632;head-side:-0.2516,-0.20739074333333335,1.0,0.08832228666666675,2,1.0,-0.12853080875,True,False,no_resolved_shift,sensitivity_or_hypothesis_only,retained-contact_with_stability_caveat,0,0,False,
Pro00062,LCC,4EB0,100,SER,S100,no named landmark assigned,Other/candidate,low,,False,,False,,False,,False,True,False,True,False,3,8,False,0.022247223333333333,0.19011686125,0.00499938,0.089801275,0.03362149420629062,0.32288271881597863,0.00074991,0.06099237999999999,0.03791713625,0.42421259875000006,0.16786963791666665,0.008707239166666669,0.40726197934374997,0.9859,0.9859,0.16666666666666666,1.0,0.058099876666666675,0.19502918952380952,0,2,0,1,0.0,0.125,2,bidirectional;head-side,bidirectional:+0.0222;head-side:-0.0178,0.002197639166666668,0.5,0.03997417166666667,0,0.0,0.17344186125,True,False,directional_but_uncertain_L20,sensitivity_or_hypothesis_only,retained-contact_with_stability_caveat,0,0,False,
Pro00062,LCC,4EB0,124,ARG,R124,near Y95 (oxyanion/active-site pocket),Catalytic/oxyanion,medium-low,6.0,True,,False,7.0,True,,False,False,True,False,False,3,8,False,0.32420947333333333,0.2026621675,0.26996625,0.15285589500000002,0.3238847353729339,0.18146386215172028,0.030871140000000002,0.67179103,0.09542479253125,0.33017747875000003,-0.12154730583333334,-0.4483502087499999,0.18201891625,0.2432,0.7568,-0.25,0.9090909090909091,-0.2682164725,0.05224347249999997,2,2,1,1,0.3333333333333333,0.125,2,bidirectional;head-side,bidirectional:+0.2076;head-side:-0.4865,-0.13946173416666668,0.5,0.6941215783333333,1,0.5,-0.1711452745833334,True,False,no_resolved_shift,sensitivity_or_hypothesis_only,retained-contact_with_stability_caveat,0,0,False,
Pro00062,LCC,4EB0,125,PHE,F125,near Y95 (oxyanion/active-site pocket),Catalytic/oxyanion,medium-low,8.0,True,3.0,True,8.0,True,3.0,True,False,False,True,False,3,8,False,0.29100529,0.47070678624999995,0.19572553,0.398825145,0.3412717695142323,0.3957956960592778,0.007499059999999999,0.66979128,0.22337481234375,0.7237689025,0.17970149624999993,-0.24504072613541664,0.5772305824583328,0.79715,0.79715,0.3333333333333333,1.0,0.03794838124999994,0.36909449124999993,1,6,1,4,0.3333333333333333,0.5,2,bidirectional;head-side,bidirectional:+0.0539;head-side:+0.5319,0.29285922749999993,1.0,0.4779819249999999,1,0.5,0.11722492833333342,True,False,no_resolved_shift,sensitivity_or_hypothesis_only,retained-contact_with_stability_caveat,0,0,False,
Pro00062,LCC,4EB0,127,TYR,Y127,no named landmark assigned,Other/candidate,low,4.0,True,1.0,True,4.0,True,1.0,True,False,False,False,False,3,8,False,0.4201558166666666,0.47884639375000004,0.59067617,0.459005125,0.36600953931107205,0.41399028271462807,0.0,0.66979128,0.217785275,0.747250345,0.05869057708333342,-0.34216114034374995,0.505758394083333,0.5922,0.5922,0.20833333333333334,0.7272727272727273,-0.15138733124999992,0.18350830875000007,2,6,2,4,0.6666666666666666,0.5,2,bidirectional;head-side,bidirectional:+0.0187;head-side:+0.1445,0.08160437833333337,1.0,0.12583843666666666,1,0.5,0.011665204583333366,True,False,no_resolved_shift,sensitivity_or_hypothesis_only,retained-contact_with_stability_caveat,0,0,False,
Pro00062,LCC,4EB0,166,MET,M166,oxyanion/active-site pocket,Catalytic/oxyanion,medium-high,3.0,True,5.0,True,3.0,True,5.0,True,False,False,False,False,3,8,False,0.43177936,0.38937320375,0.39645044,0.28833896,0.45048401389779325,0.39212332790445337,0.0,0.89888764,0.1509498825,0.66279215125,-0.04240615624999999,-0.5303399558333333,0.4432891229687495,0.44205,0.55795,0.08333333333333333,0.7272727272727273,-0.25829583625,0.19114798375,2,4,1,3,0.3333333333333333,0.375,2,bidirectional;head-side,bidirectional:+0.0211;head-side:-0.2301,-0.10453901500000001,0.5,0.25119777,1,0.5,-0.06911636041666663,True,False,no_resolved_shift,sensitivity_or_hypothesis_only,retained-contact_with_stability_caveat,0,0,False,
Pro00062,LCC,4EB0,190,TRP,W190,W-loop Trp,W-loop/flexible or rigid pair,high for local mapping,5.0,True,4.0,True,5.0,True,4.0,True,False,False,False,False,3,8,False,0.41036537,0.41855705499999996,0.49981252,0.325084365,0.37375729656177137,0.4056945809876186,0.0,0.73128359,0.164963755,0.69089801125,0.008191684999999949,-0.4019393404166667,0.4559492555104161,0.5036,0.5036,0.08333333333333333,0.5454545454545454,-0.19699100000000003,0.16865079499999996,2,4,1,4,0.3333333333333333,0.5,2,bidirectional;head-side,bidirectional:+0.0072;head-side:-0.0550,-0.023924092499999938,0.5,0.0622213949999999,0,0.0,-0.0103476666666667,False,False,no_resolved_shift,sensitivity_or_hypothesis_only,retained-contact_with_stability_caveat,0,0,False,
Pro00062,LCC,4EB0,192,THR,T192,LCC W190 W-loop neighborhood,W-loop/flexible or rigid pair,medium-high,,False,8.0,True,,False,,False,False,False,False,False,3,8,False,0.07990668,0.20527121625,0.00737408,0.086364205,0.13206776604891293,0.26741756865375543,0.0,0.23234596,0.05393075875,0.39740344875,0.12536453625,-0.08092738583333331,0.3443604707187498,0.8757,0.8757,0.25,1.0,0.047970192857142865,0.20158417625,1,3,0,1,0.0,0.125,2,bidirectional;head-side,bidirectional:-0.0551;head-side:+0.4118,0.17836312,0.5,0.46683747999999997,1,0.5,0.12119839500000001,True,False,directional_but_uncertain_L20,sensitivity_or_hypothesis_only,retained-contact_with_stability_caveat,0,0,False,
Pro00062,LCC,4EB0,211,THR,T211,LCC catalytic Asp active-site rim,Cleft/rim patch,medium,7.0,True,7.0,True,6.0,True,7.0,True,False,False,False,False,3,8,False,0.35087281,0.2508280225,0.27859018,0.28896388,0.34770115029958226,0.20096033702953753,0.04499438,0.72903387,0.12439929465625,0.3826181894374992,-0.10004478749999995,-0.4610048725,0.221476219083333,0.30345,0.69655,-0.08333333333333333,0.9090909090909091,-0.25298400249999997,0.08903574250000001,2,5,1,1,0.3333333333333333,0.125,2,bidirectional;head-side,bidirectional:+0.0048;head-side:-0.3935,-0.19434029083333332,0.5,0.39830437166666666,1,0.5,-0.08311982083333325,True,False,no_resolved_shift,sensitivity_or_hypothesis_only,retained-contact_with_stability_caveat,0,0,False,
Pro00062,LCC,4EB0,212,VAL,V212,LCC catalytic Asp active-site rim,Cleft/rim patch,medium,2.0,True,6.0,True,2.0,True,6.0,True,False,True,False,True,3,8,False,0.5258509333333333,0.33000562375,0.54605674,0.277652795,0.47944704882979533,0.33209877484661326,0.03662042,0.99487564,0.12749968625,0.556164855,-0.19584530958333335,-0.67994742921875,0.29150210580208274,0.2265,0.7735,-0.4166666666666667,0.9090909090909091,-0.4404605662500001,0.03866704374999996,2,4,2,2,0.6666666666666666,0.25,2,bidirectional;head-side,bidirectional:-0.0770;head-side:-0.4782,-0.27759029916666667,1.0,0.4011998483333332,1,0.5,-0.16473982416666666,True,False,no_resolved_shift,sensitivity_or_hypothesis_only,retained-contact_with_stability_caveat,0,0,False,
Pro00062,LCC,4EB0,243,PHE,F243,distal/subsite position,Subsite/hotspot/stability,medium,,False,,False,,False,8.0,True,False,False,False,False,3,8,False,0.18326875666666664,0.22381577125,0.21309836,0.12998375,0.11188457108830527,0.24817761168221908,0.05949256,0.27721535,0.07713098125000001,0.39359181431249995,0.040547014583333346,-0.13888889128124998,0.24013248612499993,0.64655,0.64655,-0.08333333333333333,0.8181818181818182,-0.022949512380952386,0.08752031125000001,2,3,0,1,0.0,0.125,2,bidirectional;head-side,bidirectional:-0.1467;head-side:-0.0689,-0.10784068666666666,0.0,0.07778194666666666,0,0.0,0.03851602124999998,True,False,no_resolved_shift,sensitivity_or_hypothesis_only,retained-contact_with_stability_caveat,0,0,False,
Pro00062,LCC,4EB0,247,SER,S247,no named landmark assigned,Other/candidate,low,,False,,False,,False,,False,True,False,True,False,3,8,False,0.007165770000000001,0.19338207875000002,0.00149981,0.05386827,0.011137878101492223,0.2894935110965224,0.0,0.0199975,0.038841629718750006,0.4000374975937492,0.18621630875000003,0.030122538375,0.39394347040624966,0.99635,0.99635,0.2916666666666667,1.0,0.09507145142857142,0.21384232,0,3,0,1,0.0,0.125,2,bidirectional;head-side,bidirectional:+0.0041;head-side:+0.0836,0.0438382725,1.0,0.079552555,0,0.0,0.20832291625,True,False,directional_but_uncertain_L20,sensitivity_or_hypothesis_only,retained-contact_with_stability_caveat,0,0,False,
Pro00075,FoCut5a,5AJH,42,ARG,R42,FoCut5a N-terminal cleft patch outside memo landmarks,Other/candidate,low,,False,,False,,False,,False,True,False,False,False,5,7,False,0.0,0.4106272428571428,0.0,0.10786152,0.0,0.4822044075151993,0.0,0.0,0.11264663285714285,0.7514261604285712,0.4106272428571428,0.11264663285714285,0.7514261604285712,1.0,1.0,1.0,1.0,0.31241927999999997,0.478710995,0,3,0,3,0.0,0.42857142857142855,3,bidirectional;head-side;tail-side,bidirectional:+0.0042;head-side:+0.9173;tail-side:+0.0395,0.32032107111111113,1.0,0.9130108733333334,1,0.3333333333333333,0.4844358762857143,True,False,directional_but_uncertain_L20,sensitivity_or_hypothesis_only,retained-contact_with_stability_caveat,0,0,False,
Pro00075,FoCut5a,5AJH,43,GLY,G43,FoCut5a N-terminal cleft patch outside memo landmarks,Other/candidate,low,,False,,False,,False,,False,True,False,True,False,5,7,False,9.9988e-05,0.4283750242857143,0.0,0.00737408,0.000223579964934249,0.5319893689232598,0.0,0.00029996400000000006,0.14180370285714286,0.8535004542857143,0.4282750362857143,0.14170371485714287,0.8534004662857143,0.99755,0.99755,0.4857142857142857,1.0,0.3330458686666667,0.4996708736666667,0,3,0,3,0.0,0.42857142857142855,3,bidirectional;head-side;tail-side,bidirectional:+0.0000;head-side:+0.9969;tail-side:+0.0025,0.3331250255555555,1.0,0.99691705,1,0.3333333333333333,0.4315353428571429,True,False,directional_but_uncertain_L20,sensitivity_or_hypothesis_only,retained-contact_with_stability_caveat,0,0,False,
Pro00075,FoCut5a,5AJH,44,SER,S44,FoCut5a N-terminal cleft patch outside memo landmarks,Other/candidate,low,3.0,True,4.0,True,3.0,True,4.0,True,False,False,False,False,5,7,False,0.763279588,0.60090703,0.9720035,0.52193476,0.3396817853948758,0.4040694169763072,0.460042492,0.9925009360000001,0.3207277671428571,0.86096381,-0.16237255799999994,-0.5277604577499999,0.23105067718571418,0.20535,0.79465,-0.08571428571428572,1.0,-0.296637025,-0.0649710429999999,5,6,4,4,0.8,0.5714285714285714,3,bidirectional;head-side;tail-side,bidirectional:-0.6064;head-side:+0.0089;tail-side:+0.1724,-0.14170450555555555,0.3333333333333333,0.7788609699999999,1,0.3333333333333333,-0.14344635342857148,True,True,no_resolved_shift,descriptive_core,retained-contact_with_stability_caveat,0,0,True,stable contact core
Pro00075,FoCut5a,5AJH,45,THR,T45,FoCut5a N-terminal cleft patch outside memo landmarks,Other/candidate,low,2.0,True,2.0,True,6.0,True,2.0,True,False,False,False,False,5,7,False,0.764154478,0.7482279,0.94588176,0.88451444,0.37834464867984985,0.31017593826084927,0.4191726,0.9852268439999999,0.5263806285714285,0.9399896442857143,-0.01592657800000008,-0.3509047941857142,0.3656975931071425,0.44235,0.55765,0.14285714285714285,0.5833333333333334,-0.1803747725000001,0.06788735033333326,4,7,4,5,0.8,0.7142857142857143,3,bidirectional;head-side;tail-side,bidirectional:-0.5331;head-side:+0.0213;tail-side:+0.5577,0.015331418888888818,0.3333333333333333,1.0907803266666667,1,0.3333333333333333,-0.014944563714285763,True,True,no_resolved_shift,descriptive_core,retained-contact_with_stability_caveat,0,0,True,stable contact core
Pro00075,FoCut5a,5AJH,46,GLU,E46,FoCut5a N-terminal cleft patch outside memo landmarks,Other/candidate,low,,False,8.0,True,,False,7.0,True,False,False,False,False,5,7,False,0.46759155,0.5804988671428573,0.51468566,0.48706412,0.36757191669778294,0.43228758299526243,0.18002749600000004,0.755155604,0.2927312657142857,0.8587855099999999,0.11290731714285723,-0.3028441051785715,0.5262413657142857,0.7032,0.7032,0.2,0.9166666666666666,-0.003990570357142786,0.20823290214285722,3,5,3,3,0.6,0.42857142857142855,3,bidirectional;head-side;tail-side,bidirectional:-0.8371;head-side:+0.5036;tail-side:+0.3506,0.0056937333333333395,0.6666666666666666,1.3407490800000001,2,0.6666666666666666,0.017494244571428674,True,False,no_resolved_shift,sensitivity_or_hypothesis_only,retained-contact_with_stability_caveat,0,0,False,
Pro00075,FoCut5a,5AJH,47,SER,S47,FoCut5a N-terminal cleft patch outside memo landmarks,Other/candidate,low,,False,6.0,True,,False,5.0,True,False,False,False,False,5,7,False,0.372678416,0.613709,0.52843395,0.58630171,0.3139381976661783,0.41179488092450206,0.123659542,0.607524062,0.3426893071428571,0.8757655285714286,0.24103058399999994,-0.12841404033571424,0.6076493991285714,0.89245,0.89245,0.4857142857142857,1.0,0.14786097999999992,0.3320459923333334,3,5,3,5,0.6,0.7142857142857143,3,bidirectional;head-side;tail-side,bidirectional:-0.4304;head-side:+0.5550;tail-side:+0.3993,0.17463094666666668,0.6666666666666666,0.9854601566666668,2,0.6666666666666666,0.12187761971428557,True,False,directional_but_uncertain_L20,sensitivity_or_hypothesis_only,retained-contact_with_stability_caveat,0,0,False,
Pro00075,FoCut5a,5AJH,48,GLY,G48,FoCut5a N-terminal cleft patch outside memo landmarks,Other/candidate,low,,False,,False,,False,,False,True,False,True,False,5,7,False,0.002299712,0.4400164271428571,0.00049994,0.06099238,0.0043174824164054215,0.5241832191001324,0.00014998000000000002,0.006199224000000001,0.14721374142857144,0.8571428571428571,0.4377167151428571,0.14424562967142857,0.8530183731428571,0.9998,0.9998,0.6857142857142857,1.0,0.3443861196666666,0.5110527863333333,0,3,0,3,0.0,0.42857142857142855,3,bidirectional;head-side;tail-side,bidirectional:-0.0009;head-side:+0.9965;tail-side:+0.0267,0.34076296111111115,0.6666666666666666,0.9973336666666667,1,0.3333333333333333,0.44464442200000004,True,False,directional_but_uncertain_L20,sensitivity_or_hypothesis_only,retained-contact_with_stability_caveat,0,0,False,
Pro00075,FoCut5a,5AJH,49,ASN,N49,FoCut5a N-terminal cleft patch outside memo landmarks,Other/candidate,low,,False,,False,,False,,False,False,False,True,False,5,7,False,0.0,0.4283214614285714,0.0,0.0,0.0,0.5342109165906737,0.0,0.0,0.14264288428571428,0.8562501142857143,0.4283214614285714,0.14264288428571428,0.8562501142857143,0.9804,0.9804,0.42857142857142855,1.0,0.333062535,0.49970837166666665,0,3,0,3,0.0,0.42857142857142855,3,bidirectional;head-side;tail-side,bidirectional:+0.0000;head-side:+0.9994;tail-side:+0.0000,0.33313891444444443,1.0,0.9994167433333333,1,0.3333333333333333,0.42873212142857137,True,False,directional_but_uncertain_L20,sensitivity_or_hypothesis_only,retained-contact_with_stability_caveat,0,0,False,
Pro00075,FoCut5a,5AJH,52,THR,T52,FoCut5a N-terminal cleft patch outside memo landmarks,Other/candidate,low,,False,7.0,True,8.0,True,8.0,True,False,False,False,False,5,7,False,0.601874764,0.5477172514285714,0.81902262,0.59930009,0.46299367528698004,0.4107645322320686,0.23822022199999998,0.9540557399999999,0.2558608771428571,0.8175442367142854,-0.054157512571428534,-0.5026443080857143,0.4058427543285715,0.40705,0.59295,-0.02857142857142857,0.5833333333333334,-0.20462620357142858,0.04518631892857139,4,5,3,4,0.6,0.5714285714285714,3,bidirectional;head-side;tail-side,bidirectional:-0.9750;head-side:+0.2303;tail-side:+0.3696,-0.12503992222222224,0.3333333333333333,1.3446235866666667,1,0.3333333333333333,-0.010527257428571635,True,True,no_resolved_shift,descriptive_core,retained-contact_with_stability_caveat,0,0,True,stable contact core
Pro00075,FoCut5a,5AJH,83,LEU,L83,FoCut5a flap helix,Flap/binding loop,high for +1 offset,7.0,True,3.0,True,7.0,True,3.0,True,False,False,False,False,5,7,False,0.7626046740000001,0.6393129414285713,0.97975253,0.65854268,0.38332936118180166,0.3303636843366165,0.41054868200000005,0.9951506059999999,0.39702179857142855,0.8433231542857144,-0.12329173257142878,-0.47897593382857157,0.2777439412499999,0.2586,0.7414000000000001,-0.34285714285714286,1.0,-0.2867587985714286,-0.01694788233333344,4,6,4,6,0.8,0.8571428571428571,3,bidirectional;head-side;tail-side,bidirectional:+0.4552;head-side:-0.2930;tail-side:-0.3033,-0.04704967555555554,0.6666666666666666,0.7584885233333335,2,0.6666666666666666,-0.06863427771428565,True,True,no_resolved_shift,descriptive_core,retained-contact_with_stability_caveat,0,0,True,stable contact core
Pro00075,FoCut5a,5AJH,86,ASN,N86,FoCut5a flap helix,Flap/binding loop,high for +1 offset,,False,,False,,False,,False,False,False,False,True,5,7,False,0.538107734,0.19542200142857144,0.63217098,0.01574803,0.37329082746204534,0.25119667679539065,0.25294338000000005,0.808848892,0.04944024857142858,0.3753102314285715,-0.34268573257142854,-0.6706648266642858,0.006437323792856253,0.02755,0.97245,-0.6,1.0,-0.4771814210714286,-0.23533665107142857,4,3,3,1,0.6,0.14285714285714285,3,bidirectional;head-side;tail-side,bidirectional:+0.3302;head-side:-0.3755;tail-side:-0.8205,-0.2885750355555556,0.6666666666666666,1.1506895,2,0.6666666666666666,-0.3188494305714285,True,False,directional_but_uncertain_L10,sensitivity_or_hypothesis_only,retained-contact_with_stability_caveat,0,0,False,
Pro00075,FoCut5a,5AJH,122,SER,S122,catalytic Ser; raw 5AJH S121,Catalytic/oxyanion,high for +1 offset,,False,,False,,False,,False,False,True,False,False,5,7,False,0.273440818,0.01639080857142857,0.01312336,0.0,0.3857595076011344,0.031330255590100886,0.002624672,0.606224218,0.0,0.03974503142857143,-0.2570500094285714,-0.5898334094285714,0.01639080857142857,0.0669,0.9331,-0.37142857142857144,1.0,-0.32541021392857145,-0.11578016892857143,2,0,2,0,0.4,0.0,3,bidirectional;head-side;tail-side,bidirectional:+0.0000;head-side:-0.4285;tail-side:+0.0110,-0.1391631588888889,0.5,0.43948673,1,0.3333333333333333,-0.3937364962857143,True,False,directional_but_uncertain_L10,sensitivity_or_hypothesis_only,retained-contact_with_stability_caveat,0,0,False,
Pro00075,FoCut5a,5AJH,123,GLN,Q123,FoCut5a catalytic-Ser neighborhood,Catalytic/oxyanion,high for +1 offset,,False,,False,,False,,False,False,True,False,False,5,7,False,0.238895138,0.06577749285714286,0.09623797,0.0,0.27115514728499707,0.1655499992987036,0.033495814,0.450818648,0.00035709857142857143,0.19176174428571427,-0.17311764514285716,-0.42261859942857144,0.06132804828571428,0.08095,0.91905,-0.6,1.0,-0.235645543,-0.08835948964285713,2,1,1,0,0.2,0.0,3,bidirectional;head-side;tail-side,bidirectional:+0.0170;head-side:-0.0888;tail-side:-0.4847,-0.1854907,0.6666666666666666,0.50168729,1,0.3333333333333333,-0.36471155171428576,True,False,directional_but_uncertain_L10,sensitivity_or_hypothesis_only,retained-contact_with_stability_caveat,0,0,False,
Pro00075,FoCut5a,5AJH,179,VAL,V179,FoCut5a binding loop / catalytic-His loop,Flap/binding loop,high for +1 offset,,False,,False,,False,,False,False,True,False,False,5,7,False,0.36990376199999997,0.10361204857142857,0.29046369,0.0,0.3925764817452829,0.2601373509581102,0.058092738,0.6817147859999999,0.0,0.30158730285714286,-0.2662917134285714,-0.6189976265714285,0.08723909742857136,0.06325,0.93675,-0.42857142857142855,1.0,-0.36450860366666665,-0.15854268142857142,3,1,2,1,0.4,0.14285714285714285,3,bidirectional;head-side;tail-side,bidirectional:+0.0000;head-side:-0.3855;tail-side:+0.0108,-0.12491494111111111,0.5,0.3963254566666667,1,0.3333333333333333,-0.41698359028571425,True,False,directional_but_uncertain_L10,sensitivity_or_hypothesis_only,retained-contact_with_stability_caveat,0,0,False,
Pro00075,FoCut5a,5AJH,184,LEU,L184,FoCut5a binding loop / catalytic-His loop,Flap/binding loop,high for +1 offset,6.0,True,,False,5.0,True,,False,False,False,False,False,5,7,False,0.7699787539999999,0.5198457342857143,0.99275091,0.6167979,0.4047976255116551,0.42484495706664077,0.39675040399999995,0.99850019,0.21665149000000003,0.8014176814285714,-0.2501330197142856,-0.659783066657143,0.20027577089285648,0.1315,0.8685,-0.5428571428571428,1.0,-0.42681718571428573,-0.16349206399999994,4,5,4,4,0.8,0.5714285714285714,3,bidirectional;head-side;tail-side,bidirectional:+0.8833;head-side:-0.6049;tail-side:-0.4265,-0.049382714444444496,0.6666666666666666,1.4881473266666667,2,0.6666666666666666,-0.24724766628571426,True,False,directional_but_uncertain_L10,sensitivity_or_hypothesis_only,retained-contact_with_stability_caveat,0,0,False,
Pro00075,FoCut5a,5AJH,185,ILE,I185,FoCut5a binding loop / catalytic-His loop,Flap/binding loop,high for +1 offset,5.0,True,,False,4.0,True,,False,False,False,False,True,5,7,False,0.7821272340000001,0.4705483228571429,0.95238095,0.42532183,0.3842664355497882,0.4091794973133233,0.43849519,0.960204974,0.19019051,0.7598693,-0.3115789111428572,-0.6923640811571428,0.12278589808571348,0.0784,0.9216,-0.2571428571428571,1.0,-0.48336368714285705,-0.23315419066666665,4,5,4,2,0.8,0.2857142857142857,3,bidirectional;head-side;tail-side,bidirectional:+0.9014;head-side:-0.7933;tail-side:-0.3495,-0.08047605444444443,0.6666666666666666,1.69466316,2,0.6666666666666666,-0.2952666617142856,True,False,directional_but_uncertain_L10,sensitivity_or_hypothesis_only,retained-contact_with_stability_caveat,0,0,False,
Pro00075,FoCut5a,5AJH,186,VAL,V186,FoCut5a binding loop / catalytic-His loop,Flap/binding loop,high for +1 offset,1.0,True,5.0,True,2.0,True,6.0,True,False,False,False,False,5,7,False,0.776527934,0.5859803242857142,0.99925009,0.71566054,0.3195124320139826,0.41573874351272105,0.500712412,0.9998500180000001,0.2976056571428571,0.8561072714285715,-0.19054760971428575,-0.567482636,0.18340350265714056,0.1643,0.8357,-0.42857142857142855,1.0,-0.3071580332142858,-0.09288422233333338,5,5,4,5,0.8,0.7142857142857143,3,bidirectional;head-side;tail-side,bidirectional:+0.1000;head-side:-0.6741;tail-side:+0.5071,-0.022330542222222267,0.3333333333333333,1.1812690066666665,1,0.3333333333333333,-0.20456728742857144,True,True,directional_but_uncertain_L10,descriptive_core,retained-contact_with_stability_caveat,0,0,True,stable contact core
Pro00075,FoCut5a,5AJH,190,HIS,H190,catalytic His; raw 5AJH H189,Catalytic/oxyanion,high for +1 offset,8.0,True,,False,,False,,False,False,False,False,True,5,7,False,0.5050118720000001,0.11125395285714286,0.72090989,0.0216223,0.44782740803739457,0.18063212603473738,0.167979002,0.842044742,0.01705144142857143,0.24932597999999997,-0.39375791914285724,-0.7544985412285715,-0.019413461592857627,0.019,0.981,-0.4857142857142857,1.0,-0.5200108871428571,-0.2701983646428572,3,1,3,1,0.6,0.14285714285714285,3,bidirectional;head-side;tail-side,bidirectional:-0.0595;head-side:-0.6238;tail-side:+0.0615,-0.20725186777777782,0.6666666666666666,0.6852476766666667,1,0.3333333333333333,-0.32975878000000003,True,False,directional_but_uncertain_L10,sensitivity_or_hypothesis_only,retained-contact_with_stability_caveat,0,0,False,
Pro00075,FoCut5a,5AJH,191,LEU,L191,FoCut5a binding loop / catalytic-His loop,Flap/binding loop,high for +1 offset,4.0,True,1.0,True,1.0,True,1.0,True,False,False,False,False,5,7,False,0.793800776,0.7882943214285714,0.9896263,0.90513686,0.4437997455921432,0.26291204060157264,0.396300462,0.996725412,0.5901405200000001,0.9422215085714285,-0.005506454571428621,-0.3507243764571428,0.4249620565499993,0.46185,0.53815,-0.37142857142857144,0.5,-0.2039566485714286,0.08281881399999991,4,7,4,6,0.8,0.8571428571428571,3,bidirectional;head-side;tail-side,bidirectional:-0.7313;head-side:-0.0292;tail-side:+0.7894,0.00960991,0.6666666666666666,1.5206432533333332,1,0.3333333333333333,0.04395521857142859,False,True,no_resolved_shift,descriptive_core,retained-contact_with_stability_caveat,0,0,True,stable contact core
Pro00121,HiC,4OYY,29,THR,T29,HiC N-terminal cleft patch near catalytic Ser,Cleft/rim patch,medium,8.0,True,,False,7.0,True,,False,False,False,False,False,5,8,False,0.441469816,0.5221378575,0.46706662,0.718847645,0.382417977430823,0.41952687780877723,0.158755156,0.7357080340000001,0.23543971134375002,0.7754940802812488,0.08066804149999995,-0.328636031825,0.4802732486187496,0.6525,0.6525,0.1,0.9230769230769231,-0.01907574000000012,0.2178946375,3,5,2,5,0.4,0.625,3,bidirectional;head-side;tail-side,bidirectional:+0.1867;head-side:+0.3178;tail-side:-0.1379,0.12220694611111109,0.6666666666666666,0.455693035,2,0.6666666666666666,0.07122235000000005,True,False,no_resolved_shift,sensitivity_or_hypothesis_only,stability-supported,5,8,False,
Pro00121,HiC,4OYY,38,VAL,V38,no named landmark assigned,Other/candidate,low,,False,,False,,False,,False,False,True,False,False,5,8,False,0.13605799400000002,0.0002031,0.0,0.0,0.208234880697799,0.0003891911283675413,0.0,0.32473441,0.0,0.00048431500000000003,-0.135854894,-0.32440632500000005,0.00024997,0.0718,0.9282,-0.25,1.0,-0.1698693925,-0.0519466325,2,0,0,0,0.0,0.0,3,bidirectional;head-side;tail-side,bidirectional:+0.0003;head-side:+0.0000;tail-side:-0.2265,-0.07537252333333334,0.5,0.2267841566666667,1,0.3333333333333333,-0.24358517799999999,True,False,directional_but_uncertain_L10,sensitivity_or_hypothesis_only,stability-supported,5,8,False,
Pro00121,HiC,4OYY,66,LEU,L66,HiC F70 helix / active-site cleft lip,Cleft/rim patch,medium,6.0,True,3.0,True,5.0,True,3.0,True,False,False,False,False,5,8,False,0.558730156,0.7309711299999999,0.60004999,0.75234346,0.41597264936558753,0.23211957801196384,0.22769653400000003,0.8897637780000001,0.5692569675,0.8732345962499999,0.17224097399999994,-0.17873031261250003,0.53160925726875,0.8247,0.8247,0.25,1.0,0.05743032499999989,0.2821834824999999,3,8,3,7,0.6,0.875,3,bidirectional;head-side;tail-side,bidirectional:+0.0286;head-side:+0.4610;tail-side:-0.0199,0.1565568238888888,0.6666666666666666,0.48087739500000004,1,0.3333333333333333,0.18545806725000002,True,True,directional_but_uncertain_L20,descriptive_core,stability-supported,5,8,True,stable contact core
Pro00121,HiC,4OYY,67,ALA,A67,HiC F70 helix / active-site cleft lip,Cleft/rim patch,medium,7.0,True,,False,8.0,True,,False,False,False,False,False,5,8,False,0.42794650799999995,0.3773747025,0.27509061,0.440507435,0.4068845242653621,0.25179915247387985,0.118260218,0.755655546,0.21244219375,0.5365579300000001,-0.050571805499999956,-0.4153453522812499,0.29404464894999943,0.3957,0.6043000000000001,0.0,0.7692307692307693,-0.15671478749999995,0.08206786500000002,3,6,2,2,0.4,0.25,3,bidirectional;head-side;tail-side,bidirectional:-0.6896;head-side:+0.4291;tail-side:-0.1117,-0.12408171444444444,0.6666666666666666,1.1186934966666668,2,0.6666666666666666,0.02802462299999997,False,False,no_resolved_shift,sensitivity_or_hypothesis_only,stability-supported,5,8,False,
Pro00121,HiC,4OYY,68,THR,T68,HiC F70 helix / active-site cleft lip,Cleft/rim patch,medium,,False,,False,,False,,False,False,True,False,False,5,8,False,0.24004499199999998,0.08766091874999998,0.20509936,0.00993626,0.25333973225952333,0.19120018773987174,0.045369328,0.434720656,0.0080302475,0.2266123,-0.15238407325,-0.383697345125,0.08259991349999993,0.10145,0.89855,-0.45,1.0,-0.21931543914285714,-0.06544494125000003,3,1,1,1,0.2,0.125,3,bidirectional;head-side;tail-side,bidirectional:-0.3970;head-side:-0.3538;tail-side:-0.0716,-0.274111565,1.0,0.3254384816666666,2,0.6666666666666666,-0.19389138674999995,True,False,directional_but_uncertain_L10,sensitivity_or_hypothesis_only,stability-supported,5,8,False,
Pro00121,HiC,4OYY,70,PHE,F70,HiC F70 helix / active-site cleft lip,Cleft/rim patch,medium,2.0,True,2.0,True,1.0,True,2.0,True,False,False,False,False,5,8,False,0.7045619299999999,0.8297869037500001,0.92463442,0.800212475,0.4192683536856451,0.144951405944663,0.323784528,0.969253842,0.73518935375,0.9226190512500001,0.1252249737500002,-0.16178141775624985,0.5069787394687496,0.7433,0.7433,0.15,0.9230769230769231,-0.05091550874999984,0.19505374625000016,4,8,4,8,0.8,1.0,3,bidirectional;head-side;tail-side,bidirectional:-0.1184;head-side:+0.2700;tail-side:+0.0978,0.08314933055555562,0.6666666666666666,0.3884097799999999,1,0.3333333333333333,0.12919322700000002,True,True,no_resolved_shift,descriptive_core,stability-supported,5,8,True,stable contact core
Pro00121,HiC,4OYY,104,TYR,Y104,near S105 (catalytic Ser),Catalytic/oxyanion,medium-low,,False,,False,,False,,False,False,False,False,True,5,8,False,0.36265466799999996,0.09262904500000001,0.00599925,0.0783652,0.4952311960835235,0.092717408310857,0.001899762,0.748681414,0.034433195,0.15346519125000002,-0.27002562299999994,-0.6647489372062501,0.1035724434874999,0.0781,0.9218999999999999,-0.25,1.0,-0.36053305999999996,-0.11859455249999999,2,1,2,0,0.4,0.0,3,bidirectional;head-side;tail-side,bidirectional:+0.1546;head-side:+0.0619;tail-side:-0.5607,-0.11472871555555553,0.3333333333333333,0.7152231,1,0.3333333333333333,-0.17943381975000006,True,False,directional_but_uncertain_L10,sensitivity_or_hypothesis_only,stability-supported,5,8,False,
Pro00121,HiC,4OYY,138,LEU,L138,HiC T135 candidate-region,Other/candidate,low,,False,,False,,False,,False,True,False,True,False,5,8,False,0.11176102800000001,0.42558742625,0.0,0.30102487,0.18697421126211908,0.3309662855639889,0.0,0.28428946,0.22523747,0.6434039487500001,0.31382639825,0.0561800118375,0.57325646625,0.99145,0.99145,0.7,1.0,0.23669541485714288,0.39371641125,1,7,0,3,0.0,0.375,3,bidirectional;head-side;tail-side,bidirectional:+0.1753;head-side:+0.0981;tail-side:+0.6027,0.29205377277777783,1.0,0.5046244183333334,2,0.6666666666666666,0.36919760275,True,False,L20_enriched_supported_candidate,candidate_with_caveats,stability-supported,5,8,True,supported L20 increase
Pro00121,HiC,4OYY,164,THR,T164,HiC catalytic-His-side active-site rim,Cleft/rim patch,medium,,False,8.0,True,,False,8.0,True,True,False,True,False,5,8,False,0.132258468,0.54415073,0.00699913,0.51174853,0.18776152795618162,0.3222470771935147,0.002199726,0.296737906,0.32988063875,0.7504686899999999,0.41189226200000006,0.15049907691250003,0.6625052298125,0.99855,0.99855,0.85,1.0,0.3554484248571429,0.48753905628571437,2,7,0,4,0.0,0.5,3,bidirectional;head-side;tail-side,bidirectional:+0.4793;head-side:+0.2593;tail-side:+0.5629,0.4338346572222222,1.0,0.3035453883333334,3,1.0,0.43551743224999995,True,False,L20_enriched_supported_candidate,candidate_with_caveats,stability-supported,5,8,True,supported L20 increase
Pro00121,HiC,4OYY,165,GLY,G165,HiC catalytic-His-side active-site rim,Cleft/rim patch,medium,,False,7.0,True,,False,7.0,True,True,False,True,False,5,8,False,0.320434948,0.60942382125,0.23034621,0.58392701,0.3298277482447623,0.2697295741371315,0.081314838,0.602524686,0.42478596306250005,0.7745914561562499,0.28898887325000006,-0.04024591031874996,0.5853033950812497,0.96035,0.96035,0.6,1.0,0.20888013625000007,0.41397949875000006,3,7,1,7,0.2,0.875,3,bidirectional;head-side;tail-side,bidirectional:+0.3186;head-side:+0.1867;tail-side:+0.3363,0.28056214833333337,1.0,0.149606305,3,1.0,0.30827396724999995,True,False,directional_but_uncertain_L20,sensitivity_or_hypothesis_only,stability-supported,5,8,False,
Pro00121,HiC,4OYY,166,THR,T166,HiC catalytic-His-side active-site rim,Cleft/rim patch,medium,5.0,True,4.0,True,6.0,True,4.0,True,False,False,False,False,5,8,False,0.415473068,0.6744000749999999,0.41494813,0.62392201,0.2554741712115324,0.254417161295291,0.21292338799999996,0.590426198,0.50032808375,0.8319534292812492,0.2589270069999999,0.006309912087500031,0.5214006044374999,0.9782,0.9782,0.5,1.0,0.15774590499999985,0.32600567628571436,4,8,2,7,0.4,0.875,3,bidirectional;head-side;tail-side,bidirectional:+0.2264;head-side:+0.2669;tail-side:+0.3342,0.27582663111111105,1.0,0.10781985999999999,3,1.0,0.22395013175,True,False,L20_enriched_supported_candidate,candidate_with_caveats,stability-supported,5,8,True,supported L20 increase
Pro00121,HiC,4OYY,167,LEU,L167,HiC catalytic-His-side active-site rim,Cleft/rim patch,medium,1.0,True,1.0,True,2.0,True,1.0,True,False,False,False,False,5,8,False,0.701987252,0.86682914625,0.69941257,0.89932508,0.32050984834197477,0.14802696220154576,0.443519562,0.926384202,0.7686695425,0.96248906625,0.16484189424999995,-0.08193952328749998,0.4498078340624998,0.88655,0.88655,0.35,1.0,0.040213723749999986,0.23931383625000002,5,8,4,8,0.8,1.0,3,bidirectional;head-side;tail-side,bidirectional:+0.0256;head-side:+0.1550;tail-side:+0.1513,0.1106597788888889,1.0,0.12940048999999987,2,0.6666666666666666,0.16239845025,True,True,directional_but_uncertain_L20,descriptive_core,stability-supported,5,8,True,stable contact core
Pro00121,HiC,4OYY,168,ILE,I168,HiC catalytic-His-side active-site rim,Cleft/rim patch,medium,4.0,True,6.0,True,4.0,True,6.0,True,False,False,False,False,5,8,False,0.5568553940000001,0.608517685,0.55418073,0.47062866999999997,0.25711743103737567,0.25595605898485535,0.344881892,0.7378577660000001,0.4557192045000001,0.7796095807499996,0.05166229099999997,-0.1973724351875001,0.31546329914374943,0.63525,0.63525,-0.05,0.8461538461538461,-0.04502562249999997,0.12392200750000004,4,8,3,3,0.6,0.375,3,bidirectional;head-side;tail-side,bidirectional:-0.0834;head-side:-0.0412;tail-side:+0.1315,0.002298322222222223,0.3333333333333333,0.2149522866666666,1,0.3333333333333333,0.05816147799999993,True,False,no_resolved_shift,sensitivity_or_hypothesis_only,stability-supported,5,8,False,
Pro00121,HiC,4OYY,169,ILE,I169,HiC catalytic-His-side active-site rim,Cleft/rim patch,medium,3.0,True,5.0,True,3.0,True,5.0,True,False,False,False,False,5,8,False,0.61544807,0.6918353975,0.70491189,0.83802025,0.297883520438695,0.32388702881821085,0.381652294,0.844794402,0.4771591075,0.8884514450000001,0.07638732749999999,-0.23262373133125008,0.3865993331562499,0.68855,0.68855,0.25,0.9230769230769231,-0.018575802500000016,0.15633983250000005,5,7,3,6,0.6,0.75,3,bidirectional;head-side;tail-side,bidirectional:+0.2594;head-side:+0.2115;tail-side:-0.0620,0.13630240722222225,0.6666666666666666,0.3213348283333334,2,0.6666666666666666,0.03987313974999995,True,True,no_resolved_shift,descriptive_core,stability-supported,5,8,True,stable contact core
Pro00121,HiC,4OYY,175,SER,S175,HiC catalytic-His-side active-site rim,Cleft/rim patch,medium,,False,,False,,False,,False,False,False,False,True,5,8,False,0.25289339,0.04004187,0.06274216,0.00312461,0.4255160956440353,0.07043858312729263,0.012548432000000002,0.640194978,0.005280591249999999,0.09014498125,-0.21285152,-0.5959902677000001,0.035302304712499954,0.0908,0.9092,-0.25,1.0,-0.27607486750000004,-0.026168605000000005,2,1,1,0,0.2,0.0,3,bidirectional;head-side;tail-side,bidirectional:+0.1047;head-side:+0.0015;tail-side:-0.4206,-0.10479940055555555,0.3333333333333333,0.525246845,1,0.3333333333333333,-0.17732783524999995,True,False,directional_but_uncertain_L10,sensitivity_or_hypothesis_only,stability-supported,5,8,False,
Pro00121,HiC,4OYY,176,TYR,Y176,HiC catalytic-His-side active-site rim,Cleft/rim patch,medium,,False,,False,,False,,False,False,True,False,True,5,8,False,0.24049493800000002,0.000999875,0.0,0.0,0.4335340021476046,0.002728472906664092,0.0,0.640494938,0.0,0.0029371325,-0.239495063,-0.6394325705,0.00103112125,0.07155,0.92845,-0.25,1.0,-0.29961879750000003,-0.049618797500000006,2,0,1,0,0.2,0.0,3,bidirectional;head-side;tail-side,bidirectional:+0.0027;head-side:+0.0000;tail-side:-0.4008,-0.13271952111111113,0.5,0.40349123000000003,1,0.3333333333333333,-0.23289588725000002,True,False,directional_but_uncertain_L10,sensitivity_or_hypothesis_only,stability-supported,5,8,False,
Pro00137,PHL7,7NEI,63,PHE,F63,subsite I / oxyanion-side wall,Subsite/hotspot/stability,high,1.0,True,1.0,True,1.0,True,1.0,True,False,False,False,False,3,2,True,0.7553222533333334,0.921947255,0.9480065,0.921947255,0.35461361599594243,0.020768666615467897,0.34608174,0.9718785200000001,0.90726159,0.93663292,0.1666250016666666,-0.05665958999999998,0.5758655149999999,0.705,0.705,-0.3333333333333333,0.8,-0.037995255000000006,0.27490313499999997,3,2,2,2,0.6666666666666666,1.0,1,tail-side,tail-side:-0.0114,-0.011373579999999994,0.0,0.0,0,0.0,0.17774861499999994,True,True,underpowered_descriptive,sensitivity_or_hypothesis_only,stability-supported,3,2,False,
Pro00137,PHL7,7NEI,64,THR,T64,PHL7 subsite-I adjacent patch,Subsite/hotspot/stability,medium,6.0,True,,False,7.0,True,,False,False,True,False,True,3,2,True,0.36724576000000003,0.062867145,0.21072366,0.062867145,0.3358448186687351,0.007423694892575398,0.13823272,0.7527809,0.0576178,0.06811649,-0.304378615,-0.689913755,-0.075365575,0.0,1.0,-1.0,1.0,-0.41888513499999996,-0.111611045,2,0,1,0,0.3333333333333333,0.0,1,tail-side,tail-side:-0.6847,-0.68466441,1.0,0.0,1,1.0,-0.34295713333333333,True,False,underpowered_descriptive,sensitivity_or_hypothesis_only,stability-supported,3,2,False,
Pro00137,PHL7,7NEI,93,LEU,L93,LCC-derived stability position,Subsite/hotspot/stability,high for residue identity,7.0,True,,False,8.0,True,,False,False,False,False,False,3,2,True,0.37766112333333335,0.394513185,0.19460067,0.394513185,0.44338470346308945,0.10348982211315298,0.05511811,0.88326459,0.32133483,0.46769154,0.01685206166666664,-0.488751405,0.36607924333333336,0.56995,0.56995,0.3333333333333333,0.4,-0.14441944500000004,0.269653795,1,2,1,0,0.3333333333333333,0.0,1,tail-side,tail-side:+0.1267,0.12673416,1.0,0.0,1,1.0,0.03791192500000007,True,False,underpowered_descriptive,sensitivity_or_hypothesis_only,stability-supported,3,2,False,
Pro00137,PHL7,7NEI,95,GLN,Q95,LCC-derived stability position,Subsite/hotspot/stability,high for residue identity,8.0,True,5.0,True,6.0,True,5.0,True,False,False,True,False,3,2,True,0.39757530333333335,0.763404575,0.15285589,0.763404575,0.5026785859805235,0.22642264119054092,0.06411699,0.97575303,0.60329959,0.92350956,0.3658292716666667,-0.212348455,0.8298129366666667,0.909,0.909,0.3333333333333333,1.0,0.19910011500000002,0.6549181350000001,1,2,1,2,0.3333333333333333,1.0,1,tail-side,tail-side:+0.4504,0.4504437,1.0,0.0,1,1.0,0.42144731833333343,True,False,underpowered_descriptive,sensitivity_or_hypothesis_only,stability-supported,3,2,False,
Pro00137,PHL7,7NEI,132,MET,M132,oxyanion donor / subsite I,Catalytic/oxyanion,high,3.0,True,3.0,True,3.0,True,3.0,True,False,False,False,False,3,2,True,0.6737491133333334,0.87382827,0.85639295,0.87382827,0.33579935208780654,0.04268624032900769,0.28621422,0.87864017,0.84364454,0.904012,0.20007915666666654,-0.027579890000000162,0.58761405,0.9059,0.9059,0.3333333333333333,1.0,0.006311709999999859,0.30252468499999996,3,2,2,2,0.6666666666666666,1.0,1,tail-side,tail-side:+0.0476,0.047619049999999996,1.0,0.0,0,0.0,0.2122234683333334,True,False,underpowered_descriptive,sensitivity_or_hypothesis_only,stability-supported,3,2,False,
Pro00137,PHL7,7NEI,156,TRP,W156,W-loop Trp equivalent,W-loop/flexible or rigid pair,high,5.0,True,2.0,True,5.0,True,2.0,True,False,False,True,False,3,2,True,0.4827313233333334,0.91926009,0.29021372,0.91926009,0.3573063168538698,0.01855923369590462,0.26296713,0.8950131200000001,0.90613673,0.93238345,0.43652876666666657,0.024246969999999868,0.6603341233333333,1.0,1.0,1.0,1.0,0.32664667000000003,0.642669665,3,2,1,2,0.3333333333333333,1.0,1,tail-side,tail-side:+0.6422,0.64216973,1.0,0.0,1,1.0,0.42403033,True,False,underpowered_descriptive,sensitivity_or_hypothesis_only,stability-supported,3,2,False,
Pro00137,PHL7,7NEI,158,THR,T158,PHL7 W-loop/rigid-pair neighborhood,W-loop/flexible or rigid pair,medium,,False,7.0,True,,False,8.0,True,True,False,False,False,3,2,True,0.05820105666666667,0.41607299499999995,0.07949006,0.41607299499999995,0.04718327443067759,0.2554103988324697,0.00412448,0.09098863,0.23547057,0.59667542,0.3578719383333333,0.14831479666666664,0.5674290799999999,1.0,1.0,1.0,1.0,0.17726951333333332,0.5384743633333333,0,2,0,1,0.0,0.5,1,tail-side,tail-side:+0.1560,0.15598051,1.0,0.0,1,1.0,0.5361621433333333,True,False,underpowered_descriptive,sensitivity_or_hypothesis_only,stability-supported,3,2,False,
Pro00137,PHL7,7NEI,178,THR,T178,PHL7 subsite-I adjacent patch,Subsite/hotspot/stability,medium,4.0,True,6.0,True,4.0,True,6.0,True,False,False,False,False,3,2,True,0.6071324433333333,0.67504062,0.58417698,0.67504062,0.28921050926002884,0.3275262749020375,0.33008374,0.9071366099999999,0.44344457,0.90663667,0.06790817666666671,-0.3560388300000001,0.4918551833333334,0.5971,0.5971,0.0,0.6,-0.1636878733333333,0.29950422666666676,3,2,2,1,0.6666666666666666,0.5,1,tail-side,tail-side:-0.0005,-0.0004999399999999765,0.0,0.0,0,0.0,0.08778069333333327,True,True,underpowered_descriptive,sensitivity_or_hypothesis_only,stability-supported,3,2,False,
Pro00137,PHL7,7NEI,179,ILE,I179,subsite I,Subsite/hotspot/stability,high,2.0,True,4.0,True,2.0,True,4.0,True,False,False,False,False,3,2,True,0.71161938,0.8358330199999999,0.85126859,0.8358330199999999,0.33400087456973115,0.18037807498603375,0.33045869,0.95313086,0.70828646,0.96337958,0.1242136399999999,-0.21089031000000003,0.50537433,0.6958,0.6958,0.3333333333333333,0.6,-0.06636670500000008,0.2517602,3,2,2,2,0.6666666666666666,1.0,1,tail-side,tail-side:+0.0102,0.010248719999999989,1.0,0.0,0,0.0,0.1538141116666666,True,True,underpowered_descriptive,sensitivity_or_hypothesis_only,stability-supported,3,2,False,
Pro00137,PHL7,7NEI,181,PRO,P181,PHL7 subsite-I adjacent patch,Subsite/hotspot/stability,medium,,False,8.0,True,,False,7.0,True,False,False,True,False,3,2,True,0.16918718666666668,0.51406074,0.15898013,0.51406074,0.07271774376088021,0.4192619104890011,0.10211224,0.24646919,0.2175978,0.81052368,0.34487355333333336,0.00029163000000001493,0.6894554766666666,0.9912,0.9912,0.6666666666666666,1.0,0.048410613333333324,0.6413364933333333,1,2,0,1,0.0,0.5,1,tail-side,tail-side:+0.5641,0.56405449,1.0,0.0,1,1.0,0.37222430500000003,True,False,underpowered_descriptive,sensitivity_or_hypothesis_only,stability-supported,3,2,False,
Pro00137,PHL7,7NEI,184,SER,S184,PHL7 W-loop/rigid-pair neighborhood,W-loop/flexible or rigid pair,medium,,False,,False,,False,,False,True,False,False,False,3,2,True,0.06424197,0.465316835,0.04761905,0.465316835,0.05521552028280092,0.41042418588181573,0.01924759,0.12585927,0.17510311,0.75553056,0.401074865,0.07532391333333334,0.7268258166666667,1.0,1.0,1.0,1.0,0.11086114000000001,0.69128859,0,1,0,1,0.0,0.5,1,tail-side,tail-side:+0.6297,0.62967129,1.0,0.0,1,1.0,0.4240095,True,False,underpowered_descriptive,sensitivity_or_hypothesis_only,stability-supported,3,2,False,
Pro00137,PHL7,7NEI,185,HIS,H185,rigid-pair S214-equivalent,W-loop/flexible or rigid pair,high,,False,,False,,False,,False,True,False,False,False,3,2,True,0.03778694333333333,0.43769529,0.007999,0.43769529,0.05443271394655454,0.4459518539347861,0.00474941,0.10061242,0.12235971,0.75303087,0.3999083466666667,0.052618429999999994,0.7471982633333334,1.0,1.0,1.0,1.0,0.08457276666666666,0.7152439266666667,0,1,0,1,0.0,0.5,1,tail-side,tail-side:+0.6524,0.65241845,1.0,0.0,1,1.0,0.44173644833333336,True,False,underpowered_descriptive,sensitivity_or_hypothesis_only,stability-supported,3,2,False,
Pro00137,PHL7,7NEI,209,HIS,H209,catalytic His,Catalytic/oxyanion,high,,False,,False,,False,,False,False,True,False,True,3,2,True,0.2893804933333333,0.001249845,0.15510561,0.001249845,0.3116581690233247,0.001767547749864201,0.06736658,0.64566929,0.0,0.00249969,-0.2881306483333333,-0.6444194449999999,-0.066116735,0.0,1.0,-1.0,1.0,-0.39913760499999995,-0.10998625000000001,1,0,1,0,0.3333333333333333,0.0,1,tail-side,tail-side:-0.6432,-0.6431695999999999,1.0,0.0,1,1.0,-0.31966837499999995,True,False,underpowered_descriptive,sensitivity_or_hypothesis_only,stability-supported,3,2,False,
Pro00137,PHL7,7NEI,210,LEU,L210,subsite II / PHL7 activity hotspot,Subsite/hotspot/stability,high,,False,,False,,False,,False,False,True,False,True,3,2,True,0.2925051,0.00031246,0.17972753,0.00031246,0.28151493646214176,0.0004418851696990972,0.08486439,0.61292338,0.0,0.00062492,-0.29219264,-0.6126109200000001,-0.08455193,0.0,1.0,-1.0,1.0,-0.396012995,-0.1319835,1,0,1,0,0.3333333333333333,0.0,1,tail-side,tail-side:-0.6129,-0.61292338,1.0,0.0,1,1.0,-0.3262717133333333,True,False,underpowered_descriptive,sensitivity_or_hypothesis_only,stability-supported,3,2,False,
