protein_id,protein_name,residue_number,residue_label,pet_kind,n_trajectories,mean_any_hbond_occupancy,median_any_hbond_occupancy,mean_any_hbond_occupancy_ci95_low,mean_any_hbond_occupancy_ci95_high,mean_sidechain_hbond_occupancy,median_sidechain_hbond_occupancy,mean_sidechain_hbond_occupancy_ci95_low,mean_sidechain_hbond_occupancy_ci95_high,mean_backbone_hbond_occupancy,median_backbone_hbond_occupancy,mean_backbone_hbond_occupancy_ci95_low,mean_backbone_hbond_occupancy_ci95_high,mean_protein_donor_hbond_occupancy,median_protein_donor_hbond_occupancy,mean_protein_donor_hbond_occupancy_ci95_low,mean_protein_donor_hbond_occupancy_ci95_high,mean_protein_acceptor_hbond_occupancy,median_protein_acceptor_hbond_occupancy,mean_protein_acceptor_hbond_occupancy_ci95_low,mean_protein_acceptor_hbond_occupancy_ci95_high,mean_mean_triplet_count_per_frame,median_mean_triplet_count_per_frame,mean_mean_triplet_count_per_frame_ci95_low,mean_mean_triplet_count_per_frame_ci95_high,mean_heavy_atom_contact_fraction,median_heavy_atom_contact_fraction,mean_heavy_atom_contact_fraction_ci95_low,mean_heavy_atom_contact_fraction_ci95_high,n_trajectories_ge_0_01,n_sidechain_trajectories_ge_0_01,n_trajectories_ge_0_1,n_sidechain_trajectories_ge_0_1,n_trajectories_ge_0_5,n_sidechain_trajectories_ge_0_5
Pro00057,CUT1,62,T62,PET_L10,6,0.00595759,0.00343707,0.00135400,0.01172770,0.00570762,0.00274966,0.00116652,0.01147773,0.00024997,0.00000000,0.00000000,0.00070824,0.00412448,0.00106237,0.00035412,0.00845728,0.00183310,0.00031246,0.00010415,0.00370787,0.00608257,0.00343707,0.00135400,0.01206099,0.44300712,0.27727784,0.18693496,0.70105820,1,1,0,0,0,0
Pro00057,CUT1,62,T62,PET_L20,6,0.00629088,0.00174978,0.00070824,0.01551889,0.00629088,0.00174978,0.00070824,0.01574803,0.00000000,0.00000000,0.00000000,0.00000000,0.00595759,0.00174978,0.00070824,0.01451902,0.00033329,0.00000000,0.00000000,0.00099988,0.00629088,0.00174978,0.00070824,0.01551889,0.90801150,0.93107111,0.83777028,0.97444069,1,1,0,0,0,0
Pro00057,CUT1,64,T64,PET_L10,6,0.00014582,0.00000000,0.00000000,0.00043745,0.00002083,0.00000000,0.00000000,0.00006249,0.00012498,0.00000000,0.00000000,0.00037495,0.00014582,0.00000000,0.00000000,0.00043745,0.00000000,0.00000000,0.00000000,0.00000000,0.00014582,0.00000000,0.00000000,0.00043745,0.09867517,0.10173728,0.05476399,0.14194059,0,0,0,0,0,0
Pro00057,CUT1,64,T64,PET_L20,6,0.07949006,0.00724909,0.00241636,0.18845561,0.02128901,0.00393701,0.00131234,0.04909803,0.06626255,0.00343707,0.00114569,0.15748031,0.07949006,0.00724909,0.00241636,0.18816398,0.00000000,0.00000000,0.00000000,0.00000000,0.08755156,0.00737408,0.00279132,0.20747407,0.41898929,0.30221223,0.16354206,0.70668250,2,2,2,0,0,0
Pro00057,CUT1,67,S67,PET_L10,6,0.00447861,0.00137483,0.00045828,0.00918635,0.00447861,0.00137483,0.00045828,0.00914469,0.00000000,0.00000000,0.00000000,0.00000000,0.00368704,0.00074991,0.00024997,0.00814482,0.00079157,0.00000000,0.00000000,0.00195809,0.00447861,0.00137483,0.00049994,0.00918635,0.05603466,0.05386827,0.01964338,0.09469649,1,1,0,0,0,0
Pro00057,CUT1,67,S67,PET_L20,6,0.02430946,0.01324834,0.00612423,0.05136858,0.02430946,0.01324834,0.00624922,0.05128526,0.00000000,0.00000000,0.00000000,0.00000000,0.02430946,0.01324834,0.00612423,0.05128526,0.00000000,0.00000000,0.00000000,0.00000000,0.02430946,0.01324834,0.00612423,0.05088947,0.52876724,0.48937633,0.26948715,0.78804733,3,3,0,0,0,0
Pro00057,CUT1,213,N213,PET_L10,6,0.01289422,0.00881140,0.00293713,0.02645503,0.01279007,0.00849894,0.00283298,0.02633004,0.00010415,0.00000000,0.00000000,0.00031246,0.01276924,0.00849894,0.00283298,0.02651752,0.00012498,0.00000000,0.00000000,0.00033329,0.01289422,0.00881140,0.00293713,0.02653835,0.07801108,0.03080865,0.01443570,0.18564346,3,3,0,0,0,0
Pro00057,CUT1,213,N213,PET_L20,6,0.01806024,0.01162355,0.00387452,0.03580802,0.01806024,0.01162355,0.00387452,0.03580802,0.00000000,0.00000000,0.00000000,0.00000000,0.01806024,0.01162355,0.00387452,0.03443320,0.00000000,0.00000000,0.00000000,0.00000000,0.01808107,0.01162355,0.00387452,0.03574553,0.50824897,0.46569179,0.22468024,0.80246219,3,3,0,0,0,0
Pro00121,HiC,164,T164,PET_L10,5,0.01754781,0.00000000,0.00000000,0.04319460,0.01744782,0.00000000,0.00000000,0.04294463,0.00009999,0.00000000,0.00000000,0.00024997,0.01739783,0.00000000,0.00000000,0.04289464,0.00014998,0.00000000,0.00000000,0.00029996,0.01754781,0.00000000,0.00000000,0.04319460,0.13225847,0.00699913,0.00219973,0.29673791,2,2,0,0,0,0
Pro00121,HiC,164,T164,PET_L20,8,0.03965129,0.01881015,0.01060805,0.08353643,0.03910449,0.01881015,0.01023310,0.08284980,0.00059368,0.00000000,0.00009374,0.00134358,0.03738595,0.01881015,0.00953006,0.08088051,0.00231221,0.00037495,0.00015623,0.00628046,0.03969816,0.01881015,0.01067054,0.08322397,0.54415073,0.51174853,0.33125547,0.74482643,5,5,1,1,0,0
Pro00121,HiC,166,T166,PET_L10,5,0.04771904,0.01337333,0.00492438,0.09743782,0.04509436,0.01337333,0.00492438,0.08956380,0.00262467,0.00000000,0.00000000,0.00787402,0.04489439,0.01337333,0.00472441,0.08938883,0.00282465,0.00037495,0.00009999,0.00804899,0.04774403,0.01337333,0.00497438,0.09746282,0.41547307,0.41494813,0.20692414,0.59042620,3,3,1,1,0,0
Pro00121,HiC,166,T166,PET_L20,8,0.20917698,0.18485189,0.08931696,0.37167229,0.20886452,0.18410199,0.08956420,0.37145357,0.00042182,0.00000000,0.00006249,0.00089051,0.19642857,0.14573178,0.07949006,0.36076740,0.01384202,0.00000000,0.00003125,0.04108861,0.21039558,0.18503937,0.09330084,0.37056305,0.67440007,0.62392201,0.50209349,0.83153668,8,8,5,5,1,1
