protein_id,protein_short,landmark_class,n_l10,n_l20,l10_pooled_share,l20_pooled_share,delta_share,delta_pct_points,bootstrap_ci95_low_pct_points,bootstrap_ci95_high_pct_points,bootstrap_probability_gt_zero,bootstrap_directional_probability,ci95_excludes_zero,leave_one_out_sign_agreement,leave_one_out_min_pct_points,leave_one_out_max_pct_points,common_direction_count,common_directions,direction_deltas_pct_points,direction_adjusted_delta_pct_points,direction_sign_agreement,small_n_flag,stability_warning,all_zero_both_groups,evidence_label,figure7_delta_pct_points,figure7_match_error_pct_points
Pro00083,IsPETase,Catalytic/oxyanion,4,7,0.28734668556376947,0.3291890552687813,0.04184236970501182,4.184236970501182,-18.084507588812,26.960202328153315,0.64695,0.64695,False,0.9090909090909091,-5.967982860959675,13.53447042481971,3,bidirectional;head-side;tail-side,bidirectional:+38.0093;head-side:-14.5867;tail-side:+5.6171,9.679878617763311,0.6666666666666666,False,True,False,uncertain_across_trajectories,4.184236970501187,-5.329070518200751e-15
Pro00083,IsPETase,W-loop/flexible or rigid pair,4,7,0.23060997618444484,0.25918869070042494,0.028578714515980097,2.85787145159801,-15.216159036860075,22.942788781867407,0.62515,0.62515,False,0.8181818181818182,-5.289788817943764,10.219825708519997,3,bidirectional;head-side;tail-side,bidirectional:+36.4308;head-side:-13.2462;tail-side:+0.9990,8.06123280634392,0.6666666666666666,False,True,False,uncertain_across_trajectories,2.85787145159801,0.0
Pro00083,IsPETase,Cleft/rim patch,4,7,0.156600025422798,0.14719952830892297,-0.009400497113875028,-0.9400497113875028,-11.714025003368222,11.71453007734684,0.4493,0.5507,False,0.6363636363636364,-6.472871085628756,3.24098222763069,3,bidirectional;head-side;tail-side,bidirectional:+20.6589;head-side:-9.6484;tail-side:-5.6232,1.795777186749568,0.6666666666666666,False,True,False,uncertain_across_trajectories,-0.9400497113875084,5.551115123125783e-15
Pro00083,IsPETase,Flap/binding loop,4,7,0.0,0.0,0.0,0.0,0.0,0.0,,,False,,0.0,0.0,3,bidirectional;head-side;tail-side,bidirectional:+0.0000;head-side:+0.0000;tail-side:+0.0000,0.0,,False,True,True,structural_zero_in_both_groups,0.0,0.0
Pro00083,IsPETase,Subsite/hotspot/stability,4,7,0.0,0.0,0.0,0.0,0.0,0.0,,,False,,0.0,0.0,3,bidirectional;head-side;tail-side,bidirectional:+0.0000;head-side:+0.0000;tail-side:+0.0000,0.0,,False,True,True,structural_zero_in_both_groups,0.0,0.0
Pro00083,IsPETase,Other/candidate,4,7,0.32544331282898764,0.2644227257218708,-0.06102058710711683,-6.102058710711683,-53.78013060910729,39.32984384464253,0.33405,0.66595,False,0.9090909090909091,-26.99527836097039,17.7306427645322,3,bidirectional;head-side;tail-side,bidirectional:-95.0990;head-side:+37.4813;tail-side:-0.9929,-19.536888610856806,0.6666666666666666,False,True,False,uncertain_across_trajectories,-6.1020587107116775,-5.329070518200751e-15
Pro00057,TfCut1,Catalytic/oxyanion,6,6,0.4123930655239173,0.43496911156554696,0.02257604604162966,2.257604604162966,-3.669100081099383,8.853738036430329,0.75705,0.75705,False,1.0,0.3780883076711872,4.264714063801161,3,bidirectional;head-side;tail-side,bidirectional:+16.6145;head-side:-5.2887;tail-side:-5.3407,1.9950423986357084,0.3333333333333333,False,False,False,uncertain_across_trajectories,2.2576046041629603,5.773159728050814e-15
Pro00057,TfCut1,W-loop/flexible or rigid pair,6,6,0.1473044371478429,0.07009202218351834,-0.07721241496432454,-7.721241496432454,-14.911195233027009,-1.6342482917985341,0.0057,0.9943,True,1.0,-9.846439600901135,-5.580303866349618,3,bidirectional;head-side;tail-side,bidirectional:-7.9551;head-side:-7.4957;tail-side:-6.5033,-7.3180314550007415,1.0,False,False,False,exploratory_directionally_consistent,-7.721241496432459,4.440892098500626e-15
Pro00057,TfCut1,Cleft/rim patch,6,6,0.30072361976659856,0.27483233975279,-0.025891280013808582,-2.589128001380858,-9.189596528439248,6.107377359890193,0.27275,0.72725,False,1.0,-5.0966487192164065,-0.4521030128044612,3,bidirectional;head-side;tail-side,bidirectional:-9.6300;head-side:-0.0326;tail-side:+2.5643,-2.3661048079162934,0.6666666666666666,False,False,False,uncertain_across_trajectories,-2.589128001380864,5.773159728050814e-15
Pro00057,TfCut1,Flap/binding loop,6,6,0.0,0.0,0.0,0.0,0.0,0.0,,,False,,0.0,0.0,3,bidirectional;head-side;tail-side,bidirectional:+0.0000;head-side:+0.0000;tail-side:+0.0000,0.0,,False,False,True,structural_zero_in_both_groups,0.0,0.0
Pro00057,TfCut1,Subsite/hotspot/stability,6,6,0.0,0.0,0.0,0.0,0.0,0.0,,,False,,0.0,0.0,3,bidirectional;head-side;tail-side,bidirectional:+0.0000;head-side:+0.0000;tail-side:+0.0000,0.0,,False,False,True,structural_zero_in_both_groups,0.0,0.0
Pro00057,TfCut1,Other/candidate,6,6,0.13957887756164114,0.22010652649814474,0.0805276489365036,8.05276489365036,-1.2292766583981773,16.49503175156395,0.9552,0.9552,False,1.0,4.705112109258466,10.967469717524587,3,bidirectional;head-side;tail-side,bidirectional:+0.9705;head-side:+12.8171;tail-side:+9.2797,7.689093864281342,1.0,False,False,False,uncertain_across_trajectories,8.052764893650357,3.552713678800501e-15
Pro00062,LCC,Catalytic/oxyanion,3,8,0.33287303592760575,0.23891324329988736,-0.09395979262771839,-9.395979262771839,-32.90185434179694,24.239242028756333,0.2832,0.7168,False,1.0,-23.461321962336164,-0.6496683860026276,2,bidirectional;head-side,bidirectional:+7.6548;head-side:-22.4842,-7.414719974255159,0.5,False,True,False,uncertain_across_trajectories,-9.39597926277184,1.7763568394002505e-15
Pro00062,LCC,W-loop/flexible or rigid pair,3,8,0.08334460338214592,0.08417484827034939,0.0008302448882034769,0.08302448882034769,-7.635683578156987,9.535123340634355,0.5048,0.5048,False,0.6363636363636364,-3.4386497899701385,2.222672879235643,2,bidirectional;head-side,bidirectional:+0.8550;head-side:-0.5400,0.1574827674655395,0.5,False,True,False,uncertain_across_trajectories,0.0830244888203393,8.382183835919932e-15
Pro00062,LCC,Cleft/rim patch,3,8,0.14514303586705538,0.07982371373184108,-0.0653193221352143,-6.531932213521429,-18.885789244701595,7.692090263771423,0.1836,0.8164,False,0.9090909090909091,-12.664860746577133,0.6226390904097073,2,bidirectional;head-side,bidirectional:+3.5770;head-side:-18.9714,-7.697237344161826,0.5,False,True,False,uncertain_across_trajectories,-6.531932213521429,0.0
Pro00062,LCC,Flap/binding loop,3,8,0.0,0.0,0.0,0.0,0.0,0.0,,,False,,0.0,0.0,2,bidirectional;head-side,bidirectional:+0.0000;head-side:+0.0000,0.0,,False,True,True,structural_zero_in_both_groups,0.0,0.0
Pro00062,LCC,Subsite/hotspot/stability,3,8,0.05623216055892098,0.05312399328094699,-0.003108167277973993,-0.31081672779739933,-8.246192680877789,8.491306985311818,0.48995,0.51005,False,0.5454545454545454,-2.6868716305146054,3.4705300447400043,2,bidirectional;head-side,bidirectional:-6.9102;head-side:-1.3083,-4.109241652380249,1.0,False,True,False,uncertain_across_trajectories,-0.3108167277974,6.661338147750939e-16
Pro00062,LCC,Other/candidate,3,8,0.382407164264272,0.5439642014169752,0.1615570371527032,16.15570371527032,-43.515453318253485,55.84859763035465,0.71655,0.71655,False,0.9090909090909091,-0.2583484361741828,42.25170412939806,2,bidirectional;head-side,bidirectional:-5.1765;head-side:+43.3040,19.063716203331698,0.5,False,True,False,uncertain_across_trajectories,16.15570371527032,0.0
Pro00075,FoCut5a,Catalytic/oxyanion,5,7,0.08972917329919983,0.03487565299965193,-0.054853520299547896,-5.4853520299547895,-9.412178936073397,-0.9910369932028836,0.0046,0.9954,True,1.0,-6.549959294089389,-3.8761921374480584,3,bidirectional;head-side;tail-side,bidirectional:-5.3538;head-side:-5.9013;tail-side:-3.4952,-4.916751045565048,1.0,False,True,False,exploratory_directionally_consistent,-5.4853520299547895,0.0
Pro00075,FoCut5a,W-loop/flexible or rigid pair,5,7,0.0,0.0,0.0,0.0,0.0,0.0,,,False,,0.0,0.0,3,bidirectional;head-side;tail-side,bidirectional:+0.0000;head-side:+0.0000;tail-side:+0.0000,0.0,,False,True,True,structural_zero_in_both_groups,0.0,0.0
Pro00075,FoCut5a,Cleft/rim patch,5,7,0.0,0.0,0.0,0.0,0.0,0.0,,,False,,0.0,0.0,3,bidirectional;head-side;tail-side,bidirectional:+0.0000;head-side:+0.0000;tail-side:+0.0000,0.0,,False,True,True,structural_zero_in_both_groups,0.0,0.0
Pro00075,FoCut5a,Flap/binding loop,5,7,0.4766719401094832,0.39238700318258973,-0.08428493692689348,-8.428493692689349,-31.70652462948475,15.950244825076846,0.251,0.749,False,1.0,-14.81720056608879,-0.8206031817938553,3,bidirectional;head-side;tail-side,bidirectional:+68.2345;head-side:-15.3881;tail-side:-42.8372,3.3363926761618834,0.6666666666666666,False,True,False,uncertain_across_trajectories,-8.428493692689354,5.329070518200751e-15
Pro00075,FoCut5a,Subsite/hotspot/stability,5,7,0.0,0.0,0.0,0.0,0.0,0.0,,,False,,0.0,0.0,3,bidirectional;head-side;tail-side,bidirectional:+0.0000;head-side:+0.0000;tail-side:+0.0000,0.0,,False,True,True,structural_zero_in_both_groups,0.0,0.0
Pro00075,FoCut5a,Other/candidate,5,7,0.4335988865913169,0.5727373438177583,0.13913845722644141,13.913845722644142,-9.72028057819807,35.34465832870155,0.8818,0.8818,False,1.0,7.14570979471334,21.057194491103743,3,bidirectional;head-side;tail-side,bidirectional:-62.8807;head-side:+21.2894;tail-side:+46.3324,1.5803583694031658,0.6666666666666666,False,True,False,uncertain_across_trajectories,13.913845722644142,0.0
Pro00121,HiC,Catalytic/oxyanion,5,8,0.1136469715724976,0.06168967949054078,-0.051957292081956825,-5.195729208195683,-12.971780087622605,4.993411539011282,0.144,0.856,False,1.0,-8.971105636203568,-2.7098825490608083,3,bidirectional;head-side;tail-side,bidirectional:+12.3440;head-side:+0.8079;tail-side:-11.9805,0.39046764832539554,0.3333333333333333,False,False,False,uncertain_across_trajectories,-5.195729208195679,-3.552713678800501e-15
Pro00121,HiC,W-loop/flexible or rigid pair,5,8,0.0,0.0,0.0,0.0,0.0,0.0,,,False,,0.0,0.0,3,bidirectional;head-side;tail-side,bidirectional:+0.0000;head-side:+0.0000;tail-side:+0.0000,0.0,,False,False,True,structural_zero_in_both_groups,0.0,0.0
Pro00121,HiC,Cleft/rim patch,5,8,0.7299493641803675,0.6693503849414191,-0.060598979238948414,-6.059897923894841,-20.70719367837799,4.94939821375736,0.1675,0.8325,False,1.0,-9.192904905397658,-0.70921975438758,3,bidirectional;head-side;tail-side,bidirectional:-24.9669;head-side:-16.8446;tail-side:-4.6727,-15.494702847963646,1.0,False,False,False,uncertain_across_trajectories,-6.059897923894841,0.0
Pro00121,HiC,Flap/binding loop,5,8,0.0,0.0,0.0,0.0,0.0,0.0,,,False,,0.0,0.0,3,bidirectional;head-side;tail-side,bidirectional:+0.0000;head-side:+0.0000;tail-side:+0.0000,0.0,,False,False,True,structural_zero_in_both_groups,0.0,0.0
Pro00121,HiC,Subsite/hotspot/stability,5,8,0.0,0.0,0.0,0.0,0.0,0.0,,,False,,0.0,0.0,3,bidirectional;head-side;tail-side,bidirectional:+0.0000;head-side:+0.0000;tail-side:+0.0000,0.0,,False,False,True,structural_zero_in_both_groups,0.0,0.0
Pro00121,HiC,Other/candidate,5,8,0.1564036642471348,0.26895993556804015,0.11255627132090534,11.255627132090535,-1.762150503151573,24.3785468096982,0.95385,0.95385,False,1.0,8.156705815434082,15.896325298512377,3,bidirectional;head-side;tail-side,bidirectional:+12.6229;head-side:+16.0366;tail-side:+16.6532,15.104235199638255,1.0,False,False,False,uncertain_across_trajectories,11.25562713209053,5.329070518200751e-15
Pro00137,PHL7,Catalytic/oxyanion,3,2,0.19074186864388928,0.12362739364903685,-0.06711447499485243,-6.711447499485243,-19.82591401778936,-2.0359895220826068,0.0,1.0,True,1.0,-9.24713543148278,-4.3433947639466925,1,tail-side,tail-side:-7.1644,-7.164375521626748,1.0,True,False,False,descriptive_small_n,-6.711447499485251,7.993605777301127e-15
Pro00137,PHL7,W-loop/flexible or rigid pair,3,2,0.086080857989851,0.29563418430838795,0.20955332631853696,20.955332631853697,10.976954675570049,28.511421089900434,1.0,1.0,True,1.0,16.119125567512178,24.43360852067072,1,tail-side,tail-side:+29.4170,29.417035756673567,1.0,True,False,False,descriptive_small_n,20.95533263185369,7.105427357601002e-15
Pro00137,PHL7,Cleft/rim patch,3,2,0.0,0.0,0.0,0.0,0.0,0.0,,,False,,0.0,0.0,1,tail-side,tail-side:+0.0000,0.0,,True,False,True,structural_zero_in_both_groups,0.0,0.0
Pro00137,PHL7,Flap/binding loop,3,2,0.0,0.0,0.0,0.0,0.0,0.0,,,False,,0.0,0.0,1,tail-side,tail-side:+0.0000,0.0,,True,False,True,structural_zero_in_both_groups,0.0,0.0
Pro00137,PHL7,Subsite/hotspot/stability,3,2,0.67934564642334,0.5807384220425752,-0.09860722438076486,-9.860722438076486,-14.131819574800419,0.4820409985618501,0.02835,0.97165,False,1.0,-12.016366922482835,-6.949527245615061,1,tail-side,tail-side:-13.2714,-13.271353557279964,1.0,True,False,False,descriptive_small_n,-9.860722438076497,1.0658141036401503e-14
Pro00137,PHL7,Other/candidate,3,2,0.04383162694291953,0.0,-0.04383162694291953,-4.383162694291953,-8.981306677766863,0.0,0.0,1.0,False,1.0,-6.838201182979198,0.0,1,tail-side,tail-side:-8.9813,-8.981306677766865,1.0,True,False,False,descriptive_small_n,-4.38316269429195,-3.552713678800501e-15
