criterion,angle_definition,protein_id,protein_name,residue_number,residue_label,metric,n_l10,n_l20,mean_occupancy_l10,mean_occupancy_l20,median_occupancy_l10,median_occupancy_l20,delta_l20_minus_l10,delta_ci95_low,delta_ci95_high,bootstrap_probability_delta_positive,bootstrap_direction_probability,loo_sign_agreement,direction_adjusted_delta,direction_sign_agreement,n_common_directions,ci_excludes_zero,evidence_class
DHA_ge_150,D-H-A ≥ 150°,Pro00057,CUT1,62,T62,any_residue_atom,6,6,0.004270299545890097,0.004895221430654502,0.0026246719160104987,0.0009373828271466067,0.0006249218847644046,-0.006540849060534099,0.010102903803691205,0.52425,0.52425,0.75,-0.0007776805677068144,0.3333333333333333,3,False,no_resolved_hbond_shift
DHA_ge_160,D-H-A ≥ 160°,Pro00057,CUT1,62,T62,any_residue_atom,6,6,0.0023330417031204435,0.0031871016122984627,0.001249843769528809,0.0003124609423822022,0.0008540599091780192,-0.003708390617839437,0.007186601674790652,0.58155,0.58155,0.9166666666666666,-0.0001110972239581167,0.3333333333333333,3,False,no_resolved_hbond_shift
gromacs_ADH_le_30,A-D-H ≤ 30°,Pro00057,CUT1,62,T62,any_residue_atom,6,6,0.005957588634753989,0.006290880306628339,0.0034370703662042245,0.0017497812773403325,0.0003332916718743499,-0.00843644544431946,0.010748656417947755,0.50275,0.50275,0.6666666666666666,-0.0014026024524712185,0.3333333333333333,3,False,no_resolved_hbond_shift
DHA_ge_150,D-H-A ≥ 150°,Pro00057,CUT1,64,T64,any_residue_atom,6,6,0.0001249843769528809,0.055972170145398494,0.0,0.005186851643544557,0.05584718576844561,0.0018122734658167728,0.13021289005540973,0.9984,0.9984,1.0,0.051188045938702104,1.0,3,True,resolved_L20_increase
DHA_ge_160,D-H-A ≥ 160°,Pro00057,CUT1,64,T64,any_residue_atom,6,6,6.249218847644045e-05,0.029537974419864183,0.0,0.0031871016122984627,0.029475482231387743,0.000999875015623047,0.06751239428404783,0.99855,0.99855,1.0,0.02711466622227777,1.0,3,True,resolved_L20_increase
gromacs_ADH_le_30,A-D-H ≤ 30°,Pro00057,CUT1,64,T64,any_residue_atom,6,6,0.00014581510644502772,0.07949006374203224,0.0,0.007249093863267091,0.07934424863558721,0.002562179727534058,0.1881639795025622,0.9991,0.9991,1.0,0.07299087614048244,1.0,3,True,resolved_L20_increase
DHA_ge_150,D-H-A ≥ 150°,Pro00057,CUT1,67,S67,any_residue_atom,6,6,0.003437070366204225,0.02099737532808399,0.000999875015623047,0.011623547056617924,0.017560304961879766,0.0012290130400366625,0.041682289713785785,0.9876,0.9876,1.0,0.014525962032523715,1.0,3,True,resolved_L20_increase
DHA_ge_160,D-H-A ≥ 160°,Pro00057,CUT1,67,S67,any_residue_atom,6,6,0.0019997500312460945,0.014269049702120567,0.0004999375078115236,0.007624046994125734,0.012269299670874473,0.0010415364746073409,0.029183852018497686,0.9914,0.9914,1.0,0.010116790956685969,1.0,3,True,resolved_L20_increase
gromacs_ADH_le_30,A-D-H ≤ 30°,Pro00057,CUT1,67,S67,any_residue_atom,6,6,0.004478606840811565,0.024309461317335333,0.0013748281464816899,0.013248343957005373,0.019830854476523767,0.0008748906386701668,0.04713994084072824,0.9837,0.9837,1.0,0.01622713827438237,1.0,3,True,resolved_L20_increase
DHA_ge_150,D-H-A ≥ 150°,Pro00057,CUT1,213,N213,any_residue_atom,6,6,0.011456901220680748,0.013623297087864016,0.007186601674790651,0.0055618047744032,0.0021663958671832677,-0.015206432529267178,0.01974753155855518,0.5912,0.5912,0.5833333333333334,0.00813092807843464,0.3333333333333333,3,False,no_resolved_hbond_shift
DHA_ge_160,D-H-A ≥ 160°,Pro00057,CUT1,213,N213,any_residue_atom,6,6,0.008165645960921552,0.008123984501937258,0.005061867266591676,0.001999750031246094,-4.166145898429341e-05,-0.012102653834937301,0.011790192892555095,0.4899,0.5101,0.4166666666666667,0.0039161771445236,0.6666666666666666,3,False,no_resolved_hbond_shift
gromacs_ADH_le_30,A-D-H ≤ 30°,Pro00057,CUT1,213,N213,any_residue_atom,6,6,0.01289422155563888,0.01806024246969129,0.008811398575178103,0.011623547056617922,0.0051660209140524105,-0.014602341373994918,0.025497333666624957,0.6934,0.6934,0.9166666666666666,0.01235262258884306,0.6666666666666666,3,False,no_resolved_hbond_shift
DHA_ge_150,D-H-A ≥ 150°,Pro00121,HiC,164,T164,any_residue_atom,5,8,0.016047994000749907,0.03452693413323334,0.0,0.016560429946256717,0.018478940132483437,-0.01827021622297213,0.061764154480689906,0.8134,0.8134,1.0,0.02781596744851338,0.6666666666666666,3,False,directional_but_unresolved
DHA_ge_160,D-H-A ≥ 160°,Pro00121,HiC,164,T164,any_residue_atom,5,8,0.012298462692163479,0.024246969128858892,0.0,0.010811148606424197,0.011948506436695414,-0.01559547244094488,0.045925509311336085,0.76595,0.76595,0.9230769230769231,0.019157327556277685,0.6666666666666666,3,False,no_resolved_hbond_shift
gromacs_ADH_le_30,A-D-H ≤ 30°,Pro00121,HiC,164,T164,any_residue_atom,5,8,0.017547806524184476,0.03965129358830146,0.0,0.01881014873140857,0.022103487064116984,-0.017145122484689405,0.07026246719160083,0.83285,0.83285,1.0,0.03264175311419406,0.6666666666666666,3,False,directional_but_unresolved
DHA_ge_150,D-H-A ≥ 150°,Pro00121,HiC,166,T166,any_residue_atom,5,8,0.0396700412448444,0.1806336707911511,0.009373828271466067,0.15335583052118484,0.1409636295463067,0.025606096112985876,0.2965562898387697,0.995,0.995,1.0,0.13588579205377105,0.6666666666666666,3,True,resolved_L20_increase
DHA_ge_160,D-H-A ≥ 160°,Pro00121,HiC,166,T166,any_residue_atom,5,8,0.02634670666166729,0.12601549806274215,0.005124359455068116,0.09886264216972879,0.09966879140107486,0.01593011811023622,0.21309062929633782,0.994,0.994,1.0,0.09617547806524185,0.6666666666666666,3,True,resolved_L20_increase
gromacs_ADH_le_30,A-D-H ≤ 30°,Pro00121,HiC,166,T166,any_residue_atom,5,8,0.047719035120609925,0.2091769778777653,0.013373328333958255,0.18485189351331083,0.16145794275715536,0.03040237157855268,0.3274375078115235,0.99515,0.99515,1.0,0.15507783749253565,0.6666666666666666,3,True,resolved_L20_increase
DHA_ge_150,D-H-A ≥ 150°,Pro00057,CUT1,62,T62,sidechain_only,6,6,0.004124484439445069,0.004895221430654502,0.0021872265966754157,0.0009373828271466067,0.0007707369912094324,-0.006478356872057659,0.010270070407865638,0.5333,0.5333,0.8333333333333334,-0.0006318654612617867,0.3333333333333333,3,False,no_resolved_hbond_shift
DHA_ge_160,D-H-A ≥ 160°,Pro00057,CUT1,62,T62,sidechain_only,6,6,0.0023122109736282968,0.0031871016122984627,0.0011873515810523684,0.0003124609423822022,0.0008748906386701659,-0.00372870057909428,0.007353247510727826,0.5844,0.5844,0.9166666666666666,-9.026649446596992e-05,0.3333333333333333,3,False,no_resolved_hbond_shift
gromacs_ADH_le_30,A-D-H ≤ 30°,Pro00057,CUT1,62,T62,sidechain_only,6,6,0.005707619880848227,0.006290880306628339,0.0027496562929633797,0.0017497812773403325,0.0005832604257801112,-0.008311461067366578,0.011144440278298544,0.5242,0.5242,0.6666666666666666,-0.0011526336985654567,0.3333333333333333,3,False,no_resolved_hbond_shift
DHA_ge_150,D-H-A ≥ 150°,Pro00057,CUT1,64,T64,sidechain_only,6,6,2.0830729492146813e-05,0.01843519560054993,0.0,0.0031871016122984627,0.018414364871057784,0.0010415364746073409,0.04236970378702662,0.98515,0.98515,1.0,0.01785193517476982,1.0,3,True,resolved_L20_increase
DHA_ge_160,D-H-A ≥ 160°,Pro00057,CUT1,64,T64,sidechain_only,6,6,2.0830729492146813e-05,0.012352622588843063,0.0,0.0024371953505811774,0.012331791859350917,0.0007707369912094322,0.027954838978461027,0.98465,0.98465,1.0,0.012033218069963478,1.0,3,True,resolved_L20_increase
gromacs_ADH_le_30,A-D-H ≤ 30°,Pro00057,CUT1,64,T64,sidechain_only,6,6,2.0830729492146813e-05,0.021289005540974043,0.0,0.003937007874015748,0.021268174811481896,0.0012915052285131026,0.04909802941299004,0.98325,0.98325,1.0,0.020775180880167755,1.0,3,True,resolved_L20_increase
DHA_ge_150,D-H-A ≥ 150°,Pro00057,CUT1,67,S67,sidechain_only,6,6,0.003437070366204225,0.02099737532808399,0.000999875015623047,0.011623547056617924,0.017560304961879766,0.0013326459192600929,0.0416203182935466,0.9878,0.9878,1.0,0.014525962032523715,1.0,3,True,resolved_L20_increase
DHA_ge_160,D-H-A ≥ 160°,Pro00057,CUT1,67,S67,sidechain_only,6,6,0.0019997500312460945,0.014269049702120567,0.0004999375078115236,0.007624046994125734,0.012269299670874473,0.0011456901220680753,0.028892221805607632,0.99235,0.99235,1.0,0.010116790956685969,1.0,3,True,resolved_L20_increase
gromacs_ADH_le_30,A-D-H ≤ 30°,Pro00057,CUT1,67,S67,sidechain_only,6,6,0.004478606840811565,0.024309461317335333,0.0013748281464816899,0.013248343957005373,0.019830854476523767,0.0008748906386701659,0.047181602299712536,0.9828,0.9828,1.0,0.01622713827438237,1.0,3,True,resolved_L20_increase
DHA_ge_150,D-H-A ≥ 150°,Pro00057,CUT1,213,N213,sidechain_only,6,6,0.011352747573220015,0.013623297087864016,0.006874140732408449,0.0055618047744032,0.002270549514644001,-0.014956463775361415,0.020018851810190353,0.596,0.596,0.6666666666666666,0.008235081725895375,0.3333333333333333,3,False,no_resolved_hbond_shift
DHA_ge_160,D-H-A ≥ 160°,Pro00057,CUT1,213,N213,sidechain_only,6,6,0.008082323042952965,0.008123984501937258,0.004811898512685914,0.001999750031246094,4.166145898429341e-05,-0.012102653834937301,0.012019330916968711,0.50165,0.50165,0.5833333333333334,0.003999500062492188,0.3333333333333333,3,False,no_resolved_hbond_shift
gromacs_ADH_le_30,A-D-H ≤ 30°,Pro00057,CUT1,213,N213,sidechain_only,6,6,0.012790067908178144,0.01806024246969129,0.0084989376327959,0.011623547056617922,0.005270174561513146,-0.014624213639961673,0.025330167062450525,0.6984,0.6984,0.9166666666666666,0.012456776236303794,0.6666666666666666,3,False,no_resolved_hbond_shift
DHA_ge_150,D-H-A ≥ 150°,Pro00121,HiC,164,T164,sidechain_only,5,8,0.01597300337457818,0.03402699662542182,0.0,0.016560429946256717,0.018053993250843642,-0.017869719410073745,0.06262029746281715,0.80715,0.80715,0.9230769230769231,0.02744101431765474,0.6666666666666666,3,False,directional_but_unresolved
DHA_ge_160,D-H-A ≥ 160°,Pro00121,HiC,164,T164,sidechain_only,5,8,0.012248468941382328,0.023934508186476692,0.0,0.010811148606424197,0.011686039245094364,-0.01593558617672791,0.04549759405074364,0.7617,0.7617,0.9230769230769231,0.018935133108361455,0.6666666666666666,3,False,no_resolved_hbond_shift
gromacs_ADH_le_30,A-D-H ≤ 30°,Pro00121,HiC,164,T164,sidechain_only,5,8,0.01744781902262217,0.03910448693913261,0.0,0.01881014873140857,0.02165666791651044,-0.01821061429821271,0.07028824521934757,0.8295,0.8295,1.0,0.032239025677345885,0.6666666666666666,3,False,directional_but_unresolved
DHA_ge_150,D-H-A ≥ 150°,Pro00121,HiC,166,T166,sidechain_only,5,8,0.03737032870891139,0.18039932508436446,0.009373828271466067,0.15285589301337332,0.14302899637545308,0.027855580552430953,0.2975366360454942,0.99625,0.99625,1.0,0.13948256467941508,0.6666666666666666,3,True,resolved_L20_increase
DHA_ge_160,D-H-A ≥ 160°,Pro00121,HiC,166,T166,sidechain_only,5,8,0.02469691288588926,0.1259217597800275,0.005124359455068116,0.0987376577927759,0.10122484689413824,0.017578974503187097,0.2196945694288214,0.9964,0.9964,1.0,0.0988279242872419,0.6666666666666666,3,True,resolved_L20_increase
gromacs_ADH_le_30,A-D-H ≤ 30°,Pro00121,HiC,166,T166,sidechain_only,5,8,0.045094363204599426,0.2088645169353831,0.013373328333958255,0.18410198725159355,0.16377015373078369,0.036468488313960754,0.32776863829521313,0.99745,0.99745,1.0,0.15914677332000166,0.6666666666666666,3,True,resolved_L20_increase
