analysis_target,protein_id,protein_name,metric_id,metric_label,scope,criterion_group,n_l10,n_l20,mean_l10,mean_l10_ci95_low,mean_l10_ci95_high,mean_l20,mean_l20_ci95_low,mean_l20_ci95_high,delta_l20_minus_l10,delta_ci95_low,delta_ci95_high,bootstrap_probability_delta_positive,bootstrap_direction_probability,loo_sign_agreement,direction_adjusted_delta,direction_sign_agreement,n_common_directions,ci_excludes_zero,evidence_class
CUT1_F210,Pro00057,CUT1,F210_any_pi_d0p50_a30_o0p20_any,"F210 any pi-like geometry (d<0.50 nm; angular deviation<30 deg; offset<0.20 nm), any PET unit",any_pet_unit,aromatic_geometry,6,6,0.04009915427238262,0.005811773528308961,0.0958421863933675,0.11811023622047244,0.04428613090030412,0.19945423488730576,0.07801108194808981,-0.01797952339290922,0.17297889847102443,0.9467,0.9467,1.0,0.09647405185462928,0.6666666666666666,3,False,bootstrap_interval_includes_zero
CUT1_F210,Pro00057,CUT1,F210_any_pi_d0p50_a30_o0p20_per_ring,"F210 any pi-like geometry (d<0.50 nm; angular deviation<30 deg; offset<0.20 nm), per PET ring",per_pet_ring,aromatic_geometry,6,6,0.004270299545890098,0.0005895096446277549,0.01024246969128859,0.0059544640253301655,0.00225180185810107,0.010078948464775236,0.0016841644794400677,-0.0054139326334208225,0.007795926550847808,0.70775,0.70775,1.0,0.0026083545112416495,0.6666666666666666,3,False,bootstrap_interval_includes_zero
CUT1_F210,Pro00057,CUT1,F210_any_pi_d0p55_a20_o0p20_any,"F210 any pi-like geometry (d<0.55 nm; angular deviation<20 deg; offset<0.20 nm), any PET unit",any_pet_unit,aromatic_geometry,6,6,0.036891221930592,0.005499312585926759,0.08442694663167104,0.0869891263592051,0.03499562554680665,0.14321126525850936,0.050097904428613095,-0.022081094029912936,0.11965535558055211,0.91475,0.91475,1.0,0.0648182866030635,0.6666666666666666,3,False,bootstrap_interval_includes_zero
CUT1_F210,Pro00057,CUT1,F210_any_pi_d0p55_a20_o0p20_per_ring,"F210 any pi-like geometry (d<0.55 nm; angular deviation<20 deg; offset<0.20 nm), per PET ring",per_pet_ring,aromatic_geometry,6,6,0.004064075323917843,0.0005978419364246136,0.009350914469024705,0.004426530017081198,0.001800816564596092,0.007376161313169187,0.00036245469316335474,-0.005629504645252676,0.00533378640169978,0.5778,0.5778,0.5,0.0011029871266091736,0.6666666666666666,3,False,bootstrap_interval_includes_zero
CUT1_F210,Pro00057,CUT1,F210_any_pi_d0p55_a30_o0p15_any,"F210 any pi-like geometry (d<0.55 nm; angular deviation<30 deg; offset<0.15 nm), any PET unit",any_pet_unit,aromatic_geometry,6,6,0.035099779194267385,0.005415989667958172,0.07730283714535684,0.09521726450860309,0.037974419864183644,0.15395992167645714,0.0601174853143357,-0.015978731825188514,0.13473472065991737,0.93955,0.93955,1.0,0.07787221041814217,1.0,3,False,bootstrap_interval_includes_zero
CUT1_F210,Pro00057,CUT1,F210_any_pi_d0p55_a30_o0p15_per_ring,"F210 any pi-like geometry (d<0.55 nm; angular deviation<30 deg; offset<0.15 nm), per PET ring",per_pet_ring,aromatic_geometry,6,6,0.0038557680289963755,0.0005811773528308961,0.00863642044744407,0.004835853851601884,0.001919551722701329,0.007853185018539351,0.0009800858226055083,-0.004788984710244552,0.0060034162396367125,0.6535,0.6535,1.0,0.0018692107930953078,0.6666666666666666,3,False,bootstrap_interval_includes_zero
CUT1_F210,Pro00057,CUT1,F210_any_pi_d0p55_a30_o0p20_any,"F210 any pi-like geometry (d<0.55 nm; angular deviation<30 deg; offset<0.20 nm), any PET unit",any_pet_unit,aromatic_geometry,6,6,0.0588676415448069,0.011415239761696455,0.1294838145231846,0.1514602341373995,0.06451276923717869,0.2429696287964004,0.09259259259259262,-0.022101924759405096,0.20414114902303881,0.9424,0.9424,1.0,0.11202071963226819,1.0,3,False,bootstrap_interval_includes_zero
CUT1_F210,Pro00057,CUT1,F210_any_pi_d0p55_a30_o0p20_per_ring,"F210 any pi-like geometry (d<0.55 nm; angular deviation<30 deg; offset<0.20 nm), per PET ring",per_pet_ring,aromatic_geometry,6,6,0.00674082406365871,0.0012123484564429444,0.015118943465400159,0.007793817439486731,0.003277715285589301,0.012593217514477355,0.001052993375828021,-0.008473940757405329,0.008963514977294501,0.60475,0.60475,0.5833333333333334,0.0020313433043091834,0.6666666666666666,3,False,bootstrap_interval_includes_zero
CUT1_F210,Pro00057,CUT1,F210_any_pi_d0p55_a30_o0p25_any,"F210 any pi-like geometry (d<0.55 nm; angular deviation<30 deg; offset<0.25 nm), any PET unit",any_pet_unit,aromatic_geometry,6,6,0.08392700912385952,0.014893971586884972,0.17163062950464472,0.21118193559138443,0.10177894429862934,0.32643836187143277,0.1272549264675249,-0.018458630171228594,0.26784256134649825,0.95665,0.95665,1.0,0.1452665639017345,1.0,3,False,bootstrap_interval_includes_zero
CUT1_F210,Pro00057,CUT1,F210_any_pi_d0p55_a30_o0p25_per_ring,"F210 any pi-like geometry (d<0.55 nm; angular deviation<30 deg; offset<0.25 nm), per PET ring",per_pet_ring,aromatic_geometry,6,6,0.009967504061992254,0.0016518768487272428,0.02111819355913844,0.01109965420989043,0.005249343832020997,0.017797098279381713,0.0011321501478981765,-0.011721477523642882,0.01205997687789026,0.5922,0.5922,0.5833333333333334,0.0020487022455526385,0.6666666666666666,3,False,bootstrap_interval_includes_zero
CUT1_F210,Pro00057,CUT1,F210_any_pi_d0p55_a40_o0p20_any,"F210 any pi-like geometry (d<0.55 nm; angular deviation<40 deg; offset<0.20 nm), any PET unit",any_pet_unit,aromatic_geometry,6,6,0.08740574094904803,0.01562304711911011,0.1722076407115777,0.22963796192142646,0.09338416031329416,0.37818189392992546,0.14223222097237842,-0.022622172228471432,0.3085458067741531,0.9531,0.9531,1.0,0.16686108680859335,1.0,3,False,bootstrap_interval_includes_zero
CUT1_F210,Pro00057,CUT1,F210_any_pi_d0p55_a40_o0p20_per_ring,"F210 any pi-like geometry (d<0.55 nm; angular deviation<40 deg; offset<0.20 nm), per PET ring",per_pet_ring,aromatic_geometry,6,6,0.009992500937382827,0.001672707578219389,0.020657834437361997,0.011927675707203267,0.004761904761904762,0.01968920551597717,0.0019351747698204396,-0.011315252260134152,0.013503963046285842,0.62975,0.62975,0.75,0.0031756447110777813,0.6666666666666666,3,False,bootstrap_interval_includes_zero
CUT1_F210,Pro00057,CUT1,F210_any_pi_d0p60_a30_o0p20_any,"F210 any pi-like geometry (d<0.60 nm; angular deviation<30 deg; offset<0.20 nm), any PET unit",any_pet_unit,aromatic_geometry,6,6,0.06380452443444569,0.01314419030954464,0.1375869682956297,0.15843852851726867,0.06809565470982794,0.2541197975253089,0.09463400408282298,-0.024457880264966873,0.2094321543140441,0.9393,0.9393,1.0,0.11406213112249859,1.0,3,False,bootstrap_interval_includes_zero
CUT1_F210,Pro00057,CUT1,F210_any_pi_d0p60_a30_o0p20_per_ring,"F210 any pi-like geometry (d<0.60 nm; angular deviation<30 deg; offset<0.20 nm), per PET ring",per_pet_ring,aromatic_geometry,6,6,0.00746156730408699,0.0015143940340790734,0.016335458067741535,0.008192725909261341,0.003467274923967838,0.013283756197142024,0.0007311586051743516,-0.009157188684747741,0.009252046619172598,0.5813,0.5813,0.5,0.001707078281881431,0.6666666666666666,3,False,bootstrap_interval_includes_zero
CUT1_F210,Pro00057,CUT1,F210_aromatic_proximity_d0p55_any,"F210 aromatic-ring proximity (<0.55 nm), any PET unit",any_pet_unit,aromatic_proximity,6,6,0.25067699870849475,0.029975419739199264,0.4725659292588426,0.5964046160896554,0.4691496896221306,0.7315335583052119,0.3457276173811607,0.06688643086280883,0.6025585343498722,0.99245,0.99245,1.0,0.34982432751461623,1.0,3,True,bootstrap_interval_above_zero
CUT1_F210,Pro00057,CUT1,F210_aromatic_proximity_d0p55_per_ring,"F210 aromatic-ring proximity (<0.55 nm), per PET ring",per_pet_ring,aromatic_proximity,6,6,0.03431446069241345,0.003955755530558681,0.06741240678248553,0.0344071574386535,0.025322876307128272,0.044674624005332675,9.269674624005214e-05,-0.0362506769987085,0.03220232887555721,0.51335,0.51335,0.5,0.0002642030857253966,0.3333333333333333,3,False,bootstrap_interval_includes_zero
CUT1_F210,Pro00057,CUT1,F210_parallel_pi_PLIP_any,"F210 parallel-like geometry (PLIP-like), any PET unit",any_pet_unit,aromatic_geometry,6,6,0.02885056034662334,0.0014581510644502771,0.07405324334458192,0.09278006915802191,0.02597591967670708,0.16489605465983417,0.06392950881139857,-0.015269445485980915,0.14658636420447438,0.9392,0.9392,1.0,0.0809968198419642,0.6666666666666666,3,False,bootstrap_interval_includes_zero
CUT1_F210,Pro00057,CUT1,F210_t_shaped_pi_PLIP_any,"F210 T-shaped-like geometry (PLIP-like), any PET unit",any_pet_unit,aromatic_geometry,6,6,0.03701620630754489,0.00883222930467025,0.07392825896762904,0.05980502437195351,0.02145565137691122,0.1134649835437237,0.02278881806440862,-0.030371724367787366,0.08463681623130427,0.7786,0.7786,0.9166666666666666,0.025364884944937438,1.0,3,False,bootstrap_interval_includes_zero
CUT1_T64,Pro00057,CUT1,T64_any_native_ADH_le_30,"T64 H-bond occupancy, any residue atom; GROMACS A-D-H <=30 deg",frame_occupancy,hbond_decomposition,6,6,0.00014581510644502772,0.0,0.0004374453193350831,0.07949006374203224,0.0024163646210890303,0.18845560971545225,0.07934424863558721,0.0024163646210890303,0.1881639795025622,0.9988,0.9988,1.0,0.07299087614048244,1.0,3,True,bootstrap_interval_above_zero
CUT1_T64,Pro00057,CUT1,T64_any_strict_DHA_ge_160,"T64 H-bond occupancy, any residue atom; D-H-A >=160 deg",frame_occupancy,hbond_decomposition,6,6,6.249218847644045e-05,0.0,0.00018747656542932134,0.029537974419864183,0.0010623672040994876,0.06769987084947715,0.029475482231387743,0.000999875015623047,0.06757488647252427,0.99875,0.99875,1.0,0.02711466622227777,1.0,3,True,bootstrap_interval_above_zero
CUT1_T64,Pro00057,CUT1,T64_backbone_native_ADH_le_30,"T64 H-bond occupancy, backbone N; GROMACS A-D-H <=30 deg",frame_occupancy,hbond_decomposition,6,6,0.0001249843769528809,0.0,0.0003749531308586427,0.06626255051451901,0.0011456901220680748,0.15739699204266136,0.06613756613756613,0.001020705745115194,0.15739699204266133,0.9933,0.9933,1.0,0.05952728131205822,1.0,3,True,bootstrap_interval_above_zero
CUT1_T64,Pro00057,CUT1,T64_backbone_only_native_ADH_le_30,"T64 H-bond occupancy, backbone only; GROMACS A-D-H <=30 deg",frame_occupancy,hbond_decomposition,6,6,0.0001249843769528809,0.0,0.0003749531308586427,0.0582010582010582,0.0011040286630837812,0.13808690580344124,0.05807607382410532,0.0009790442861309003,0.13804524434445695,0.99015,0.99015,1.0,0.052215695260314686,1.0,3,True,bootstrap_interval_above_zero
CUT1_T64,Pro00057,CUT1,T64_backbone_only_strict_DHA_ge_160,"T64 H-bond occupancy, backbone only; D-H-A >=160 deg",frame_occupancy,hbond_decomposition,6,6,4.1661458984293626e-05,0.0,0.00012498437695288088,0.01718535183102112,0.0002499687539057618,0.03918260217472816,0.017143690372036828,0.00020830729492146818,0.039140940715743866,0.9838,0.9838,1.0,0.015081448152314292,1.0,3,True,bootstrap_interval_above_zero
CUT1_T64,Pro00057,CUT1,T64_backbone_strict_DHA_ge_160,"T64 H-bond occupancy, backbone N; D-H-A >=160 deg",frame_occupancy,hbond_decomposition,6,6,4.1661458984293626e-05,0.0,0.00012498437695288088,0.019143440403282922,0.0002499687539057618,0.043932008498937636,0.01910177894429863,0.00020830729492146818,0.04393200849893763,0.9848,0.9848,1.0,0.01685206015914677,1.0,3,True,bootstrap_interval_above_zero
CUT1_T64,Pro00057,CUT1,T64_both_native_ADH_le_30,"T64 H-bond occupancy, backbone and side-chain simultaneously; GROMACS A-D-H <=30 deg",frame_occupancy,hbond_decomposition,6,6,0.0,0.0,0.0,0.008061492313460818,4.1661458984293626e-05,0.0193100862392201,0.008061492313460818,4.1661458984293626e-05,0.0193100862392201,0.9835,0.9835,1.0,0.0073115860517435315,1.0,3,True,bootstrap_interval_above_zero
CUT1_T64,Pro00057,CUT1,T64_both_strict_DHA_ge_160,"T64 H-bond occupancy, backbone and side-chain simultaneously; D-H-A >=160 deg",frame_occupancy,hbond_decomposition,6,6,0.0,0.0,0.0,0.0019580885722618006,0.0,0.004749406324209474,0.0019580885722618006,0.0,0.004749406324209474,0.913,0.913,1.0,0.0017706120068324794,1.0,3,False,bootstrap_interval_includes_zero
CUT1_T64,Pro00057,CUT1,T64_pair_N_O2_native_ADH_le_30,T64 backbone N...PET O2; GROMACS A-D-H <=30 deg,frame_occupancy,hbond_pair,6,6,0.0001249843769528809,0.0,0.0003749531308586427,8.332291796858725e-05,0.0,0.00024996875390576176,-4.166145898429365e-05,-0.0003332916718743491,0.0001666458359371745,0.32505,0.6749499999999999,0.9166666666666666,4.1661458984293606e-05,0.5,3,False,bootstrap_interval_includes_zero
CUT1_T64,Pro00057,CUT1,T64_pair_N_O2_strict_DHA_ge_160,T64 backbone N...PET O2; D-H-A >=160 deg,frame_occupancy,hbond_pair,6,6,4.1661458984293626e-05,0.0,0.00012498437695288088,0.0,0.0,0.0,-4.1661458984293626e-05,-0.00012498437695288088,0.0,0.0,1.0,1.0,-4.1661458984293626e-05,1.0,3,False,bootstrap_interval_includes_zero
CUT1_T64,Pro00057,CUT1,T64_pair_N_O4_native_ADH_le_30,T64 backbone N...PET O4; GROMACS A-D-H <=30 deg,frame_occupancy,hbond_pair,6,6,0.0,0.0,0.0,0.06617922759655043,0.0010623672040994876,0.15731366912469277,0.06617922759655043,0.0010623672040994876,0.15731366912469277,0.98475,0.98475,1.0,0.05948561985307393,1.0,3,True,bootstrap_interval_above_zero
CUT1_T64,Pro00057,CUT1,T64_pair_N_O4_strict_DHA_ge_160,T64 backbone N...PET O4; D-H-A >=160 deg,frame_occupancy,hbond_pair,6,6,0.0,0.0,0.0,0.019143440403282922,0.0002499687539057618,0.043932008498937636,0.019143440403282922,0.0002499687539057618,0.043932008498937636,0.98415,0.98415,1.0,0.016893721618131064,1.0,3,True,bootstrap_interval_above_zero
CUT1_T64,Pro00057,CUT1,T64_pair_OG1_O1_native_ADH_le_30,T64 side-chain OG1...PET O1; GROMACS A-D-H <=30 deg,frame_occupancy,hbond_pair,6,6,0.0,0.0,0.0,0.0,0.0,0.0,0.0,0.0,0.0,0.0,0.0,,0.0,,3,False,bootstrap_interval_includes_zero
CUT1_T64,Pro00057,CUT1,T64_pair_OG1_O1_strict_DHA_ge_160,T64 side-chain OG1...PET O1; D-H-A >=160 deg,frame_occupancy,hbond_pair,6,6,0.0,0.0,0.0,0.0,0.0,0.0,0.0,0.0,0.0,0.0,0.0,,0.0,,3,False,bootstrap_interval_includes_zero
CUT1_T64,Pro00057,CUT1,T64_pair_OG1_O2_native_ADH_le_30,T64 side-chain OG1...PET O2; GROMACS A-D-H <=30 deg,frame_occupancy,hbond_pair,6,6,2.0830729492146813e-05,0.0,6.249218847644044e-05,0.0016247969003874516,4.1661458984293626e-05,0.003749531308586427,0.001603966170895305,0.0,0.0037495313085864263,0.97445,0.97445,1.0,0.0025205182685497647,1.0,3,False,bootstrap_interval_includes_zero
CUT1_T64,Pro00057,CUT1,T64_pair_OG1_O2_strict_DHA_ge_160,T64 side-chain OG1...PET O2; D-H-A >=160 deg,frame_occupancy,hbond_pair,6,6,2.0830729492146813e-05,0.0,6.249218847644044e-05,0.0009790442861309003,2.0830729492146813e-05,0.002249718785151856,0.0009582135566387535,0.0,0.002249718785151856,0.95495,0.95495,1.0,0.0014998125234345705,1.0,3,False,bootstrap_interval_includes_zero
CUT1_T64,Pro00057,CUT1,T64_pair_OG1_O4_native_ADH_le_30,T64 side-chain OG1...PET O4; GROMACS A-D-H <=30 deg,frame_occupancy,hbond_pair,6,6,0.0,0.0,0.0,0.019664208640586593,0.00022913802441361497,0.04847310752822564,0.019664208640586593,0.00022913802441361497,0.04847310752822564,0.98465,0.98465,1.0,0.01825466261161799,1.0,3,True,bootstrap_interval_above_zero
CUT1_T64,Pro00057,CUT1,T64_pair_OG1_O4_strict_DHA_ge_160,T64 side-chain OG1...PET O4; D-H-A >=160 deg,frame_occupancy,hbond_pair,6,6,0.0,0.0,0.0,0.011373578302712161,0.0001666458359371745,0.027579885847602386,0.011373578302712161,0.0001666458359371745,0.027579885847602386,0.9848,0.9848,1.0,0.010533405546528906,1.0,3,True,bootstrap_interval_above_zero
CUT1_T64,Pro00057,CUT1,T64_sidechain_native_ADH_le_30,"T64 H-bond occupancy, side-chain OG1; GROMACS A-D-H <=30 deg",frame_occupancy,hbond_decomposition,6,6,2.0830729492146813e-05,0.0,6.249218847644044e-05,0.021289005540974043,0.0013123359580052493,0.049098029412990046,0.021268174811481896,0.0012915052285131026,0.049098029412990046,0.984,0.984,1.0,0.020775180880167755,1.0,3,True,bootstrap_interval_above_zero
CUT1_T64,Pro00057,CUT1,T64_sidechain_only_native_ADH_le_30,"T64 H-bond occupancy, side-chain only; GROMACS A-D-H <=30 deg",frame_occupancy,hbond_decomposition,6,6,2.0830729492146813e-05,0.0,6.249218847644044e-05,0.013227513227513229,0.0012706744990209557,0.03055868016497937,0.013206682498021082,0.0012498437695288088,0.030517018705995085,0.9842,0.9842,1.0,0.013463594828424226,1.0,3,True,bootstrap_interval_above_zero
CUT1_T64,Pro00057,CUT1,T64_sidechain_only_strict_DHA_ge_160,"T64 H-bond occupancy, side-chain only; D-H-A >=160 deg",frame_occupancy,hbond_decomposition,6,6,2.0830729492146813e-05,0.0,6.249218847644044e-05,0.010394534016581261,0.0008123984501937258,0.023205432654251554,0.010373703287089114,0.000791567720701579,0.02320543265425155,0.98395,0.98395,1.0,0.010262606063130996,1.0,3,True,bootstrap_interval_above_zero
CUT1_T64,Pro00057,CUT1,T64_sidechain_strict_DHA_ge_160,"T64 H-bond occupancy, side-chain OG1; D-H-A >=160 deg",frame_occupancy,hbond_decomposition,6,6,2.0830729492146813e-05,0.0,6.249218847644044e-05,0.012352622588843063,0.0008123984501937258,0.027975148939714096,0.012331791859350917,0.000791567720701579,0.027973065866765064,0.98515,0.98515,1.0,0.012033218069963478,1.0,3,True,bootstrap_interval_above_zero
HiC_L138,Pro00121,HiC,L138_nonpolar_d0p40_any,"L138 nonpolar carbon contact (<0.40 nm), any PET unit",any_pet_unit,nonpolar_contact,5,8,0.051618547681539804,0.0,0.13960754905636796,0.16788526434195725,0.06378890138732658,0.32300649918760155,0.11626671666041744,-0.02463910761154856,0.2865266841644794,0.94465,0.94465,1.0,0.11806857476148813,0.6666666666666666,3,False,bootstrap_interval_includes_zero
HiC_L138,Pro00121,HiC,L138_nonpolar_d0p40_per_ring,"L138 nonpolar carbon contact (<0.40 nm), per PET ring",per_pet_ring,nonpolar_contact,5,8,0.0063217097862767165,0.0,0.017435320584926885,0.010463535808023998,0.0036159542557180355,0.020987317991501057,0.004141826021747281,-0.008943057899012624,0.017220257624046924,0.7152,0.7152,0.9230769230769231,0.0026580010831979348,0.6666666666666666,3,False,bootstrap_interval_includes_zero
HiC_L138,Pro00121,HiC,L138_nonpolar_d0p45_any,"L138 nonpolar carbon contact (<0.45 nm), any PET unit",any_pet_unit,nonpolar_contact,5,8,0.07006624171978502,0.0,0.18365204349456316,0.24015748031496065,0.09803462067241595,0.43565569928758846,0.1700912385951756,-0.011121422322209713,0.38183352080989874,0.96635,0.96635,1.0,0.17358941243455683,0.6666666666666666,3,False,bootstrap_interval_includes_zero
HiC_L138,Pro00121,HiC,L138_nonpolar_d0p45_per_ring,"L138 nonpolar carbon contact (<0.45 nm), per PET ring",per_pet_ring,nonpolar_contact,5,8,0.00965379327584052,0.0,0.026271716035495562,0.01752359080114986,0.006268747656542932,0.0344689140419947,0.00786979752530934,-0.012326740407449065,0.028833934820647417,0.77345,0.77345,1.0,0.0059714757877487555,0.6666666666666666,3,False,bootstrap_interval_includes_zero
HiC_L138,Pro00121,HiC,L138_nonpolar_d0p50_any,"L138 nonpolar carbon contact (<0.50 nm), any PET unit",any_pet_unit,nonpolar_contact,5,8,0.08026496687914011,0.0,0.20499937507811522,0.2840738657667792,0.12540619922509685,0.4843632827146591,0.20380889888763906,0.0034116829146356507,0.4278223034620664,0.977,0.977,1.0,0.2057381716174367,0.6666666666666666,3,True,bootstrap_interval_above_zero
HiC_L138,Pro00121,HiC,L138_nonpolar_d0p50_per_ring,"L138 nonpolar carbon contact (<0.50 nm), per PET ring",per_pet_ring,nonpolar_contact,5,8,0.011828521434820648,0.0,0.031776027996500436,0.02214332583427072,0.008335676790401201,0.04222753405824273,0.010314804399450072,-0.014293592207224098,0.035589020122484605,0.79525,0.79525,1.0,0.008008373953255848,0.6666666666666666,3,False,bootstrap_interval_includes_zero
