protein_id,residue,protein_label,residue_name,residue_label,structural_region,landmark_class,annotation_confidence,protein_caveat,protein_short,all_atom_pet_l10_rank,in_all_atom_pet_l10_top8,all_atom_pet_l20_rank,in_all_atom_pet_l20_top8,heavy_pet_l10_rank,in_heavy_pet_l10_top8,heavy_pet_l20_rank,in_heavy_pet_l20_top8,in_all_atom_top3_gain,in_all_atom_top3_loss,in_heavy_top3_gain,in_heavy_top3_loss,n_l10,n_l20,underpowered,mean_contact_l10,mean_contact_l20,median_contact_l10,median_contact_l20,sd_contact_l10,sd_contact_l20,mean_contact_l10_ci95_low,mean_contact_l10_ci95_high,mean_contact_l20_ci95_low,mean_contact_l20_ci95_high,mean_delta_l20_minus_l10,delta_ci95_low,delta_ci95_high,bootstrap_probability_delta_positive,bootstrap_direction_probability,cliffs_delta_l20_vs_l10,loo_sign_agreement,loo_min_delta,loo_max_delta,n_cases_ge_0_2_l10,n_cases_ge_0_2_l20,n_cases_ge_0_5_l10,n_cases_ge_0_5_l20,support_ge_0_5_fraction_l10,support_ge_0_5_fraction_l20,n_common_directions,common_directions,direction_delta_values,direction_adjusted_delta,direction_sign_agreement,direction_delta_range,n_direction_strata_effect_consistent,direction_effect_consistent_fraction,all_atom_mean_delta_20_100ns,all_atom_heavy_delta_sign_same,stable_contact_core,shift_class,manuscript_status,figure_candidate,stability_evidence,stability_pass_l10,stability_pass_l20
Pro00057,61,T. fusca cutinase 1 / CUT1 / 7QJR,TYR,Y61,oxyanion donor / active-site pocket,Catalytic/oxyanion,high,Do not call Pro00057 TfCut2; use Pro00057/CUT1 simulation numbering.,CUT1,1.0,True,1.0,True,1.0,True,1.0,True,False,False,False,False,6,6,False,0.9862100566666667,0.99229263,0.99887514,0.99912511,0.020455428241400026,0.017055980325829383,0.9716702066666668,0.9995000616666667,0.9782943783333332,0.9996250466666666,0.006082573333333285,-0.014144064999999983,0.02601758166666679,0.6798,0.6798,0.027777777777777776,1.0,0.0003416239999999293,0.013040037333333254,6,6,6,6,1.0,1.0,3,bidirectional;head-side;tail-side,bidirectional:+0.0179;head-side:+0.0072;tail-side:+0.0003,0.008457277222222226,1.0,0.017560299999999973,0,0.0,0.003520393333333427,True,True,no_resolved_shift,descriptive_core,True,stability-supported,6,6
Pro00057,62,T. fusca cutinase 1 / CUT1 / 7QJR,THR,T62,catalytic/oxyanion pocket neighborhood,Catalytic/oxyanion,medium,Do not call Pro00057 TfCut2; use Pro00057/CUT1 simulation numbering.,CUT1,8.0,True,3.0,True,8.0,True,2.0,True,False,False,True,False,6,6,False,0.4430071233333334,0.9080114966666667,0.27727784,0.931071115,0.372809619142476,0.0948429684295971,0.18693496499999998,0.7000999866666667,0.8346040066666666,0.975086445,0.4650043733333333,0.18076698687499998,0.7302910040833327,0.99925,0.99925,0.7777777777777778,1.0,0.3891013606666667,0.5592800886666667,5,6,2,6,0.3333333333333333,1.0,3,bidirectional;head-side;tail-side,bidirectional:+0.3445;head-side:+0.2974;tail-side:+0.7833,0.47504478499999997,1.0,0.4858767649999999,3,1.0,0.34435279166666655,True,False,L20_enriched_supported_candidate,candidate_with_caveats,True,stability-supported,6,6
Pro00057,64,T. fusca cutinase 1 / CUT1 / 7QJR,THR,T64,no named landmark assigned,Other/candidate,low,Do not call Pro00057 TfCut2; use Pro00057/CUT1 simulation numbering.,CUT1,,False,,False,,False,,False,True,False,False,False,6,6,False,0.09867516833333334,0.4189892933333333,0.101737285,0.302212225,0.060112352322331024,0.37267347456120437,0.05476399166666666,0.141440655,0.16354205833333332,0.7066824983333334,0.32031412499999995,0.0619500659166667,0.6147366965416666,0.9963,0.9963,0.6111111111111112,1.0,0.2046869116666667,0.40381202166666663,0,4,0,2,0.0,0.3333333333333333,3,bidirectional;head-side;tail-side,bidirectional:+0.3496;head-side:+0.3158;tail-side:+0.2062,0.29049840833333335,1.0,0.14341957,3,1.0,0.4446527516666667,True,False,L20_enriched_supported_candidate,candidate_with_caveats,True,stability-supported,6,6
Pro00057,67,T. fusca cutinase 1 / CUT1 / 7QJR,SER,S67,no named landmark assigned,Other/candidate,low,Do not call Pro00057 TfCut2; use Pro00057/CUT1 simulation numbering.,CUT1,,False,,False,,False,,False,True,False,True,False,6,6,False,0.05603466166666667,0.5287672366666667,0.053868269999999996,0.48937633,0.05281761428978345,0.3669525615933857,0.019643376666666663,0.09469649499999999,0.2694871466666667,0.7880473266666668,0.47273257500000004,0.20648981229166666,0.7384509238749999,1.0,1.0,0.8333333333333334,1.0,0.38690997033333335,0.5713869103333333,0,5,0,3,0.0,0.5,3,bidirectional;head-side;tail-side,bidirectional:+0.6567;head-side:+0.4475;tail-side:+0.2297,0.4446458083333334,1.0,0.42700913500000004,3,1.0,0.5555555566666666,True,False,L20_enriched_supported_candidate,candidate_with_caveats,True,stability-supported,6,6
Pro00057,91,T. fusca cutinase 1 / CUT1 / 7QJR,LEU,L91,near Y61 (oxyanion donor / active-site pocket),Catalytic/oxyanion,medium-low,Do not call Pro00057 TfCut2; use Pro00057/CUT1 simulation numbering.,CUT1,6.0,True,8.0,True,6.0,True,8.0,True,False,False,False,False,6,6,False,0.7446152566666666,0.5935508083333333,0.8703912,0.67579053,0.254087361698377,0.3096296577565435,0.5517435333333334,0.9156355433333333,0.3445610983333333,0.7717160366666667,-0.15106444833333332,-0.4514451289583332,0.13447121308333246,0.15775,0.8422499999999999,-0.3888888888888889,1.0,-0.22804649166666668,-0.03235428666666662,6,5,4,5,0.6666666666666666,0.8333333333333334,3,bidirectional;head-side;tail-side,bidirectional:-0.0581;head-side:-0.2228;tail-side:-0.0539,-0.11160410388888892,1.0,0.1688330566666666,1,0.3333333333333333,-0.1358163550000001,True,True,directional_but_uncertain_L10,descriptive_core,True,stability-supported,6,6
Pro00057,132,T. fusca cutinase 1 / CUT1 / 7QJR,MET,M132,oxyanion donor / active-site pocket,Catalytic/oxyanion,high,Do not call Pro00057 TfCut2; use Pro00057/CUT1 simulation numbering.,CUT1,3.0,True,6.0,True,3.0,True,6.0,True,False,False,False,False,6,6,False,0.8810148733333333,0.7551139450000001,0.9479440100000001,0.896075495,0.14045490619126264,0.3523600179769402,0.7740490766666667,0.9748573100000001,0.46745146483333333,0.9391117783333334,-0.12590092833333322,-0.4352794440833333,0.10498843899999982,0.2031,0.7968999999999999,-0.2777777777777778,0.9166666666666666,-0.168620589,0.01414823266666676,6,5,6,5,1.0,0.8333333333333334,3,bidirectional;head-side;tail-side,bidirectional:-0.2818;head-side:-0.0152;tail-side:-0.0254,-0.10748656388888889,1.0,0.2665291883333334,1,0.3333333333333333,-0.10600758166666657,True,True,no_resolved_shift,descriptive_core,True,stability-supported,6,6
Pro00057,156,T. fusca cutinase 1 / CUT1 / 7QJR,TRP,W156,Thermobifida W-loop equivalent,W-loop/flexible or rigid pair,high for local mapping,Do not call Pro00057 TfCut2; use Pro00057/CUT1 simulation numbering.,CUT1,5.0,True,7.0,True,4.0,True,5.0,True,False,False,False,False,6,6,False,0.8790776166666667,0.7480106650000001,0.913385825,0.846519185,0.14286550124487882,0.37298075881443277,0.7641128216666667,0.9694621516666667,0.4396742066666666,0.9396325449999999,-0.1310669516666666,-0.4630494129166668,0.10986178575000011,0.21905,0.78095,-0.16666666666666666,0.9166666666666666,-0.17976503066666671,0.018535181333333428,6,5,6,5,1.0,0.8333333333333334,3,bidirectional;head-side;tail-side,bidirectional:-0.2406;head-side:-0.0719;tail-side:-0.0058,-0.10609785111111109,1.0,0.23478315500000008,1,0.3333333333333333,-0.1231721033333335,True,True,no_resolved_shift,descriptive_core,True,stability-supported,6,6
Pro00057,178,T. fusca cutinase 1 / CUT1 / 7QJR,THR,T178,catalytic Asp/His active-site rim,Cleft/rim patch,medium,Do not call Pro00057 TfCut2; use Pro00057/CUT1 simulation numbering.,CUT1,4.0,True,5.0,True,5.0,True,7.0,True,False,False,False,True,6,6,False,0.8607882349999999,0.7228054816666667,0.931133605,0.828333955,0.18684296274310216,0.29350950009127386,0.7024955233333333,0.9585468483333334,0.48102320500000006,0.8766404200000001,-0.1379827533333332,-0.40670697483333335,0.09353153887500004,0.1418,0.8582,-0.6111111111111112,1.0,-0.21232762633333324,-0.02071824499999997,6,5,5,5,0.8333333333333334,0.8333333333333334,3,bidirectional;head-side;tail-side,bidirectional:-0.4231;head-side:+0.1034;tail-side:-0.1052,-0.14164896222222223,0.6666666666666666,0.5264341983333334,2,0.6666666666666666,-0.11654793166666655,True,True,directional_but_uncertain_L10,descriptive_core,True,stability-supported,6,6
Pro00057,179,T. fusca cutinase 1 / CUT1 / 7QJR,ILE,I179,catalytic Asp/His active-site rim,Cleft/rim patch,medium,Do not call Pro00057 TfCut2; use Pro00057/CUT1 simulation numbering.,CUT1,2.0,True,2.0,True,2.0,True,3.0,True,False,False,False,False,6,6,False,0.9659625866666667,0.9016997866666667,0.9951881,0.97494063,0.05914794728595192,0.18085540188683896,0.9168020633333334,0.99770862,0.7527809033333334,0.98693913,-0.06426279999999995,-0.2238506620833335,0.04486991408333325,0.2076,0.7924,-0.3333333333333333,0.9166666666666666,-0.08752655933333331,0.009065533333333264,6,6,6,6,1.0,1.0,3,bidirectional;head-side;tail-side,bidirectional:-0.1634;head-side:-0.0112;tail-side:-0.0088,-0.061145134444444506,1.0,0.15460567000000003,1,0.3333333333333333,-0.026267548333333224,True,True,no_resolved_shift,descriptive_core,True,stability-supported,6,6
Pro00057,210,T. fusca cutinase 1 / CUT1 / 7QJR,PHE,F210,catalytic Asp/His active-site rim,Cleft/rim patch,medium,Do not call Pro00057 TfCut2; use Pro00057/CUT1 simulation numbering.,CUT1,,False,4.0,True,,False,4.0,True,False,False,True,False,6,6,False,0.41771862000000004,0.90088739,0.21372328499999999,0.9357580299999999,0.4534719835060966,0.11386396399905495,0.10475774,0.7351997683333332,0.8116068833333333,0.9781693966666666,0.4831687699999999,0.13473055449999988,0.8051712297916666,0.99665,0.99665,0.5555555555555556,1.0,0.4066241719999999,0.599150106,3,6,2,6,0.3333333333333333,1.0,3,bidirectional;head-side;tail-side,bidirectional:+0.3620;head-side:+0.3935;tail-side:+0.5957,0.4503812011111111,1.0,0.23378327500000007,3,1.0,0.47658626,True,False,L20_enriched_supported_candidate,candidate_with_caveats,True,stability-supported,6,6
Pro00057,213,T. fusca cutinase 1 / CUT1 / 7QJR,ASN,N213,catalytic Asp/His active-site rim,Cleft/rim patch,medium,Do not call Pro00057 TfCut2; use Pro00057/CUT1 simulation numbering.,CUT1,,False,,False,,False,,False,True,False,False,False,6,6,False,0.07801108333333333,0.5082489683333333,0.03080865,0.46569178999999994,0.13000825262166316,0.3999784692304142,0.014435696666666666,0.18564346333333334,0.22493021666666668,0.8024621916666667,0.430237885,0.13260789929166666,0.7359918540833332,0.9983,0.9983,0.8888888888888888,1.0,0.33741198866666666,0.5166145886666668,1,4,0,3,0.0,0.5,3,bidirectional;head-side;tail-side,bidirectional:+0.3347;head-side:+0.5187;tail-side:+0.3469,0.4001027633333334,1.0,0.18399783999999997,3,1.0,0.4805024366666667,True,False,L20_enriched_supported_candidate,candidate_with_caveats,True,stability-supported,6,6
Pro00075,44,FoCut5a,SER,S44,FoCut5a N-terminal cleft patch outside memo landmarks,Other/candidate,low,FoCut5a simulation numbering is +1 relative to raw 5AJH for the documented triad/loop regions.,FoCut5a,3.0,True,4.0,True,3.0,True,4.0,True,False,False,False,False,5,7,False,0.763279588,0.60090703,0.9720035,0.52193476,0.3396817853948758,0.4040694169763072,0.460042492,0.9925009360000001,0.3207277671428571,0.86096381,-0.16237255799999994,-0.5277604577499999,0.23105067718571418,0.20535,0.79465,-0.08571428571428572,1.0,-0.296637025,-0.0649710429999999,5,6,4,4,0.8,0.5714285714285714,3,bidirectional;head-side;tail-side,bidirectional:-0.6064;head-side:+0.0089;tail-side:+0.1724,-0.14170450555555555,0.3333333333333333,0.7788609699999999,1,0.3333333333333333,-0.14344635342857148,True,True,no_resolved_shift,descriptive_core,True,retained-contact_with_stability_caveat,0,0
Pro00075,45,FoCut5a,THR,T45,FoCut5a N-terminal cleft patch outside memo landmarks,Other/candidate,low,FoCut5a simulation numbering is +1 relative to raw 5AJH for the documented triad/loop regions.,FoCut5a,2.0,True,2.0,True,6.0,True,2.0,True,False,False,False,False,5,7,False,0.764154478,0.7482279,0.94588176,0.88451444,0.37834464867984985,0.31017593826084927,0.4191726,0.9852268439999999,0.5263806285714285,0.9399896442857143,-0.01592657800000008,-0.3509047941857142,0.3656975931071425,0.44235,0.55765,0.14285714285714285,0.5833333333333334,-0.1803747725000001,0.06788735033333326,4,7,4,5,0.8,0.7142857142857143,3,bidirectional;head-side;tail-side,bidirectional:-0.5331;head-side:+0.0213;tail-side:+0.5577,0.015331418888888818,0.3333333333333333,1.0907803266666667,1,0.3333333333333333,-0.014944563714285763,True,True,no_resolved_shift,descriptive_core,True,retained-contact_with_stability_caveat,0,0
Pro00075,52,FoCut5a,THR,T52,FoCut5a N-terminal cleft patch outside memo landmarks,Other/candidate,low,FoCut5a simulation numbering is +1 relative to raw 5AJH for the documented triad/loop regions.,FoCut5a,,False,7.0,True,8.0,True,8.0,True,False,False,False,False,5,7,False,0.601874764,0.5477172514285714,0.81902262,0.59930009,0.46299367528698004,0.4107645322320686,0.23822022199999998,0.9540557399999999,0.2558608771428571,0.8175442367142854,-0.054157512571428534,-0.5026443080857143,0.4058427543285715,0.40705,0.59295,-0.02857142857142857,0.5833333333333334,-0.20462620357142858,0.04518631892857139,4,5,3,4,0.6,0.5714285714285714,3,bidirectional;head-side;tail-side,bidirectional:-0.9750;head-side:+0.2303;tail-side:+0.3696,-0.12503992222222224,0.3333333333333333,1.3446235866666667,1,0.3333333333333333,-0.010527257428571635,True,True,no_resolved_shift,descriptive_core,True,retained-contact_with_stability_caveat,0,0
Pro00075,83,FoCut5a,LEU,L83,FoCut5a flap helix,Flap/binding loop,high for +1 offset,FoCut5a simulation numbering is +1 relative to raw 5AJH for the documented triad/loop regions.,FoCut5a,7.0,True,3.0,True,7.0,True,3.0,True,False,False,False,False,5,7,False,0.7626046740000001,0.6393129414285713,0.97975253,0.65854268,0.38332936118180166,0.3303636843366165,0.41054868200000005,0.9951506059999999,0.39702179857142855,0.8433231542857144,-0.12329173257142878,-0.47897593382857157,0.2777439412499999,0.2586,0.7414000000000001,-0.34285714285714286,1.0,-0.2867587985714286,-0.01694788233333344,4,6,4,6,0.8,0.8571428571428571,3,bidirectional;head-side;tail-side,bidirectional:+0.4552;head-side:-0.2930;tail-side:-0.3033,-0.04704967555555554,0.6666666666666666,0.7584885233333335,2,0.6666666666666666,-0.06863427771428565,True,True,no_resolved_shift,descriptive_core,True,retained-contact_with_stability_caveat,0,0
Pro00075,186,FoCut5a,VAL,V186,FoCut5a binding loop / catalytic-His loop,Flap/binding loop,high for +1 offset,FoCut5a simulation numbering is +1 relative to raw 5AJH for the documented triad/loop regions.,FoCut5a,1.0,True,5.0,True,2.0,True,6.0,True,False,False,False,False,5,7,False,0.776527934,0.5859803242857142,0.99925009,0.71566054,0.3195124320139826,0.41573874351272105,0.500712412,0.9998500180000001,0.2976056571428571,0.8561072714285715,-0.19054760971428575,-0.567482636,0.18340350265714056,0.1643,0.8357,-0.42857142857142855,1.0,-0.3071580332142858,-0.09288422233333338,5,5,4,5,0.8,0.7142857142857143,3,bidirectional;head-side;tail-side,bidirectional:+0.1000;head-side:-0.6741;tail-side:+0.5071,-0.022330542222222267,0.3333333333333333,1.1812690066666665,1,0.3333333333333333,-0.20456728742857144,True,True,directional_but_uncertain_L10,descriptive_core,True,retained-contact_with_stability_caveat,0,0
Pro00075,191,FoCut5a,LEU,L191,FoCut5a binding loop / catalytic-His loop,Flap/binding loop,high for +1 offset,FoCut5a simulation numbering is +1 relative to raw 5AJH for the documented triad/loop regions.,FoCut5a,4.0,True,1.0,True,1.0,True,1.0,True,False,False,False,False,5,7,False,0.793800776,0.7882943214285714,0.9896263,0.90513686,0.4437997455921432,0.26291204060157264,0.396300462,0.996725412,0.5901405200000001,0.9422215085714285,-0.005506454571428621,-0.3507243764571428,0.4249620565499993,0.46185,0.53815,-0.37142857142857144,0.5,-0.2039566485714286,0.08281881399999991,4,7,4,6,0.8,0.8571428571428571,3,bidirectional;head-side;tail-side,bidirectional:-0.7313;head-side:-0.0292;tail-side:+0.7894,0.00960991,0.6666666666666666,1.5206432533333332,1,0.3333333333333333,0.04395521857142859,False,True,no_resolved_shift,descriptive_core,True,retained-contact_with_stability_caveat,0,0
Pro00083,87,IsPETase WT,TYR,Y87,oxyanion donor / active-site pocket,Catalytic/oxyanion,high,Use as the IsPETase reference framework; state local/simulation numbering.,IsPETase,1.0,True,2.0,True,1.0,True,2.0,True,False,False,False,False,4,7,False,0.7486876625000001,0.7015730185714285,0.9937507800000001,0.736033,0.4936391281488846,0.34303042230270225,0.25543681999999995,0.9980002450000001,0.4368382542857142,0.8963955376428551,-0.047114643928571565,-0.47713678214285704,0.4888455931785715,0.4166,0.5833999999999999,-0.42857142857142855,0.6363636363636364,-0.29392754142857147,0.06981419249999987,3,6,3,6,0.75,0.8571428571428571,3,bidirectional;head-side;tail-side,bidirectional:+0.6780;head-side:-0.3715;tail-side:-0.1609,0.04850782722222217,0.6666666666666666,1.0495146433333336,2,0.6666666666666666,-0.036035671428571336,True,True,no_resolved_shift,descriptive_core,True,retained-contact_with_stability_caveat,0,0
Pro00083,161,IsPETase WT,MET,M161,oxyanion donor / active-site pocket,Catalytic/oxyanion,high,Use as the IsPETase reference framework; state local/simulation numbering.,IsPETase,3.0,True,4.0,True,3.0,True,4.0,True,False,False,False,False,4,7,False,0.7168166499999999,0.6593997171428571,0.948693915,0.65816773,0.4737728670655808,0.33703373347818905,0.24275090749999995,0.9590051274999999,0.40646704714285714,0.8632135257142856,-0.05741693285714289,-0.471405586392857,0.4385429483928569,0.39735,0.60265,-0.35714285714285715,0.6363636363636364,-0.2942727428571429,0.05248302000000005,3,6,3,6,0.75,0.8571428571428571,3,bidirectional;head-side;tail-side,bidirectional:+0.5796;head-side:-0.3394;tail-side:-0.1527,0.029169962222222307,0.6666666666666666,0.9189268033333332,2,0.6666666666666666,-0.04418644214285716,True,True,no_resolved_shift,descriptive_core,True,retained-contact_with_stability_caveat,0,0
Pro00083,185,IsPETase WT,TRP,W185,canonical W-loop Trp,W-loop/flexible or rigid pair,high,Use as the IsPETase reference framework; state local/simulation numbering.,IsPETase,4.0,True,3.0,True,4.0,True,3.0,True,False,False,False,False,4,7,False,0.6891638575,0.68602139,0.8750156250000001,0.6224222,0.4660363566409894,0.35714488804160854,0.25490564,0.9933758300000001,0.40684200285714284,0.8860142485714286,-0.0031424675000000235,-0.4262619,0.48861079439285693,0.4703,0.5297000000000001,-0.21428571428571427,0.36363636363636365,-0.22957249666666668,0.11119443083333336,3,6,3,6,0.75,0.8571428571428571,3,bidirectional;head-side;tail-side,bidirectional:+0.5949;head-side:-0.2174;tail-side:-0.1852,0.06410309555555556,0.6666666666666666,0.8123151283333333,2,0.6666666666666666,-0.0018435214285714707,True,True,no_resolved_shift,descriptive_core,True,retained-contact_with_stability_caveat,0,0
Pro00083,207,IsPETase WT,SER,S207,catalytic Asp/His active-site rim,Cleft/rim patch,medium,Use as the IsPETase reference framework; state local/simulation numbering.,IsPETase,5.0,True,7.0,True,5.0,True,5.0,True,False,True,False,True,4,7,False,0.6088926375,0.4434624257142858,0.779965005,0.5175603,0.41500991973866014,0.2781347377614984,0.2175353075,0.872890885,0.24525506,0.6206902728571428,-0.1654302117857142,-0.5154459474017857,0.2626144975,0.209,0.791,-0.4642857142857143,1.0,-0.3683944242857142,-0.07651424428571424,3,5,3,4,0.75,0.5714285714285714,3,bidirectional;head-side;tail-side,bidirectional:+0.5749;head-side:-0.3302;tail-side:-0.5717,-0.10900026166666665,0.6666666666666666,1.146544175,2,0.6666666666666666,-0.1600603514285715,True,True,no_resolved_shift,descriptive_core,True,retained-contact_with_stability_caveat,0,0
Pro00083,208,IsPETase WT,ILE,I208,catalytic Asp/His active-site rim,Cleft/rim patch,medium,Use as the IsPETase reference framework; state local/simulation numbering.,IsPETase,2.0,True,1.0,True,2.0,True,1.0,True,False,False,False,False,4,7,False,0.7341894775,0.7236595414285715,0.97087864,0.73953256,0.4881333851695521,0.3468734395653528,0.24921885000000002,0.990938635,0.4502294357142857,0.9119217228571429,-0.010529936071428492,-0.4371167905,0.5070276883571427,0.4597,0.5403,-0.21428571428571427,0.6363636363636364,-0.25442653190476194,0.11007998750000003,3,6,3,6,0.75,0.8571428571428571,3,bidirectional;head-side;tail-side,bidirectional:+0.7100;head-side:-0.3148;tail-side:-0.1562,0.07963587611111107,0.6666666666666666,1.0248093966666667,2,0.6666666666666666,-0.009628260714285797,True,True,no_resolved_shift,descriptive_core,True,retained-contact_with_stability_caveat,0,0
Pro00121,66,HiC / 4OYY,LEU,L66,HiC F70 helix / active-site cleft lip,Cleft/rim patch,medium,HiC T135 is only a rough candidate; I168 must not be called an IsPETase S214-equivalent.,HiC,6.0,True,3.0,True,5.0,True,3.0,True,False,False,False,False,5,8,False,0.558730156,0.7309711299999999,0.60004999,0.75234346,0.41597264936558753,0.23211957801196384,0.22769653400000003,0.8897637780000001,0.5692569675,0.8732345962499999,0.17224097399999994,-0.17873031261250003,0.53160925726875,0.8247,0.8247,0.25,1.0,0.05743032499999989,0.2821834824999999,3,8,3,7,0.6,0.875,3,bidirectional;head-side;tail-side,bidirectional:+0.0286;head-side:+0.4610;tail-side:-0.0199,0.1565568238888888,0.6666666666666666,0.48087739500000004,1,0.3333333333333333,0.18545806725000002,True,True,directional_but_uncertain_L20,descriptive_core,True,stability-supported,5,8
Pro00121,70,HiC / 4OYY,PHE,F70,HiC F70 helix / active-site cleft lip,Cleft/rim patch,medium,HiC T135 is only a rough candidate; I168 must not be called an IsPETase S214-equivalent.,HiC,2.0,True,2.0,True,1.0,True,2.0,True,False,False,False,False,5,8,False,0.7045619299999999,0.8297869037500001,0.92463442,0.800212475,0.4192683536856451,0.144951405944663,0.323784528,0.969253842,0.73518935375,0.9226190512500001,0.1252249737500002,-0.16178141775624985,0.5069787394687496,0.7433,0.7433,0.15,0.9230769230769231,-0.05091550874999984,0.19505374625000016,4,8,4,8,0.8,1.0,3,bidirectional;head-side;tail-side,bidirectional:-0.1184;head-side:+0.2700;tail-side:+0.0978,0.08314933055555562,0.6666666666666666,0.3884097799999999,1,0.3333333333333333,0.12919322700000002,True,True,no_resolved_shift,descriptive_core,True,stability-supported,5,8
Pro00121,138,HiC / 4OYY,LEU,L138,HiC T135 candidate-region,Other/candidate,low,HiC T135 is only a rough candidate; I168 must not be called an IsPETase S214-equivalent.,HiC,,False,,False,,False,,False,True,False,True,False,5,8,False,0.11176102800000001,0.42558742625,0.0,0.30102487,0.18697421126211908,0.3309662855639889,0.0,0.28428946,0.22523747,0.6434039487500001,0.31382639825,0.0561800118375,0.57325646625,0.99145,0.99145,0.7,1.0,0.23669541485714288,0.39371641125,1,7,0,3,0.0,0.375,3,bidirectional;head-side;tail-side,bidirectional:+0.1753;head-side:+0.0981;tail-side:+0.6027,0.29205377277777783,1.0,0.5046244183333334,2,0.6666666666666666,0.36919760275,True,False,L20_enriched_supported_candidate,candidate_with_caveats,True,stability-supported,5,8
Pro00121,164,HiC / 4OYY,THR,T164,HiC catalytic-His-side active-site rim,Cleft/rim patch,medium,HiC T135 is only a rough candidate; I168 must not be called an IsPETase S214-equivalent.,HiC,,False,8.0,True,,False,8.0,True,True,False,True,False,5,8,False,0.132258468,0.54415073,0.00699913,0.51174853,0.18776152795618162,0.3222470771935147,0.002199726,0.296737906,0.32988063875,0.7504686899999999,0.41189226200000006,0.15049907691250003,0.6625052298125,0.99855,0.99855,0.85,1.0,0.3554484248571429,0.48753905628571437,2,7,0,4,0.0,0.5,3,bidirectional;head-side;tail-side,bidirectional:+0.4793;head-side:+0.2593;tail-side:+0.5629,0.4338346572222222,1.0,0.3035453883333334,3,1.0,0.43551743224999995,True,False,L20_enriched_supported_candidate,candidate_with_caveats,True,stability-supported,5,8
Pro00121,166,HiC / 4OYY,THR,T166,HiC catalytic-His-side active-site rim,Cleft/rim patch,medium,HiC T135 is only a rough candidate; I168 must not be called an IsPETase S214-equivalent.,HiC,5.0,True,4.0,True,6.0,True,4.0,True,False,False,False,False,5,8,False,0.415473068,0.6744000749999999,0.41494813,0.62392201,0.2554741712115324,0.254417161295291,0.21292338799999996,0.590426198,0.50032808375,0.8319534292812492,0.2589270069999999,0.006309912087500031,0.5214006044374999,0.9782,0.9782,0.5,1.0,0.15774590499999985,0.32600567628571436,4,8,2,7,0.4,0.875,3,bidirectional;head-side;tail-side,bidirectional:+0.2264;head-side:+0.2669;tail-side:+0.3342,0.27582663111111105,1.0,0.10781985999999999,3,1.0,0.22395013175,True,False,L20_enriched_supported_candidate,candidate_with_caveats,True,stability-supported,5,8
Pro00121,167,HiC / 4OYY,LEU,L167,HiC catalytic-His-side active-site rim,Cleft/rim patch,medium,HiC T135 is only a rough candidate; I168 must not be called an IsPETase S214-equivalent.,HiC,1.0,True,1.0,True,2.0,True,1.0,True,False,False,False,False,5,8,False,0.701987252,0.86682914625,0.69941257,0.89932508,0.32050984834197477,0.14802696220154576,0.443519562,0.926384202,0.7686695425,0.96248906625,0.16484189424999995,-0.08193952328749998,0.4498078340624998,0.88655,0.88655,0.35,1.0,0.040213723749999986,0.23931383625000002,5,8,4,8,0.8,1.0,3,bidirectional;head-side;tail-side,bidirectional:+0.0256;head-side:+0.1550;tail-side:+0.1513,0.1106597788888889,1.0,0.12940048999999987,2,0.6666666666666666,0.16239845025,True,True,directional_but_uncertain_L20,descriptive_core,True,stability-supported,5,8
Pro00121,169,HiC / 4OYY,ILE,I169,HiC catalytic-His-side active-site rim,Cleft/rim patch,medium,HiC T135 is only a rough candidate; I168 must not be called an IsPETase S214-equivalent.,HiC,3.0,True,5.0,True,3.0,True,5.0,True,False,False,False,False,5,8,False,0.61544807,0.6918353975,0.70491189,0.83802025,0.297883520438695,0.32388702881821085,0.381652294,0.844794402,0.4771591075,0.8884514450000001,0.07638732749999999,-0.23262373133125008,0.3865993331562499,0.68855,0.68855,0.25,0.9230769230769231,-0.018575802500000016,0.15633983250000005,5,7,3,6,0.6,0.75,3,bidirectional;head-side;tail-side,bidirectional:+0.2594;head-side:+0.2115;tail-side:-0.0620,0.13630240722222225,0.6666666666666666,0.3213348283333334,2,0.6666666666666666,0.03987313974999995,True,True,no_resolved_shift,descriptive_core,True,stability-supported,5,8
