case,pet_kind,direction,replica,sample_interval_ps,n_sampled_frames,components,bic,component_chi1_delta_means_deg,component_chi2_means_deg,component_weights,chi2_component_span_deg,all_component_weights_ge_0_10,bic_delta_from_selected,selected_by_bic,resolved_multibasin_by_30deg_rule
Pro00137_PET_L10_head_side_r01,PET_L10,head_side,1,100,801,1,10856.80458608,5.0792,95.7020,1.000000,0.00000000,True,0.00000000,True,False
Pro00137_PET_L10_head_side_r01,PET_L10,head_side,1,100,801,2,10900.29922902,5.9606;4.2282,90.1996;101.0144,0.491214;0.508786,10.81484750,True,43.49464295,False,False
Pro00137_PET_L10_head_side_r01,PET_L10,head_side,1,100,801,3,10931.85163888,3.9338;7.2686;3.2674,85.9518;95.2683;103.5477,0.252618;0.410736;0.336646,17.59598862,True,75.04705280,False,False
Pro00137_PET_L10_head_side_r01,PET_L10,head_side,1,200,401,1,5403.61648090,5.0390,95.5351,1.000000,0.00000000,True,0.00000000,True,False
Pro00137_PET_L10_head_side_r01,PET_L10,head_side,1,200,401,2,5435.05606973,5.3447;4.7226,91.0082;100.2199,0.508572;0.491428,9.21171711,True,31.43958883,False,False
Pro00137_PET_L10_head_side_r01,PET_L10,head_side,1,200,401,3,5467.75382321,2.6823;7.1634;4.2458,84.7577;93.9397;102.6793,0.210941;0.384893;0.404166,17.92159192,True,64.13734231,False,False
Pro00137_PET_L10_head_side_r01,PET_L10,head_side,1,500,161,1,2219.55541990,5.5068,95.5469,1.000000,0.00000000,True,0.00000000,True,False
Pro00137_PET_L10_head_side_r01,PET_L10,head_side,1,500,161,2,2246.18651778,7.5267;4.0317,89.2974;100.1108,0.422059;0.577941,10.81333372,True,26.63109788,False,False
Pro00137_PET_L10_head_side_r01,PET_L10,head_side,1,500,161,3,2278.69312400,7.3554;5.4370;3.7312,84.8219;95.9739;105.8121,0.281492;0.442825;0.275684,20.99024125,True,59.13770410,False,False
Pro00137_PET_L10_head_side_r03,PET_L10,head_side,3,100,801,1,10919.24354917,5.2899,97.5302,1.000000,0.00000000,True,0.00000000,True,False
Pro00137_PET_L10_head_side_r03,PET_L10,head_side,3,100,801,2,10963.87928763,5.4205;5.1623,92.4162;102.5257,0.494139;0.505861,10.10943787,True,44.63573846,False,False
Pro00137_PET_L10_head_side_r03,PET_L10,head_side,3,100,801,3,10991.70244361,5.5614;2.6525;7.8447,91.0185;99.0597;105.0563,0.401333;0.315559;0.283108,14.03775415,True,72.45889444,False,False
Pro00137_PET_L10_head_side_r03,PET_L10,head_side,3,200,401,1,5439.68641072,5.1687,97.8535,1.000000,0.00000000,True,0.00000000,True,False
Pro00137_PET_L10_head_side_r03,PET_L10,head_side,3,200,401,2,5473.12790988,6.4963;4.3757,90.9848;101.9568,0.373980;0.626020,10.97199495,True,33.44149916,False,False
Pro00137_PET_L10_head_side_r03,PET_L10,head_side,3,200,401,3,5501.31137116,6.7960;3.2449;6.3320,87.4184;97.6360;105.7382,0.247305;0.413979;0.338715,18.31981207,True,61.62496044,False,False
Pro00137_PET_L10_head_side_r03,PET_L10,head_side,3,500,161,1,2217.33666758,5.2203,98.3933,1.000000,0.00000000,True,0.00000000,True,False
Pro00137_PET_L10_head_side_r03,PET_L10,head_side,3,500,161,2,2243.26396926,4.8437;5.4822,92.2318;102.6793,0.410245;0.589755,10.44757407,True,25.92730168,False,False
Pro00137_PET_L10_head_side_r03,PET_L10,head_side,3,500,161,3,2259.90399223,6.2921;3.4538;6.0917,87.9223;97.6420;106.2141,0.263371;0.350357;0.386272,18.29173145,True,42.56732465,False,False
Pro00137_PET_L10_tail_side_r03,PET_L10,tail_side,3,100,801,1,11002.56653301,4.5522,98.4718,1.000000,0.00000000,True,0.00000000,True,False
Pro00137_PET_L10_tail_side_r03,PET_L10,tail_side,3,100,801,2,11038.46408285,6.5069;2.4426,93.0026;104.3744,0.519060;0.480940,11.37181915,True,35.89754984,False,False
Pro00137_PET_L10_tail_side_r03,PET_L10,tail_side,3,100,801,3,11073.28670657,7.0067;1.0461;4.4113,91.7869;98.1997;107.0877,0.405684;0.271000;0.323316,15.30073781,True,70.72017356,False,False
Pro00137_PET_L10_tail_side_r03,PET_L10,tail_side,3,200,401,1,5485.25694030,4.5339,98.1140,1.000000,0.00000000,True,0.00000000,True,False
Pro00137_PET_L10_tail_side_r03,PET_L10,tail_side,3,200,401,2,5517.90145731,6.1784;3.2158,91.6554;103.2902,0.444893;0.555107,11.63475251,True,32.64451700,False,False
Pro00137_PET_L10_tail_side_r03,PET_L10,tail_side,3,200,401,3,5546.41385257,6.7299;3.1824;4.2616,88.9778;97.4448;107.7608,0.289060;0.408824;0.302116,18.78298949,True,61.15691226,False,False
Pro00137_PET_L10_tail_side_r03,PET_L10,tail_side,3,500,161,1,2218.79766328,5.1834,98.5219,1.000000,0.00000000,True,0.00000000,True,False
Pro00137_PET_L10_tail_side_r03,PET_L10,tail_side,3,500,161,2,2235.65668519,6.4846;3.6896,93.2886;104.5303,0.534477;0.465523,11.24165885,True,16.85902190,False,False
Pro00137_PET_L10_tail_side_r03,PET_L10,tail_side,3,500,161,3,2261.20931418,4.3639;8.8986;-0.7480,91.5265;99.4112;106.2940,0.318346;0.446176;0.235478,14.76744618,True,42.41165089,False,False
Pro00137_PET_L20_bidirectional_r02,PET_L20,bidirectional,2,100,801,1,11020.39141062,6.3709,97.7773,1.000000,0.00000000,True,0.00000000,True,False
Pro00137_PET_L20_bidirectional_r02,PET_L20,bidirectional,2,100,801,2,11057.53736584,6.9281;5.7951,91.8570;103.8961,0.508246;0.491754,12.03905207,True,37.14595522,False,False
Pro00137_PET_L20_bidirectional_r02,PET_L20,bidirectional,2,100,801,3,11082.74334998,2.8792;9.6459;6.0358,91.5820;93.8094;104.5861,0.258992;0.319288;0.421720,13.00404749,True,62.35193936,False,False
Pro00137_PET_L20_bidirectional_r02,PET_L20,bidirectional,2,200,401,1,5513.91480935,6.0006,97.9927,1.000000,0.00000000,True,0.00000000,True,False
Pro00137_PET_L20_bidirectional_r02,PET_L20,bidirectional,2,200,401,2,5545.09323832,6.6131;5.4087,91.6452;104.1273,0.491476;0.508524,12.48207418,True,31.17842897,False,False
Pro00137_PET_L20_bidirectional_r02,PET_L20,bidirectional,2,200,401,3,5577.24479912,2.2480;9.2683;5.7679,91.1834;92.6925;104.4509,0.226232;0.293978;0.479790,13.26756771,True,63.32998977,False,False
Pro00137_PET_L20_bidirectional_r02,PET_L20,bidirectional,2,500,161,1,2215.41460513,6.3675,97.9252,1.000000,0.00000000,True,0.00000000,True,False
Pro00137_PET_L20_bidirectional_r02,PET_L20,bidirectional,2,500,161,2,2242.99491720,6.9198;5.9541,91.3780;102.8241,0.427998;0.572002,11.44610091,True,27.58031207,False,False
Pro00137_PET_L20_bidirectional_r02,PET_L20,bidirectional,2,500,161,3,2264.91005109,10.1912;5.0289;4.3418,89.8136;98.5650;104.9519,0.300826;0.387156;0.312018,15.13833132,True,49.49544597,False,False
Pro00137_PET_L20_tail_side_r02,PET_L20,tail_side,2,100,801,1,11051.54695395,5.4603,97.7711,1.000000,0.00000000,True,0.00000000,True,False
Pro00137_PET_L20_tail_side_r02,PET_L20,tail_side,2,100,801,2,11093.74282534,6.7508;4.1168,92.5033;103.2549,0.510047;0.489953,10.75166270,True,42.19587139,False,False
Pro00137_PET_L20_tail_side_r02,PET_L20,tail_side,2,100,801,3,11109.22579677,7.8998;2.8023;6.1514,90.4789;98.6168;105.5384,0.339476;0.383581;0.276944,15.05945789,True,57.67884282,False,False
Pro00137_PET_L20_tail_side_r02,PET_L20,tail_side,2,200,401,1,5532.68647383,5.6969,97.3800,1.000000,0.00000000,True,0.00000000,True,False
Pro00137_PET_L20_tail_side_r02,PET_L20,tail_side,2,200,401,2,5568.10378876,6.8407;4.6934,91.0620;102.9230,0.467331;0.532669,11.86102983,True,35.41731493,False,False
Pro00137_PET_L20_tail_side_r02,PET_L20,tail_side,2,200,401,3,5595.74973246,6.9226;3.5303;7.2460,88.4814;99.3095;106.1787,0.347079;0.386701;0.266220,17.69728882,True,63.06325863,False,False
Pro00137_PET_L20_tail_side_r02,PET_L20,tail_side,2,500,161,1,2236.17933151,5.6401,97.7415,1.000000,0.00000000,True,0.00000000,True,False
Pro00137_PET_L20_tail_side_r02,PET_L20,tail_side,2,500,161,2,2263.01893109,7.9934;3.2627,92.1443;103.3958,0.502535;0.497465,11.25149279,True,26.83959959,False,False
Pro00137_PET_L20_tail_side_r02,PET_L20,tail_side,2,500,161,3,2281.20548320,10.0576;7.9400;1.5947,85.0116;96.2732;104.6380,0.184597;0.391340;0.424063,19.62638186,True,45.02615169,False,False
