protein_id,protein,roles,production_resid,production_label,experimental_resid,experimental_insertion_code,experimental_label,mapping_status,global_fit_calpha_distance_angstrom,backbone_rmsd_after_pocket_fit_angstrom,backbone_common_atom_count,sidechain_position_rmsd_after_pocket_fit_angstrom,sidechain_position_common_atom_count,sidechain_conformation_rmsd_after_residue_backbone_fit_angstrom,sidechain_conformation_common_atom_count,production_chi1_deg,experimental_chi1_deg,chi1_abs_delta_deg,production_chi1_rotamer,experimental_chi1_rotamer,chi1_rotamer_match,production_chi2_deg,experimental_chi2_deg,chi2_abs_delta_deg,production_disordered,experimental_disordered
Pro00057,TfCut1,oxyanion,61,TYR61,61,,TYR61,identity_mapped,0.27958943601687075,0.17033601932882753,4,0.29349234648684885,8,0.2892282269562983,8,-169.62719716155345,-170.53661399092553,0.909416829372077,trans,trans,True,-104.09566317477342,73.80976583633996,2.0945709888866304,False,False
Pro00057,TfCut1,catalytic_ser,131,SER131,131,,SER131,identity_mapped,0.14161275237520507,0.13806374320527584,4,0.2709775760512016,2,0.09642178286867993,2,-170.4936035458641,-165.1145500998256,5.379053446038483,trans,trans,True,,,,False,False
Pro00057,TfCut1,oxyanion,132,MET132,132,,MET132,identity_mapped,0.12690312394595255,0.11825035971286284,4,0.331465964018761,4,0.16985722703547815,4,-69.09644033186558,-76.73504116859736,7.638600836731769,gauche-,gauche-,True,-163.16148505454802,-170.22524480475553,7.06375975020751,False,False
Pro00057,TfCut1,wloop_marker,156,TRP156,156,,TRP156,identity_mapped,0.1454411957943065,0.12672368276844503,4,0.1912324475988151,10,0.2131747395668348,10,-169.44681965074315,-172.76748883857806,3.320669187834909,trans,trans,True,103.37947228976836,106.16134047585707,2.7818681860887295,False,False
Pro00057,TfCut1,catalytic_acid,177,ASP177,177,,ASP177,identity_mapped,0.07153387407050871,0.20801086413476222,4,0.11913092237592186,4,0.19798943300263383,4,-164.57660086225636,-163.7422023953785,0.8343984668778432,trans,trans,True,-26.548200996462022,-30.970739094046657,4.422538097584635,False,False
Pro00057,TfCut1,mapped_pair,185,HIS185,185,,HIS185,identity_mapped,0.15327210100848454,0.1409132805781868,4,1.5220979634633245,6,1.5085165209784928,6,-66.01970734550953,-68.01556057574575,1.9958532302362073,gauche-,gauche-,True,80.94575639767336,-102.0007320816164,177.05351152071023,False,False
Pro00057,TfCut1,mapped_pair,189,PHE189,189,,PHE189,identity_mapped,0.0883467352607354,0.11269028089761929,4,0.16001233033307363,7,0.1331158859922071,7,-57.69587345280861,-62.38897079281213,4.693097340003533,gauche-,gauche-,True,-18.62551084316727,-14.806719716151584,3.818791127015686,False,False
Pro00057,TfCut1,catalytic_his,209,HIS209,209,,HIS209,identity_mapped,0.14309517554087584,0.09391278399387266,4,0.2190629140558377,6,0.08487038189050093,6,-168.07441519111183,-171.71718896586373,3.642773774751902,trans,trans,True,61.69991922846816,66.99562751137299,5.295708282904826,False,False
Pro00062,LCC,oxyanion_region,95,TYR95,95,,TYR95,identity_mapped,0.25023323145911897,0.24424534538705453,4,0.4209225735752913,8,0.2804881568548726,8,-169.52659589502713,-166.59276289198968,2.9338330030374493,trans,trans,True,-106.37514054754931,72.38901877268256,1.2358406797681312,False,False
Pro00062,LCC,catalytic_ser,165,SER165,165,,SER165,identity_mapped,0.3210455870256441,0.2114446915652287,4,0.6916199672476917,2,0.3074246782586364,2,-171.44740639137012,-153.21615807131727,18.231248320052856,trans,trans,True,,,,False,False
Pro00062,LCC,oxyanion_region,166,MET166,166,,MET166,identity_mapped,0.2102022404816105,0.16583020626598344,4,0.20785299900625312,4,0.14585043020283586,4,-69.96829018761652,-75.35703838727736,5.388748199660824,gauche-,gauche-,True,-163.1661247218204,-166.61454243606974,3.448417714249331,False,False
Pro00062,LCC,wloop_marker,190,TRP190,190,,TRP190,identity_mapped,0.21048433743193792,0.17036176993862515,4,0.3974329748964885,10,0.3395849014622958,10,-173.15094956673332,-172.68750805327653,0.46344151345678597,trans,trans,True,102.03644031588516,110.19947051356696,8.163030197681792,False,False
Pro00062,LCC,catalytic_acid,210,ASP210,210,,ASP210,identity_mapped,0.20262329257753683,0.118864058747348,4,0.16165232887087605,4,0.2356407922206446,4,-164.1679583170094,-161.28696201247732,2.88099630453209,trans,trans,True,-31.064282256614888,-35.25226429277293,4.187982036158047,False,False
Pro00062,LCC,mapped_pair,218,HIS218,218,,HIS218,identity_mapped,0.06733222501624173,0.1784928264685043,4,0.3999218590683918,6,0.33503882025775567,6,-59.18685101404952,-66.04617729261479,6.859326278565277,gauche-,gauche-,True,87.6353882912038,83.0360474579225,4.599340833281303,False,False
Pro00062,LCC,mapped_pair,222,PHE222,222,,PHE222,identity_mapped,0.09011906346763839,0.09444656081807741,4,0.10344097244287859,7,0.0824466433604868,7,-55.02956152264561,-53.30979441352841,1.7197671091171856,gauche-,gauche-,True,-26.327555886763417,-27.748871012450056,1.4213151256866468,False,False
Pro00062,LCC,catalytic_his,242,HIS242,242,,HIS242,identity_mapped,0.3440993997526897,0.3269677589524571,4,0.33031437690467313,6,0.552200615030515,6,-165.91714493452412,-156.80013886547027,9.117006069053843,trans,trans,True,62.21330260786257,59.57987793774209,2.6334246701204904,False,False
Pro00075,FoCut5a,flap_marker,83,LEU83,82,,LEU82,identity_mapped,0.44698197841442927,0.42425929202732837,4,2.01703980115976,4,1.490031815433041,4,-174.2990328833254,-87.40156362001345,86.89746926331195,trans,gauche-,False,63.06582641167897,160.9377687326398,97.87194232096083,False,False
Pro00075,FoCut5a,flap_marker,86,ASN86,85,,ASN85,identity_mapped,0.3211680549885132,0.47640105207635985,4,0.6276047095096774,4,0.0706174720864894,4,-71.98071171847884,-74.55707333864412,2.5763616201652724,gauche-,gauche-,True,-73.0016467604691,-74.47309675938023,1.4714499989111118,False,False
Pro00075,FoCut5a,catalytic_ser,122,SER122,121,,SER121,identity_mapped,0.1696684144200846,0.25790292590862385,4,0.321883328902827,2,0.16221073545813425,2,-171.59998820898332,-164.10291648989113,7.49707171909219,trans,trans,True,,,,False,False
Pro00075,FoCut5a,catalytic_acid,177,ASP177,176,,ASP176,identity_mapped,0.23173948667750346,0.31811560513306464,4,0.3568678349199211,4,0.08417153250853204,4,-173.48081603917947,-173.04560497916117,0.4352110600183039,trans,trans,True,-8.673333782857384,-9.085085269635023,0.4117514867776322,False,False
Pro00075,FoCut5a,binding_loop_marker,181,THR181,180,,THR180,identity_mapped,0.7092547395258968,0.5845148151605238,4,0.6787207949941846,3,0.34213424576326873,3,65.19235083617875,43.52054756070835,21.67180327547038,gauche+,gauche+,True,,,,False,False
Pro00075,FoCut5a,binding_loop_marker,182,GLY182,181,,GLY181,identity_mapped,0.8520280870061753,0.6420046524781592,4,,0,,0,,,,NA,NA,False,,,,False,False
Pro00075,FoCut5a,binding_loop_marker,183,SER183,182,,SER182,identity_mapped,0.7471326007978538,0.5057898549966688,4,1.8711681541013017,2,1.4688073350277278,2,-170.33835461583593,-54.79300899653486,115.54534561930106,trans,gauche-,False,,,,False,False
Pro00075,FoCut5a,binding_loop_marker,184,LEU184,183,,LEU183,identity_mapped,1.411133911324692,1.5432327213820052,4,1.7594468122295708,4,0.46097373415948684,4,-65.11429367373998,-77.01373285005631,11.89943917631632,gauche-,gauche-,True,-179.6489326232149,167.30578109914154,13.045286277643527,False,False
Pro00075,FoCut5a,binding_loop_marker,185,ILE185,184,,ILE184,identity_mapped,0.8689506050586413,0.6926715663418114,4,0.9059718088756242,4,0.23804263906401119,4,-64.55228215237184,-56.659704011311604,7.892578141060255,gauche-,gauche-,True,168.5108667244692,176.67851218538942,8.167645460920227,False,False
Pro00075,FoCut5a,binding_loop_marker,186,VAL186,185,,VAL185,identity_mapped,0.6769672894386155,0.4384313093138259,4,0.46320723147506454,3,0.14460071057957785,3,179.2742168212097,177.04656012408608,2.2276566971236207,trans,trans,True,,,,False,False
Pro00075,FoCut5a,catalytic_his,190,HIS190,189,,HIS189,identity_mapped,0.23315838145470524,0.3315632042024759,4,0.49344156011697854,6,0.15796663324462984,6,-166.6770628395174,-169.3676885587173,2.6906257191999146,trans,trans,True,64.18359088624771,54.49602072051359,9.687570165734115,False,False
Pro00075,FoCut5a,binding_loop_marker,191,LEU191,190,,LEU190,identity_mapped,0.26603340827803357,0.5031190251795128,4,0.44862825110889104,4,0.554674781669542,4,-55.738980075769476,-46.54172874309272,9.197251332676757,gauche-,gauche-,True,179.54159335595332,156.86449226219926,22.67710109375406,False,False
Pro00083,IsPETase,oxyanion,87,TYR87,87,,TYR87,identity_mapped,0.1982265799945668,0.2040359720426869,4,0.2763518144921939,8,0.23217912437607247,8,-166.00604320029905,-165.72472583919856,0.2813173611004913,trans,trans,True,-109.89839314033449,69.49172702608239,0.6098798335831361,False,False
Pro00083,IsPETase,catalytic_ser,160,SER160,160,,SER160,identity_mapped,0.04680286874402318,0.11274865264999463,4,0.25681196169574266,2,0.06712701741822442,2,-168.90477399435858,-165.05367094547907,3.8511030488795086,trans,trans,True,,,,False,False
Pro00083,IsPETase,oxyanion,161,MET161,161,,MET161,identity_mapped,0.19636929023403013,0.17661978558996172,4,0.26448080941910473,4,0.2522712030243025,4,-69.96320651264898,-74.55338522885805,4.590178716209067,gauche-,gauche-,True,-170.13520025318292,-158.54210295975005,11.593097293432862,False,False
Pro00083,IsPETase,wloop_marker,185,TRP185,185,,TRP185,identity_mapped,0.2739380428889007,0.21551442354541553,4,0.4737505651184322,10,0.47135236098607236,10,-174.01302945446852,179.1848904411924,6.8020801043390975,trans,trans,True,93.08571089551526,90.3561768339681,2.729534061547156,False,False
Pro00083,IsPETase,catalytic_acid,206,ASP206,206,,ASP206,identity_mapped,0.2239742213166142,0.2154093834462626,4,0.1299969344618907,4,0.15714147972753462,4,-162.4171150809895,-155.80375570166268,6.613359379326823,trans,trans,True,-30.522218913222908,-36.91921510105369,6.39699618783078,False,False
Pro00083,IsPETase,mapped_pair,214,SER214,214,,SER214,identity_mapped,0.2911036991531301,0.2217928360364031,4,0.567941476880501,2,0.43932624599602776,2,-53.91357299338842,-83.4980087590959,29.584435765707468,gauche-,gauche-,True,,,,False,False
Pro00083,IsPETase,mapped_pair,218,ILE218,218,,ILE218,identity_mapped,0.2527935944766188,0.3259285669910122,4,0.33716103589467583,4,0.14316966364471173,4,-71.06077896599669,-70.63726998035372,0.4235089856429681,gauche-,gauche-,True,169.48114122390277,161.07685737788827,8.404283846014494,False,False
Pro00083,IsPETase,catalytic_his,237,HIS237,237,,HIS237,identity_mapped,0.08569235415404121,0.07159743010487522,4,0.09280920027136602,6,0.07912243424465172,6,-168.61806654086303,-170.88975704395045,2.2716905030874273,trans,trans,True,54.15547463798983,50.20289893692172,3.952575701068099,False,False
Pro00121,HiC,cleft_patch,28,SER28,28,,SER28,identity_mapped,0.1520568759485134,0.22374472027018016,4,0.5913549099403275,2,0.4522694839411291,2,-61.35309046802893,-31.176426576625026,30.176663891403905,gauche-,gauche-,True,,,,False,False
Pro00121,HiC,cleft_patch,29,THR29,29,,THR29,identity_mapped,0.1414486114125527,0.32015025451233475,4,0.6066145287567498,3,0.2556040356718613,3,68.47277619335226,80.36961707743926,11.896840884086998,gauche+,gauche+,True,,,,False,False
Pro00121,HiC,cleft_patch,70,PHE70,70,,PHE70,identity_mapped,0.1617793089094729,0.2789887280997011,4,0.557810556136126,7,0.400147029742226,7,-65.90003674682293,-65.57306119809472,0.3269755487282282,gauche-,gauche-,True,-81.69372083864822,79.96983144331804,18.336447718033753,False,False
Pro00121,HiC,catalytic_ser,105,SER105,105,,SER105,identity_mapped,0.20366031016137803,0.25301966775099166,4,0.6197814775529015,2,0.28739771211885795,2,-164.11455681843435,172.9663709302072,22.919072251358443,trans,trans,True,,,,False,False
Pro00121,HiC,catalytic_acid,160,ASP160,160,,ASP160,identity_mapped,0.24885762780183138,0.2640222400234644,4,0.4043978117934961,4,0.11536550716820788,4,-171.77358782027176,-175.53105157871565,3.7574637584438904,trans,trans,True,-20.037951881915426,-9.29025985344815,10.74769202846727,False,False
Pro00121,HiC,his_side_rim,164,THR164,164,,THR164,identity_mapped,0.6265611435645819,0.4900360592565604,4,2.24289178822189,3,2.0757685084326236,3,55.826126895586235,-168.57151703338562,135.6023560710281,gauche+,trans,False,,,,False,False
Pro00121,HiC,his_side_rim,165,GLY165,165,,GLY165,identity_mapped,0.5046020855077045,0.4732564094595286,4,,0,,0,,,,NA,NA,False,,,,False,False
Pro00121,HiC,his_side_rim,166,THR166,166,,THR166,identity_mapped,0.7316773095085471,0.7542505185636169,4,2.0406893305291236,3,2.0528251172784477,3,78.32103616671617,-66.22236926518804,144.5434054319042,gauche+,gauche-,False,,,,False,False
Pro00121,HiC,catalytic_his,173,HIS173,173,,HIS173,identity_mapped,0.39476223262733184,0.4998047615722398,4,0.5647722257351183,6,0.2300729625133146,6,-173.7416991664253,-168.80545490776427,4.93624425866102,trans,trans,True,63.32223743635142,65.575604037605,2.253366601253589,False,False
Pro00137,PHL7,subsite,63,PHE63,63,,PHE63,identity_mapped,0.29950805652567486,0.27568808703565123,4,0.6214745454232251,7,0.3887832709505245,7,-179.89250230587425,-170.363041712844,9.529460593030251,trans,trans,True,-112.1010142171951,67.28020337522311,0.61878240758179,False,False
Pro00137,PHL7,subsite,93,LEU93,93,,LEU93,identity_mapped,0.3019841102972802,0.28783603752143727,4,0.6459835778434078,4,0.18739417834891642,4,-58.60497698525326,-51.768535660824114,6.836441324429131,gauche-,gauche-,True,178.82167687255847,-179.02174210424934,2.1565810231921887,False,False
Pro00137,PHL7,subsite,95,GLN95,95,,GLN95,identity_mapped,0.2534712294129289,0.22865960063360305,4,0.5877351355630646,5,0.22512883907504075,5,-65.01424668952957,-61.46787107509274,3.5463756144368404,gauche-,gauche-,True,-61.89723257677476,-66.45414393992718,4.556911363152409,False,False
Pro00137,PHL7,catalytic_ser,131,SER131,131,,SER131,identity_mapped,0.19203795876054816,0.17093756028091267,4,0.4761450497382856,2,0.342997739878493,2,-162.76640907726153,-152.92514205049443,9.841267026767099,trans,trans,True,,,,False,True
Pro00137,PHL7,subsite,132,MET132,132,,MET132,identity_mapped,0.23360983411523284,0.16122954080435958,4,0.3397375915405883,4,0.168867720042191,4,-75.75547052535572,-72.98118125905405,2.7742892663016505,gauche-,gauche-,True,-174.3737147936371,-166.39421308231084,7.9795017113262645,False,False
Pro00137,PHL7,wloop_marker,156,TRP156,156,,TRP156,identity_mapped,0.17768088540051521,0.18591626712351478,4,0.1972014348059392,10,0.17119598608349193,10,-170.0010151343742,-171.50102134935887,1.5000062149846656,trans,trans,True,98.43757720473658,100.04477341658419,1.6071962118476222,False,False
Pro00137,PHL7,catalytic_acid,177,ASP177,177,,ASP177,identity_mapped,0.2470395788059956,0.06973670407125902,4,0.15469656963382558,4,0.22422641728131046,4,-166.35444291739992,-163.2247248687502,3.129718048649721,trans,trans,True,-25.02317023255372,-30.912315851379958,5.889145618826234,False,False
Pro00137,PHL7,subsite,178,THR178,178,,THR178,identity_mapped,0.29543814501399135,0.21335188892898063,4,0.24959934233029266,3,0.07861607002010917,3,58.727620508269816,59.84437601278901,1.1167555045192046,gauche+,gauche+,True,,,,False,False
Pro00137,PHL7,subsite,179,ILE179,179,,ILE179,identity_mapped,0.3643792298818938,0.3749584191180115,4,1.1255946386654032,4,1.150354269817928,4,-60.106107782704,-66.83948575843318,6.733377975729184,gauche-,gauche-,True,-60.56574885377997,170.92374613106062,128.51050501515942,False,False
Pro00137,PHL7,mapped_pair,185,HIS185,185,,HIS185,identity_mapped,0.3257078873163858,0.4418469648547881,4,1.5268390244807364,6,1.4843486168503175,6,-70.41876294625246,-65.96384806580032,4.454914880452122,gauche-,gauche-,True,74.35905942452388,-95.89735400844984,170.25641343297372,False,False
Pro00137,PHL7,mapped_pair,189,PHE189,189,,PHE189,identity_mapped,0.31206143519755586,0.37486815159758996,4,0.35266119377212496,7,0.6122166331240041,7,-62.493754184972516,-51.86024802236174,10.633506162610786,gauche-,gauche-,True,-12.971580388439829,-29.917585574831374,16.946005186391545,False,False
Pro00137,PHL7,catalytic_his,209,HIS209,209,,HIS209,identity_mapped,0.5549506377519925,0.4371668844726571,4,0.580481163508968,6,0.13233305934192735,6,-172.98055363795038,-171.29136071970098,1.6891929182494039,trans,trans,True,63.531149157798545,62.45803342513844,1.0731157326601135,False,False
