protein_id,protein_label,pet_kind,landmark_class,contact_mass,residue_case_signals,mean_contact_fraction_included,contact_mass_share,analysis,min_contact_fraction,protein_short
Pro00057,T. fusca cutinase 1 / CUT1 / 7QJR,PET_L4,Catalytic/oxyanion,3.46656668,6,0.5777611133333334,0.3190759957808776,contact_fraction_ge_0_2,0.2,CUT1
Pro00057,T. fusca cutinase 1 / CUT1 / 7QJR,PET_L4,W-loop/flexible or rigid pair,1.00749906,2,0.50374953,0.09273404941912097,contact_fraction_ge_0_2,0.2,CUT1
Pro00057,T. fusca cutinase 1 / CUT1 / 7QJR,PET_L4,Cleft/rim patch,2.92625922,5,0.585251844,0.2693440400040059,contact_fraction_ge_0_2,0.2,CUT1
Pro00057,T. fusca cutinase 1 / CUT1 / 7QJR,PET_L4,Other/candidate,3.46406699,5,0.692813398,0.31884591479599556,contact_fraction_ge_0_2,0.2,CUT1
Pro00057,T. fusca cutinase 1 / CUT1 / 7QJR,PET_L10,Catalytic/oxyanion,22.75053118,31,0.7338881025806452,0.41239306552391736,contact_fraction_ge_0_2,0.2,CUT1
Pro00057,T. fusca cutinase 1 / CUT1 / 7QJR,PET_L10,W-loop/flexible or rigid pair,8.12635922,13,0.6251045553846153,0.1473044371478429,contact_fraction_ge_0_2,0.2,CUT1
Pro00057,T. fusca cutinase 1 / CUT1 / 7QJR,PET_L10,Cleft/rim patch,16.59005124,21,0.7900024400000001,0.30072361976659867,contact_fraction_ge_0_2,0.2,CUT1
Pro00057,T. fusca cutinase 1 / CUT1 / 7QJR,PET_L10,Other/candidate,7.7001624699999995,14,0.550011605,0.13957887756164114,contact_fraction_ge_0_2,0.2,CUT1
Pro00057,T. fusca cutinase 1 / CUT1 / 7QJR,PET_L20,Catalytic/oxyanion,31.67141609,42,0.7540813354761905,0.43496911156554696,contact_fraction_ge_0_2,0.2,CUT1
Pro00057,T. fusca cutinase 1 / CUT1 / 7QJR,PET_L20,W-loop/flexible or rigid pair,5.10361205,6,0.8506020083333333,0.07009202218351834,contact_fraction_ge_0_2,0.2,CUT1
Pro00057,T. fusca cutinase 1 / CUT1 / 7QJR,PET_L20,Cleft/rim patch,20.01137358,25,0.8004549432,0.27483233975279,contact_fraction_ge_0_2,0.2,CUT1
Pro00057,T. fusca cutinase 1 / CUT1 / 7QJR,PET_L20,Other/candidate,16.02662166,28,0.572379345,0.2201065264981447,contact_fraction_ge_0_2,0.2,CUT1
Pro00062,LCC WT,PET_L4,Catalytic/oxyanion,6.72628422,8,0.8407855275,0.47705031428340355,contact_fraction_ge_0_2,0.2,LCC
Pro00062,LCC WT,PET_L4,W-loop/flexible or rigid pair,2.151981,3,0.717327,0.1526256070668856,contact_fraction_ge_0_2,0.2,LCC
Pro00062,LCC WT,PET_L4,Cleft/rim patch,2.4506936599999998,4,0.6126734149999999,0.17381129647170104,contact_fraction_ge_0_2,0.2,LCC
Pro00062,LCC WT,PET_L4,Subsite/hotspot/stability,0.90751156,1,0.90751156,0.06436372010961823,contact_fraction_ge_0_2,0.2,LCC
Pro00062,LCC WT,PET_L4,Other/candidate,1.86326709,3,0.6210890299999999,0.13214906206839155,contact_fraction_ge_0_2,0.2,LCC
Pro00062,LCC WT,PET_L10,Catalytic/oxyanion,5.844894389999999,11,0.5313540354545454,0.3328730359276057,contact_fraction_ge_0_2,0.2,LCC
Pro00062,LCC WT,PET_L10,W-loop/flexible or rigid pair,1.46344207,3,0.4878140233333333,0.08334460338214592,contact_fraction_ge_0_2,0.2,LCC
Pro00062,LCC WT,PET_L10,Cleft/rim patch,2.54855643,4,0.6371391075,0.14514303586705538,contact_fraction_ge_0_2,0.2,LCC
Pro00062,LCC WT,PET_L10,Subsite/hotspot/stability,0.9873765800000001,4,0.24684414500000001,0.05623216055892098,contact_fraction_ge_0_2,0.2,LCC
Pro00062,LCC WT,PET_L10,Other/candidate,6.71466069,18,0.37303670499999997,0.382407164264272,contact_fraction_ge_0_2,0.2,LCC
Pro00062,LCC WT,PET_L20,Catalytic/oxyanion,12.792026,22,0.5814557272727273,0.23891324329988736,contact_fraction_ge_0_2,0.2,LCC
Pro00062,LCC WT,PET_L20,W-loop/flexible or rigid pair,4.50693663,7,0.64384809,0.08417484827034939,contact_fraction_ge_0_2,0.2,LCC
Pro00062,LCC WT,PET_L20,Cleft/rim patch,4.27396576,9,0.4748850844444445,0.07982371373184108,contact_fraction_ge_0_2,0.2,LCC
Pro00062,LCC WT,PET_L20,Subsite/hotspot/stability,2.84439445,6,0.47406574166666665,0.05312399328094699,contact_fraction_ge_0_2,0.2,LCC
Pro00062,LCC WT,PET_L20,Other/candidate,29.125234380000002,56,0.5200934710714286,0.5439642014169752,contact_fraction_ge_0_2,0.2,LCC
Pro00075,FoCut5a,PET_L10,Catalytic/oxyanion,7.06111735,10,0.706111735,0.08972917329919984,contact_fraction_ge_0_2,0.2,FoCut5a
Pro00075,FoCut5a,PET_L10,Flap/binding loop,37.51106115,55,0.6820192936363637,0.4766719401094832,contact_fraction_ge_0_2,0.2,FoCut5a
Pro00075,FoCut5a,PET_L10,Other/candidate,34.12148478,58,0.588301461724138,0.4335988865913169,contact_fraction_ge_0_2,0.2,FoCut5a
Pro00075,FoCut5a,PET_L20,Catalytic/oxyanion,4.12748406,6,0.68791401,0.03487565299965193,contact_fraction_ge_0_2,0.2,FoCut5a
Pro00075,FoCut5a,PET_L20,Flap/binding loop,46.43844521,71,0.6540626085915493,0.39238700318258973,contact_fraction_ge_0_2,0.2,FoCut5a
Pro00075,FoCut5a,PET_L20,Other/candidate,67.78265219,106,0.6394589829245282,0.5727373438177583,contact_fraction_ge_0_2,0.2,FoCut5a
Pro00083,IsPETase WT,PET_L4,Catalytic/oxyanion,2.94288214,6,0.4904803566666667,0.28327718942181324,contact_fraction_ge_0_2,0.2,IsPETase
Pro00083,IsPETase WT,PET_L4,W-loop/flexible or rigid pair,0.68328959,1,0.68328959,0.06577237735262585,contact_fraction_ge_0_2,0.2,IsPETase
Pro00083,IsPETase WT,PET_L4,Cleft/rim patch,1.45269341,3,0.4842311366666667,0.1398339745527117,contact_fraction_ge_0_2,0.2,IsPETase
Pro00083,IsPETase WT,PET_L4,Other/candidate,5.30983628,16,0.3318647675,0.5111164586728492,contact_fraction_ge_0_2,0.2,IsPETase
Pro00083,IsPETase WT,PET_L10,Catalytic/oxyanion,9.85314335,15,0.6568762233333333,0.28734668556376947,contact_fraction_ge_0_2,0.2,IsPETase
Pro00083,IsPETase WT,PET_L10,W-loop/flexible or rigid pair,7.90763655,15,0.52717577,0.23060997618444484,contact_fraction_ge_0_2,0.2,IsPETase
Pro00083,IsPETase WT,PET_L10,Cleft/rim patch,5.36982877,6,0.8949714616666666,0.156600025422798,contact_fraction_ge_0_2,0.2,IsPETase
Pro00083,IsPETase WT,PET_L10,Other/candidate,11.15948008,26,0.4292107723076923,0.32544331282898764,contact_fraction_ge_0_2,0.2,IsPETase
Pro00083,IsPETase WT,PET_L20,Catalytic/oxyanion,18.008998860000002,34,0.5296764370588236,0.3291890552687813,contact_fraction_ge_0_2,0.2,IsPETase
Pro00083,IsPETase WT,PET_L20,W-loop/flexible or rigid pair,14.1794776,29,0.48894750344827587,0.25918869070042494,contact_fraction_ge_0_2,0.2,IsPETase
Pro00083,IsPETase WT,PET_L20,Cleft/rim patch,8.05286839,11,0.7320789445454546,0.14719952830892297,contact_fraction_ge_0_2,0.2,IsPETase
Pro00083,IsPETase WT,PET_L20,Other/candidate,14.4658168,33,0.4383580848484849,0.2644227257218708,contact_fraction_ge_0_2,0.2,IsPETase
Pro00121,HiC / 4OYY,PET_L10,Catalytic/oxyanion,5.62992126,12,0.469160105,0.11364697157249759,contact_fraction_ge_0_2,0.2,HiC
Pro00121,HiC / 4OYY,PET_L10,Cleft/rim patch,36.16072991,63,0.5739798398412699,0.7299493641803675,contact_fraction_ge_0_2,0.2,HiC
Pro00121,HiC / 4OYY,PET_L10,Other/candidate,7.74803149,17,0.4557665582352941,0.1564036642471348,contact_fraction_ge_0_2,0.2,HiC
Pro00121,HiC / 4OYY,PET_L20,Catalytic/oxyanion,6.2400949699999995,13,0.48000730538461533,0.06168967949054078,contact_fraction_ge_0_2,0.2,HiC
Pro00121,HiC / 4OYY,PET_L20,Cleft/rim patch,67.70678669,104,0.6510267950961539,0.6693503849414191,contact_fraction_ge_0_2,0.2,HiC
Pro00121,HiC / 4OYY,PET_L20,Other/candidate,27.20609922,61,0.446001626557377,0.26895993556804015,contact_fraction_ge_0_2,0.2,HiC
Pro00137,PHL7 / 7NEI,PET_L4,Catalytic/oxyanion,0.99500062,1,0.99500062,0.14611629038213586,contact_fraction_ge_0_2,0.2,PHL7
Pro00137,PHL7 / 7NEI,PET_L4,W-loop/flexible or rigid pair,1.7039120099999998,2,0.8519560049999999,0.25022024814292954,contact_fraction_ge_0_2,0.2,PHL7
Pro00137,PHL7 / 7NEI,PET_L4,Subsite/hotspot/stability,4.11073616,5,0.8221472320000001,0.6036634614749347,contact_fraction_ge_0_2,0.2,PHL7
Pro00137,PHL7 / 7NEI,PET_L10,Catalytic/oxyanion,3.20897387,6,0.5348289783333333,0.1907418686438893,contact_fraction_ge_0_2,0.2,PHL7
Pro00137,PHL7 / 7NEI,PET_L10,W-loop/flexible or rigid pair,1.44819397,3,0.4827313233333333,0.086080857989851,contact_fraction_ge_0_2,0.2,PHL7
Pro00137,PHL7 / 7NEI,PET_L10,Subsite/hotspot/stability,11.42907136,19,0.6015300715789473,0.6793456464233402,contact_fraction_ge_0_2,0.2,PHL7
Pro00137,PHL7 / 7NEI,PET_L10,Other/candidate,0.73740782,2,0.36870391,0.043831626942919547,contact_fraction_ge_0_2,0.2,PHL7
Pro00137,PHL7 / 7NEI,PET_L20,Catalytic/oxyanion,1.74765654,2,0.87382827,0.12362739364903685,contact_fraction_ge_0_2,0.2,PHL7
Pro00137,PHL7 / 7NEI,PET_L20,W-loop/flexible or rigid pair,4.1792276,6,0.6965379333333334,0.29563418430838795,contact_fraction_ge_0_2,0.2,PHL7
Pro00137,PHL7 / 7NEI,PET_L20,Subsite/hotspot/stability,8.20959879,12,0.6841332324999999,0.5807384220425752,contact_fraction_ge_0_2,0.2,PHL7
