protein_id,landmark_class,protein_short,pdb_id,contact_mass,residue_count,top20_total_contact_mass,contact_mass_share,contact_mass_percent,retained_n,stability_warn_n
Pro00083,Catalytic/oxyanion,IsPETase,6EQD,2.4220241669230766,7,6.130906713076923,0.3950515446201486,39.50515446201486,13,13
Pro00083,W-loop/flexible or rigid pair,IsPETase,6EQD,1.9013584861538462,7,6.130906713076923,0.3101268009996534,31.01268009996534,13,13
Pro00083,Cleft/rim patch,IsPETase,6EQD,1.1336467553846155,2,6.130906713076923,0.18490686752199353,18.490686752199352,13,13
Pro00083,Flap/binding loop,IsPETase,6EQD,0.0,0,6.130906713076923,0.0,0.0,13,13
Pro00083,Subsite/hotspot/stability,IsPETase,6EQD,0.0,0,6.130906713076923,0.0,0.0,13,13
Pro00083,Other/candidate,IsPETase,6EQD,0.6738773046153845,4,6.130906713076923,0.1099147868582044,10.99147868582044,13,13
Pro00057,Catalytic/oxyanion,TfCut1,7QJR,4.0045530014285715,8,9.262119020714287,0.4323581884958053,43.23581884958053,14,0
Pro00057,W-loop/flexible or rigid pair,TfCut1,7QJR,0.9811541428571429,2,9.262119020714287,0.1059319299031721,10.59319299031721,14,0
Pro00057,Cleft/rim patch,TfCut1,7QJR,2.8700251750000003,6,9.262119020714287,0.30986701515941717,30.986701515941718,14,0
Pro00057,Flap/binding loop,TfCut1,7QJR,0.0,0,9.262119020714287,0.0,0.0,14,0
Pro00057,Subsite/hotspot/stability,TfCut1,7QJR,0.0,0,9.262119020714287,0.0,0.0,14,0
Pro00057,Other/candidate,TfCut1,7QJR,1.4063867014285716,4,9.262119020714287,0.1518428664416053,15.18428664416053,14,0
Pro00062,Catalytic/oxyanion,LCC,4EB0,2.1704498484615384,7,5.131627777692308,0.42295543295183996,42.295543295184,13,13
Pro00062,W-loop/flexible or rigid pair,LCC,4EB0,0.6626383238461538,2,5.131627777692308,0.1291282907787482,12.912829077874822,13,13
Pro00062,Cleft/rim patch,LCC,4EB0,0.7482718507692308,2,5.131627777692308,0.145815691079942,14.5815691079942,13,13
Pro00062,Flap/binding loop,LCC,4EB0,0.0,0,5.131627777692308,0.0,0.0,13,13
Pro00062,Subsite/hotspot/stability,LCC,4EB0,0.40231509307692304,2,5.131627777692308,0.0783991182731192,7.83991182731192,13,13
Pro00062,Other/candidate,LCC,4EB0,1.1479526615384616,7,5.131627777692308,0.22370146691635062,22.370146691635064,13,13
Pro00075,Catalytic/oxyanion,FoCut5a,5AJH,0.4136670416666666,1,10.067220764166667,0.041090490747861204,4.10904907478612,12,12
Pro00075,W-loop/flexible or rigid pair,FoCut5a,5AJH,0.0,0,10.067220764166667,0.0,0.0,12,12
Pro00075,Cleft/rim patch,FoCut5a,5AJH,0.0,0,10.067220764166667,0.0,0.0,12,12
Pro00075,Flap/binding loop,FoCut5a,5AJH,4.7468337300000005,9,10.067220764166667,0.4715138210632981,47.151382106329805,12,12
Pro00075,Subsite/hotspot/stability,FoCut5a,5AJH,0.0,0,10.067220764166667,0.0,0.0,12,12
Pro00075,Other/candidate,FoCut5a,5AJH,4.9067199925,10,10.067220764166667,0.48739568818884077,48.739568818884074,12,12
Pro00121,Catalytic/oxyanion,HiC,4OYY,0.2629382869230769,1,8.787545786923076,0.02992169751358345,2.992169751358345,13,0
Pro00121,W-loop/flexible or rigid pair,HiC,4OYY,0.0,0,8.787545786923076,0.0,0.0,13,0
Pro00121,Cleft/rim patch,HiC,4OYY,7.1656716007692305,14,8.787545786923076,0.8154349091907562,81.54349091907562,13,0
Pro00121,Flap/binding loop,HiC,4OYY,0.0,0,8.787545786923076,0.0,0.0,13,0
Pro00121,Subsite/hotspot/stability,HiC,4OYY,0.0,0,8.787545786923076,0.0,0.0,13,0
Pro00121,Other/candidate,HiC,4OYY,1.3589358992307692,5,8.787545786923076,0.15464339329566046,15.464339329566046,13,0
Pro00137,Catalytic/oxyanion,PHL7,7NEI,1.0098737633333335,3,6.693809098333333,0.15086683060393494,15.086683060393494,6,0
Pro00137,W-loop/flexible or rigid pair,PHL7,7NEI,1.3520184966666666,4,6.693809098333333,0.2019804384626536,20.19804384626536,6,0
Pro00137,Cleft/rim patch,PHL7,7NEI,0.0,0,6.693809098333333,0.0,0.0,6,0
Pro00137,Flap/binding loop,PHL7,7NEI,0.0,0,6.693809098333333,0.0,0.0,6,0
Pro00137,Subsite/hotspot/stability,PHL7,7NEI,4.234158225,12,6.693809098333333,0.6325483984976875,63.25483984976875,6,0
Pro00137,Other/candidate,PHL7,7NEI,0.09775861333333334,1,6.693809098333333,0.014604332435723913,1.4604332435723912,6,0
