protein_id,protein_label,residue,residue_name,residue_label,structural_region,landmark_class,annotation_confidence,protein_caveat,mean_contact_fraction,median_contact_fraction,contact_fraction_sd,contact_fraction_q25,contact_fraction_q75,min_contact_fraction,max_contact_fraction,n_retained,n_cases_ge_0_5,stability_pass_n,support_fraction_ge_0_5,protein_short,pdb_id,rank_within_protein,is_top8
Pro00083,IsPETase WT,208,ILE,I208,catalytic Asp/His active-site rim,Cleft/rim patch,medium,Use as the IsPETase reference framework; state local/simulation numbering.,0.6687337153846153,0.73953256,0.40028253950234133,0.68541432,0.96862892,0.0,1.0,13,10,0,0.7692307692307693,IsPETase,6EQD,1,True
Pro00083,IsPETase WT,87,TYR,Y87,oxyanion donor / active-site pocket,Catalytic/oxyanion,high,Use as the IsPETase reference framework; state local/simulation numbering.,0.6614077084615384,0.736033,0.39971356362682103,0.63642045,0.99650044,0.0,0.99900012,13,10,0,0.7692307692307693,IsPETase,6EQD,2,True
Pro00083,IsPETase WT,185,TRP,W185,canonical W-loop Trp,W-loop/flexible or rigid pair,high,Use as the IsPETase reference framework; state local/simulation numbering.,0.6340072884615384,0.68328959,0.39289372251186594,0.60304962,0.98712661,0.0,1.0,13,10,0,0.7692307692307693,IsPETase,6EQD,3,True
Pro00083,IsPETase WT,161,MET,M161,oxyanion donor / active-site pocket,Catalytic/oxyanion,high,Use as the IsPETase reference framework; state local/simulation numbering.,0.626902406923077,0.66666667,0.386140221591968,0.52918385,0.94513186,0.0,0.99912511,13,10,0,0.7692307692307693,IsPETase,6EQD,4,True
Pro00083,IsPETase WT,207,SER,S207,catalytic Asp/His active-site rim,Cleft/rim patch,medium,Use as the IsPETase reference framework; state local/simulation numbering.,0.46491304,0.5175603,0.3270020354143933,0.11698538,0.68978878,0.0,0.87564054,13,8,0,0.6153846153846154,IsPETase,6EQD,5,True
Pro00083,IsPETase WT,119,GLN,Q119,no named landmark assigned,Other/candidate,low,Use as the IsPETase reference framework; state local/simulation numbering.,0.4073625415384615,0.50393701,0.31093226217145353,0.06899138,0.63704537,0.0,0.8343957,13,7,0,0.5384615384615384,IsPETase,6EQD,6,True
Pro00083,IsPETase WT,187,SER,S187,W185 W-loop neighborhood,W-loop/flexible or rigid pair,medium,Use as the IsPETase reference framework; state local/simulation numbering.,0.3416111438461539,0.29408824,0.2988055624105406,0.04949381,0.50168729,0.0,0.94625672,13,4,0,0.3076923076923077,IsPETase,6EQD,7,True
Pro00083,IsPETase WT,117,LEU,L117,near Y87 (oxyanion donor / active-site pocket),Catalytic/oxyanion,medium-low,Use as the IsPETase reference framework; state local/simulation numbering.,0.32766096461538463,0.34045744,0.2783827325625252,0.08023997,0.51143607,0.0,0.78365204,13,4,0,0.3076923076923077,IsPETase,6EQD,8,True
Pro00057,T. fusca cutinase 1 / CUT1 / 7QJR,61,TYR,Y61,oxyanion donor / active-site pocket,Catalytic/oxyanion,high,Do not call Pro00057 TfCut2; use Pro00057/CUT1 simulation numbering.,0.9223757742857143,0.998750155,0.18018478581657033,0.9586926625000001,0.999718785,0.37495313,1.0,14,13,14,0.9285714285714286,TfCut1,7QJR,1,True
Pro00057,T. fusca cutinase 1 / CUT1 / 7QJR,179,ILE,I179,catalytic Asp/His active-site rim,Cleft/rim patch,medium,Do not call Pro00057 TfCut2; use Pro00057/CUT1 simulation numbering.,0.8387433707142857,0.97494063,0.288369367289514,0.8720784875,0.99565679,0.01512311,1.0,14,13,14,0.9285714285714286,TfCut1,7QJR,2,True
Pro00057,T. fusca cutinase 1 / CUT1 / 7QJR,132,MET,M132,oxyanion donor / active-site pocket,Catalytic/oxyanion,high,Do not call Pro00057 TfCut2; use Pro00057/CUT1 simulation numbering.,0.7428625,0.8753905799999999,0.32958564779577315,0.68710161,0.9613173349999999,0.0,0.98925134,14,12,14,0.8571428571428571,TfCut1,7QJR,3,True
Pro00057,T. fusca cutinase 1 / CUT1 / 7QJR,156,TRP,W156,Thermobifida W-loop equivalent,W-loop/flexible or rigid pair,high for local mapping,Do not call Pro00057 TfCut2; use Pro00057/CUT1 simulation numbering.,0.7425054014285715,0.83264592,0.33662636367553167,0.68938258,0.986501685,0.0,0.9976253,14,12,14,0.8571428571428571,TfCut1,7QJR,4,True
Pro00057,T. fusca cutinase 1 / CUT1 / 7QJR,178,THR,T178,catalytic Asp/His active-site rim,Cleft/rim patch,medium,Do not call Pro00057 TfCut2; use Pro00057/CUT1 simulation numbering.,0.6986001742857143,0.84983127,0.33137662984479527,0.5517122875,0.923697035,0.00612423,1.0,14,10,14,0.7142857142857143,TfCut1,7QJR,5,True
Pro00057,T. fusca cutinase 1 / CUT1 / 7QJR,62,THR,T62,catalytic/oxyanion pocket neighborhood,Catalytic/oxyanion,medium,Do not call Pro00057 TfCut2; use Pro00057/CUT1 simulation numbering.,0.6408573914285715,0.819710035,0.3698627043701958,0.250187475,0.921228595,0.05286839,1.0,14,9,14,0.6428571428571429,TfCut1,7QJR,6,True
Pro00057,T. fusca cutinase 1 / CUT1 / 7QJR,210,PHE,F210,catalytic Asp/His active-site rim,Cleft/rim patch,medium,Do not call Pro00057 TfCut2; use Pro00057/CUT1 simulation numbering.,0.6333672585714286,0.865266845,0.41808985457162584,0.19647544249999999,0.98390826,0.01812273,1.0,14,9,14,0.6428571428571429,TfCut1,7QJR,7,True
Pro00057,T. fusca cutinase 1 / CUT1 / 7QJR,91,LEU,L91,near Y61 (oxyanion donor / active-site pocket),Catalytic/oxyanion,medium-low,Do not call Pro00057 TfCut2; use Pro00057/CUT1 simulation numbering.,0.6138072035714286,0.67579053,0.3145804013993277,0.508998875,0.8730158725,0.0,0.96512936,14,10,14,0.7142857142857143,TfCut1,7QJR,8,True
Pro00062,LCC WT,95,TYR,Y95,oxyanion/active-site pocket,Catalytic/oxyanion,medium-high,"Local mapping supports these LCC landmarks, but final prose needs primary-paper citation check.",0.5772066953846153,0.720035,0.40248609495670656,0.23672041,0.98775153,0.00212473,0.99987502,13,8,0,0.6153846153846154,LCC,4EB0,1,True
Pro00062,LCC WT,127,TYR,Y127,no named landmark assigned,Other/candidate,low,"Local mapping supports these LCC landmarks, but final prose needs primary-paper citation check.",0.5115225984615385,0.59067617,0.3792867502621957,0.20622422,0.70503687,0.0,1.0,13,8,0,0.6153846153846154,LCC,4EB0,2,True
Pro00062,LCC WT,190,TRP,W190,W-loop Trp,W-loop/flexible or rigid pair,high for local mapping,"Local mapping supports these LCC landmarks, but final prose needs primary-paper citation check.",0.47801717,0.51418573,0.37728511559765227,0.12823397,0.77077865,0.0,0.95550556,13,7,0,0.5384615384615384,LCC,4EB0,3,True
Pro00062,LCC WT,166,MET,M166,oxyanion/active-site pocket,Catalytic/oxyanion,medium-high,"Local mapping supports these LCC landmarks, but final prose needs primary-paper citation check.",0.47336390615384616,0.43857018,0.39476375779599204,0.11936008,0.89888764,0.0,0.95550556,13,6,0,0.46153846153846156,LCC,4EB0,4,True
Pro00062,LCC WT,125,PHE,F125,near Y95 (oxyanion/active-site pocket),Catalytic/oxyanion,medium-low,"Local mapping supports these LCC landmarks, but final prose needs primary-paper citation check.",0.44317537230769233,0.27534058,0.38296096238488614,0.15698038,0.75553056,0.00024997,0.9863767,13,6,0,0.46153846153846156,LCC,4EB0,5,True
Pro00062,LCC WT,212,VAL,V212,LCC catalytic Asp active-site rim,Cleft/rim patch,medium,"Local mapping supports these LCC landmarks, but final prose needs primary-paper citation check.",0.44103140846153843,0.46231721,0.3612409502919257,0.11948506,0.6767904,0.00037495,0.99487564,13,6,0,0.46153846153846156,LCC,4EB0,6,True
Pro00062,LCC WT,211,THR,T211,LCC catalytic Asp active-site rim,Cleft/rim patch,medium,"Local mapping supports these LCC landmarks, but final prose needs primary-paper citation check.",0.3072404423076923,0.28021497,0.24316754752347086,0.11536058,0.37745282,0.00049994,0.72903387,13,3,0,0.23076923076923078,LCC,4EB0,7,True
Pro00062,LCC WT,243,PHE,F243,distal/subsite position,Subsite/hotspot/stability,medium,"Local mapping supports these LCC landmarks, but final prose needs primary-paper citation check.",0.24986299615384616,0.15685539,0.2842620802739367,0.04324459,0.32920885,0.0,0.90751156,13,2,0,0.15384615384615385,LCC,4EB0,8,True
Pro00075,FoCut5a,191,LEU,L191,FoCut5a binding loop / catalytic-His loop,Flap/binding loop,high for +1 offset,FoCut5a simulation numbering is +1 relative to raw 5AJH for the documented triad/loop regions.,0.7905886775000001,0.955943005,0.33065468662840947,0.7482189749999999,0.9916885424999999,0.0,0.99912511,12,10,0,0.8333333333333334,FoCut5a,5AJH,1,True
Pro00075,FoCut5a,45,THR,T45,FoCut5a N-terminal cleft patch outside memo landmarks,Other/candidate,low,FoCut5a simulation numbering is +1 relative to raw 5AJH for the documented triad/loop regions.,0.7548639741666667,0.9151981,0.3234154657662085,0.6246406675,0.9987814,0.1063617,1.0,12,9,0,0.75,FoCut5a,5AJH,2,True
Pro00075,FoCut5a,83,LEU,L83,FoCut5a flap helix,Flap/binding loop,high for +1 offset,FoCut5a simulation numbering is +1 relative to raw 5AJH for the documented triad/loop regions.,0.6906844966666666,0.77621547,0.3420449726542256,0.5557430325,0.98431446,0.00124984,1.0,12,10,0,0.8333333333333334,FoCut5a,5AJH,3,True
Pro00075,FoCut5a,44,SER,S44,FoCut5a N-terminal cleft patch outside memo landmarks,Other/candidate,low,FoCut5a simulation numbering is +1 relative to raw 5AJH for the documented triad/loop regions.,0.6685622625000001,0.797462815,0.37149145296315145,0.38654542999999997,0.9971253575,0.01649794,0.99975003,12,8,0,0.6666666666666666,FoCut5a,5AJH,4,True
Pro00075,FoCut5a,186,VAL,V186,FoCut5a binding loop / catalytic-His loop,Flap/binding loop,high for +1 offset,FoCut5a simulation numbering is +1 relative to raw 5AJH for the documented triad/loop regions.,0.6653751616666667,0.7264092,0.3755341007875366,0.5074990650000001,0.9989688775,0.0,1.0,12,9,0,0.75,FoCut5a,5AJH,5,True
Pro00075,FoCut5a,184,LEU,L184,FoCut5a binding loop / catalytic-His loop,Flap/binding loop,high for +1 offset,FoCut5a simulation numbering is +1 relative to raw 5AJH for the documented triad/loop regions.,0.6240678258333333,0.807336585,0.4178831503822618,0.228033995,0.9771903525000001,0.0,1.0,12,8,0,0.6666666666666666,FoCut5a,5AJH,6,True
Pro00075,FoCut5a,185,ILE,I185,FoCut5a binding loop / catalytic-His loop,Flap/binding loop,high for +1 offset,FoCut5a simulation numbering is +1 relative to raw 5AJH for the documented triad/loop regions.,0.6003728691666667,0.70997375,0.413231618470498,0.319491315,0.95856768,0.0,0.99712536,12,6,0,0.5,FoCut5a,5AJH,7,True
Pro00075,FoCut5a,52,THR,T52,FoCut5a N-terminal cleft patch outside memo landmarks,Other/candidate,low,FoCut5a simulation numbering is +1 relative to raw 5AJH for the documented triad/loop regions.,0.5702828816666666,0.66216723,0.41323251960885127,0.1687914025,0.9820022475000001,0.0,0.99987502,12,7,0,0.5833333333333334,FoCut5a,5AJH,8,True
Pro00121,HiC / 4OYY,167,LEU,L167,HiC catalytic-His-side active-site rim,Cleft/rim patch,medium,HiC T135 is only a rough candidate; I168 must not be called an IsPETase S214-equivalent.,0.8034284176923077,0.81452318,0.2323608708893253,0.69941257,0.99187602,0.20347457,1.0,13,12,13,0.9230769230769231,HiC,4OYY,1,True
Pro00121,HiC / 4OYY,70,PHE,F70,HiC F70 helix / active-site cleft lip,Cleft/rim patch,medium,HiC T135 is only a rough candidate; I168 must not be called an IsPETase S214-equivalent.,0.7816234523076923,0.80127484,0.2736284457293328,0.70528684,0.97987752,0.0,0.99987502,13,12,13,0.9230769230769231,HiC,4OYY,2,True
Pro00121,HiC / 4OYY,66,LEU,L66,HiC F70 helix / active-site cleft lip,Cleft/rim patch,medium,HiC T135 is only a rough candidate; I168 must not be called an IsPETase S214-equivalent.,0.6647246015384615,0.72378453,0.3109893355951216,0.55243095,0.92588426,0.09948756,0.99987502,13,10,13,0.7692307692307693,HiC,4OYY,3,True
Pro00121,HiC / 4OYY,169,ILE,I169,HiC catalytic-His-side active-site rim,Cleft/rim patch,medium,HiC T135 is only a rough candidate; I168 must not be called an IsPETase S214-equivalent.,0.6624556561538462,0.7944007,0.3037559242831341,0.37720285,0.93525809,0.19035121,0.97950256,13,9,13,0.6923076923076923,HiC,4OYY,4,True
Pro00121,HiC / 4OYY,168,ILE,I168,HiC catalytic-His-side active-site rim,Cleft/rim patch,medium,HiC T135 is only a rough candidate; I168 must not be called an IsPETase S214-equivalent.,0.5886475730769232,0.49243845,0.24685425969004302,0.42532183,0.80164979,0.17010374,0.99875016,13,6,13,0.46153846153846156,HiC,4OYY,5,True
Pro00121,HiC / 4OYY,166,THR,T166,HiC catalytic-His-side active-site rim,Cleft/rim patch,medium,HiC T135 is only a rough candidate; I168 must not be called an IsPETase S214-equivalent.,0.5748127646153847,0.61929759,0.2769554124855215,0.41494813,0.64929384,0.01074866,0.99800025,13,9,13,0.6923076923076923,HiC,4OYY,6,True
Pro00121,HiC / 4OYY,165,GLY,G165,HiC catalytic-His-side active-site rim,Cleft/rim patch,medium,HiC T135 is only a rough candidate; I168 must not be called an IsPETase S214-equivalent.,0.4982742546153846,0.5248094,0.31641106970599914,0.23034621,0.71103612,0.0,0.9560055,13,8,13,0.6153846153846154,HiC,4OYY,7,True
Pro00121,HiC / 4OYY,29,THR,T29,HiC N-terminal cleft patch near catalytic Ser,Cleft/rim patch,medium,HiC T135 is only a rough candidate; I168 must not be called an IsPETase S214-equivalent.,0.4911116876923077,0.58655168,0.3912603788938655,0.08786402,0.78302712,0.00012498,0.99287589,13,7,13,0.5384615384615384,HiC,4OYY,8,True
Pro00137,PHL7 / 7NEI,63,PHE,F63,subsite I / oxyanion-side wall,Subsite/hotspot/stability,high,"PHL7 landmarks are locally supported, but local 7NEI render is unliganded.",0.8511644383333333,0.94231971,0.24932514875698328,0.9146044225,0.965910515,0.34608174,0.99712536,6,5,6,0.8333333333333334,PHL7,7NEI,1,True
Pro00137,PHL7 / 7NEI,179,ILE,I179,subsite I,Subsite/hotspot/stability,high,"PHL7 landmarks are locally supported, but local 7NEI render is unliganded.",0.798296045,0.902199725,0.251083547328481,0.7440319925,0.9608174,0.33045869,0.98325209,6,5,6,0.8333333333333334,PHL7,7NEI,2,True
Pro00137,PHL7 / 7NEI,132,MET,M132,oxyanion donor / subsite I,Catalytic/oxyanion,high,"PHL7 landmarks are locally supported, but local 7NEI render is unliganded.",0.7939840833333335,0.8675165600000001,0.25450803726943244,0.8468316425,0.8976690425,0.28621422,0.99500062,6,5,6,0.8333333333333334,PHL7,7NEI,3,True
Pro00137,PHL7 / 7NEI,156,TRP,W156,W-loop Trp equivalent,W-loop/flexible or rigid pair,high,"PHL7 landmarks are locally supported, but local 7NEI render is unliganded.",0.7139732516666667,0.9005749249999999,0.34075182464077713,0.44141357000000003,0.92582177,0.26296713,0.99712536,6,4,6,0.6666666666666666,PHL7,7NEI,4,True
Pro00137,PHL7 / 7NEI,95,GLN,Q95,LCC-derived stability position,Subsite/hotspot/stability,high for residue identity,"PHL7 landmarks are locally supported, but local 7NEI render is unliganded.",0.61390243,0.763404575,0.41574433429455077,0.265466815,0.95378703,0.06411699,0.97575303,6,4,6,0.6666666666666666,PHL7,7NEI,5,True
Pro00137,PHL7 / 7NEI,178,THR,T178,PHL7 subsite-I adjacent patch,Subsite/hotspot/stability,medium,"PHL7 landmarks are locally supported, but local 7NEI render is unliganded.",0.5812398449999999,0.5138107749999999,0.27001499206313706,0.3584239475,0.8260217475,0.3159605,0.90713661,6,3,6,0.5,PHL7,7NEI,6,True
Pro00137,PHL7 / 7NEI,93,LEU,L93,LCC-derived stability position,Subsite/hotspot/stability,high for residue identity,"PHL7 landmarks are locally supported, but local 7NEI render is unliganded.",0.4620880716666667,0.394513185,0.3421359199208978,0.22628421,0.7548119025,0.05511811,0.88326459,6,2,6,0.3333333333333333,PHL7,7NEI,7,True
Pro00137,PHL7 / 7NEI,158,THR,T158,PHL7 W-loop/rigid-pair neighborhood,W-loop/flexible or rigid pair,medium,"PHL7 landmarks are locally supported, but local 7NEI render is unliganded.",0.2855893016666667,0.1632296,0.29538531825097486,0.0823647025,0.5063742075,0.00412448,0.70678665,6,2,6,0.3333333333333333,PHL7,7NEI,8,True
