trajectory_id,enzyme,protein_id,pet_length,direction,replica_id,run_id,planned_production_ns,final_logged_step,final_logged_time_ns,log_finished_mdrun,time_check_scope,retention_fraction,retention_class,analysis_window_ns,production_gate_verdict,stability_verdict,pbc_verdict,clash_verdict,nvt_gen_seed,gromacs_version_registry,gromacs_version_log,case_manifest_provenance
Pro00057__PET_L4__single__r1,TfCut1,Pro00057,4,single,1,pro00057_petl4_local_binding002_20260527T061210Z,100.0,50000000,100.0,True,production log; trajectory frames not inspected,0.1535,detached,20-100,PRODUCTION_FAIL,PASS,PASS,PASS,47749881,2025.4,2025.4,current_source_fallback_not_historical_copy
Pro00057__PET_L4__single__r2,TfCut1,Pro00057,4,single,2,pro00057_petl4_local_binding002_20260527T061210Z,100.0,50000000,100.0,True,production log; trajectory frames not inspected,0.8310,retained,20-100,PRODUCTION_PASS,PASS,PASS,PASS,2131006503,2025.4,2025.4,current_source_fallback_not_historical_copy
Pro00057__PET_L4__single__r3,TfCut1,Pro00057,4,single,3,pro00057_petl4_local_binding002_20260527T061210Z,100.0,50000000,100.0,True,production log; trajectory frames not inspected,0.9766,retained,20-100,PRODUCTION_PASS,PASS,PASS,PASS,669919400,2025.4,2025.4,current_source_fallback_not_historical_copy
Pro00057__PET_L10__bidirectional__r1,TfCut1,Pro00057,10,bidirectional,1,pro00057_petl10_h200x32_binding002_20260529T234511Z,100.0,50000000,100.0,True,production log; trajectory frames not inspected,0.1610,detached,20-100,PRODUCTION_FAIL,PASS,PASS,PASS,1914399130,2025.4,2025.4,current_source_fallback_not_historical_copy
Pro00057__PET_L10__bidirectional__r2,TfCut1,Pro00057,10,bidirectional,2,pro00057_petl10_h200x32_binding002_20260529T234511Z,100.0,50000000,100.0,True,production log; trajectory frames not inspected,1.0000,retained,20-100,PRODUCTION_PASS,PASS,PASS,PASS,402043463,2025.4,2025.4,current_source_fallback_not_historical_copy
Pro00057__PET_L10__bidirectional__r3,TfCut1,Pro00057,10,bidirectional,3,pro00057_petl10_h200x32_binding002_20260529T234511Z,100.0,50000000,100.0,True,production log; trajectory frames not inspected,1.0000,retained,20-100,PRODUCTION_PASS,PASS,PASS,PASS,335157287,2025.4,2025.4,current_source_fallback_not_historical_copy
Pro00057__PET_L10__head-side__r1,TfCut1,Pro00057,10,head-side,1,pro00057_petl10_h200x32_binding002_20260529T234511Z,100.0,50000000,100.0,True,production log; trajectory frames not inspected,0.4117,detached,20-100,PRODUCTION_FAIL,PASS,PASS,PASS,2079099207,2025.4,2025.4,current_source_fallback_not_historical_copy
Pro00057__PET_L10__head-side__r2,TfCut1,Pro00057,10,head-side,2,pro00057_petl10_h200x32_binding002_20260529T234511Z,100.0,50000000,100.0,True,production log; trajectory frames not inspected,1.0000,retained,20-100,PRODUCTION_PASS,PASS,PASS,PASS,1618629676,2025.4,2025.4,current_source_fallback_not_historical_copy
Pro00057__PET_L10__head-side__r3,TfCut1,Pro00057,10,head-side,3,pro00057_petl10_h200x32_binding002_20260529T234511Z,100.0,50000000,100.0,True,production log; trajectory frames not inspected,1.0000,retained,20-100,PRODUCTION_PASS,PASS,PASS,PASS,715168362,2025.4,2025.4,current_source_fallback_not_historical_copy
Pro00057__PET_L10__tail-side__r1,TfCut1,Pro00057,10,tail-side,1,pro00057_petl10_h200x32_binding002_20260529T234511Z,100.0,50000000,100.0,True,production log; trajectory frames not inspected,0.6273,partial,20-100,PRODUCTION_WARN,PASS,PASS,PASS,1452239964,2025.4,2025.4,current_source_fallback_not_historical_copy
Pro00057__PET_L10__tail-side__r2,TfCut1,Pro00057,10,tail-side,2,pro00057_petl10_h200x32_binding002_20260529T234511Z,100.0,50000000,100.0,True,production log; trajectory frames not inspected,1.0000,retained,20-100,PRODUCTION_PASS,PASS,PASS,PASS,195032526,2025.4,2025.4,current_source_fallback_not_historical_copy
Pro00057__PET_L10__tail-side__r3,TfCut1,Pro00057,10,tail-side,3,pro00057_petl10_h200x32_binding002_20260529T234511Z,100.0,50000000,100.0,True,production log; trajectory frames not inspected,1.0000,retained,20-100,PRODUCTION_PASS,PASS,PASS,PASS,1373108307,2025.4,2025.4,current_source_fallback_not_historical_copy
Pro00057__PET_L20__bidirectional__r1,TfCut1,Pro00057,20,bidirectional,1,pro00057_petl20_parallel64_from_l4_20260527T233152Z,100.0,50000000,100.0,True,production log; trajectory frames not inspected,1.0000,retained,20-100,PRODUCTION_PASS,PASS,PASS,PASS,161047810,2025.4,2025.4,current_source_fallback_not_historical_copy
Pro00057__PET_L20__bidirectional__r2,TfCut1,Pro00057,20,bidirectional,2,pro00057_petl20_parallel64_from_l4_20260527T233152Z,100.0,50000000,100.0,True,production log; trajectory frames not inspected,1.0000,retained,20-100,PRODUCTION_PASS,PASS,PASS,PASS,38920726,2025.4,2025.4,current_source_fallback_not_historical_copy
Pro00057__PET_L20__bidirectional__r3,TfCut1,Pro00057,20,bidirectional,3,pro00057_petl20_parallel64_from_l4_20260527T233152Z,100.0,50000000,100.0,True,production log; trajectory frames not inspected,0.2706,detached,20-100,PRODUCTION_FAIL,PASS,PASS,PASS,1649217011,2025.4,2025.4,current_source_fallback_not_historical_copy
Pro00057__PET_L20__head-side__r1,TfCut1,Pro00057,20,head-side,1,pro00057_petl20_parallel64_from_l4_20260527T233152Z,100.0,50000000,100.0,True,production log; trajectory frames not inspected,1.0000,retained,20-100,PRODUCTION_PASS,PASS,PASS,PASS,513867385,2025.4,2025.4,current_source_fallback_not_historical_copy
Pro00057__PET_L20__head-side__r2,TfCut1,Pro00057,20,head-side,2,pro00057_petl20_parallel64_from_l4_20260527T233152Z,100.0,50000000,100.0,True,production log; trajectory frames not inspected,1.0000,retained,20-100,PRODUCTION_PASS,PASS,PASS,PASS,1786283194,2025.4,2025.4,current_source_fallback_not_historical_copy
Pro00057__PET_L20__head-side__r3,TfCut1,Pro00057,20,head-side,3,pro00057_petl20_parallel64_from_l4_20260527T233152Z,100.0,50000000,100.0,True,production log; trajectory frames not inspected,1.0000,retained,20-100,PRODUCTION_PASS,PASS,PASS,PASS,618096417,2025.4,2025.4,current_source_fallback_not_historical_copy
Pro00057__PET_L20__tail-side__r1,TfCut1,Pro00057,20,tail-side,1,pro00057_petl20_parallel64_from_l4_20260527T233152Z,100.0,50000000,100.0,True,production log; trajectory frames not inspected,0.3402,detached,20-100,PRODUCTION_FAIL,PASS,PASS,PASS,167259574,2025.4,2025.4,current_source_fallback_not_historical_copy
Pro00057__PET_L20__tail-side__r2,TfCut1,Pro00057,20,tail-side,2,pro00057_petl20_parallel64_from_l4_20260527T233152Z,100.0,50000000,100.0,True,production log; trajectory frames not inspected,1.0000,retained,20-100,PRODUCTION_PASS,PASS,PASS,PASS,1555967259,2025.4,2025.4,current_source_fallback_not_historical_copy
Pro00057__PET_L20__tail-side__r3,TfCut1,Pro00057,20,tail-side,3,pro00057_petl20_parallel64_from_l4_20260527T233152Z,100.0,50000000,100.0,True,production log; trajectory frames not inspected,0.0096,detached,20-100,PRODUCTION_FAIL,PASS,PASS,PASS,509086533,2025.4,2025.4,current_source_fallback_not_historical_copy
Pro00062__PET_L4__single__r1,LCC,Pro00062,4,single,1,pro00062_petl4_h200x32_binding001_20260531T161122Z,100.0,50000000,100.0,True,production log; trajectory frames not inspected,1.0000,retained,20-100,PRODUCTION_WARN,WARN,PASS,PASS,20260315,2025.4,2025.4,deployed_run_copy
Pro00062__PET_L4__single__r2,LCC,Pro00062,4,single,2,pro00062_petl4_h200x32_binding001_20260531T161122Z,100.0,50000000,100.0,True,production log; trajectory frames not inspected,0.9319,retained,20-100,PRODUCTION_WARN,WARN,PASS,PASS,20260316,2025.4,2025.4,deployed_run_copy
Pro00062__PET_L4__single__r3,LCC,Pro00062,4,single,3,pro00062_petl4_h200x32_binding001_20260531T161122Z,100.0,50000000,100.0,True,production log; trajectory frames not inspected,0.5986,partial,20-100,PRODUCTION_WARN,WARN,PASS,PASS,20260317,2025.4,2025.4,deployed_run_copy
Pro00062__PET_L10__bidirectional__r1,LCC,Pro00062,10,bidirectional,1,pro00062_petl10_h200x32_binding001_20260601T032044Z,100.0,50000000,100.0,True,production log; trajectory frames not inspected,1.0000,retained,20-100,PRODUCTION_WARN,WARN,PASS,PASS,1419718624,2025.4,2025.4,deployed_run_copy
Pro00062__PET_L10__bidirectional__r2,LCC,Pro00062,10,bidirectional,2,pro00062_petl10_h200x32_binding001_20260601T032044Z,100.0,50000000,100.0,True,production log; trajectory frames not inspected,0.5987,partial,20-100,PRODUCTION_WARN,WARN,PASS,PASS,1945568215,2025.4,2025.4,deployed_run_copy
Pro00062__PET_L10__bidirectional__r3,LCC,Pro00062,10,bidirectional,3,pro00062_petl10_h200x32_binding001_20260601T032044Z,100.0,50000000,100.0,True,production log; trajectory frames not inspected,1.0000,retained,20-100,PRODUCTION_WARN,WARN,PASS,PASS,1256561631,2025.4,2025.4,deployed_run_copy
Pro00062__PET_L10__head-side__r1,LCC,Pro00062,10,head-side,1,pro00062_petl10_h200x32_binding001_20260601T032044Z,100.0,50000000,100.0,True,production log; trajectory frames not inspected,0.2428,detached,20-100,PRODUCTION_FAIL,WARN,PASS,PASS,1279409813,2025.4,2025.4,deployed_run_copy
Pro00062__PET_L10__head-side__r2,LCC,Pro00062,10,head-side,2,pro00062_petl10_h200x32_binding001_20260601T032044Z,100.0,50000000,100.0,True,production log; trajectory frames not inspected,1.0000,retained,20-100,PRODUCTION_WARN,WARN,PASS,PASS,1337534384,2025.4,2025.4,deployed_run_copy
Pro00062__PET_L10__head-side__r3,LCC,Pro00062,10,head-side,3,pro00062_petl10_h200x32_binding001_20260601T032044Z,100.0,50000000,100.0,True,production log; trajectory frames not inspected,0.0574,detached,20-100,PRODUCTION_FAIL,WARN,PASS,PASS,1886704419,2025.4,2025.4,deployed_run_copy
Pro00062__PET_L10__tail-side__r1,LCC,Pro00062,10,tail-side,1,pro00062_petl10_h200x32_binding001_20260601T032044Z,100.0,50000000,100.0,True,production log; trajectory frames not inspected,0.6593,partial,20-100,PRODUCTION_WARN,WARN,PASS,PASS,1398880316,2025.4,2025.4,deployed_run_copy
Pro00062__PET_L10__tail-side__r2,LCC,Pro00062,10,tail-side,2,pro00062_petl10_h200x32_binding001_20260601T032044Z,100.0,50000000,100.0,True,production log; trajectory frames not inspected,0.3575,detached,20-100,PRODUCTION_FAIL,WARN,PASS,PASS,490375563,2025.4,2025.4,deployed_run_copy
Pro00062__PET_L10__tail-side__r3,LCC,Pro00062,10,tail-side,3,pro00062_petl10_h200x32_binding001_20260601T032044Z,100.0,50000000,100.0,True,production log; trajectory frames not inspected,0.7393,partial,20-100,PRODUCTION_WARN,WARN,PASS,PASS,416187466,2025.4,2025.4,deployed_run_copy
Pro00062__PET_L20__bidirectional__r1,LCC,Pro00062,20,bidirectional,1,pro00062_petl20_h200x32_binding001_20260602T131034Z,100.0,50000000,100.0,True,production log; trajectory frames not inspected,0.9039,retained,20-100,PRODUCTION_WARN,WARN,PASS,PASS,1786986962,2025.4,2025.4,deployed_run_copy
Pro00062__PET_L20__bidirectional__r2,LCC,Pro00062,20,bidirectional,2,pro00062_petl20_h200x32_binding001_20260602T131034Z,100.0,50000000,100.0,True,production log; trajectory frames not inspected,0.9641,retained,20-100,PRODUCTION_WARN,WARN,PASS,PASS,2053340510,2025.4,2025.4,deployed_run_copy
Pro00062__PET_L20__bidirectional__r3,LCC,Pro00062,20,bidirectional,3,pro00062_petl20_h200x32_binding001_20260602T131034Z,100.0,50000000,100.0,True,production log; trajectory frames not inspected,0.4868,detached,20-100,PRODUCTION_FAIL,WARN,PASS,PASS,1273685635,2025.4,2025.4,deployed_run_copy
Pro00062__PET_L20__head-side__r1,LCC,Pro00062,20,head-side,1,pro00062_petl20_h200x32_binding001_20260602T131034Z,100.0,50000000,100.0,True,production log; trajectory frames not inspected,1.0000,retained,20-100,PRODUCTION_WARN,WARN,PASS,PASS,30636704,2025.4,2025.4,deployed_run_copy
Pro00062__PET_L20__head-side__r2,LCC,Pro00062,20,head-side,2,pro00062_petl20_h200x32_binding001_20260602T131034Z,100.0,50000000,100.0,True,production log; trajectory frames not inspected,1.0000,retained,20-100,PRODUCTION_WARN,WARN,PASS,PASS,1827529708,2025.4,2025.4,deployed_run_copy
Pro00062__PET_L20__head-side__r3,LCC,Pro00062,20,head-side,3,pro00062_petl20_h200x32_binding001_20260602T131034Z,100.0,50000000,100.0,True,production log; trajectory frames not inspected,1.0000,retained,20-100,PRODUCTION_WARN,WARN,PASS,PASS,1210681567,2025.4,2025.4,deployed_run_copy
Pro00062__PET_L20__tail-side__r1,LCC,Pro00062,20,tail-side,1,pro00062_petl20_h200x32_binding001_20260602T131034Z,100.0,50000000,100.0,True,production log; trajectory frames not inspected,1.0000,retained,20-100,PRODUCTION_WARN,WARN,PASS,PASS,214838976,2025.4,2025.4,deployed_run_copy
Pro00062__PET_L20__tail-side__r2,LCC,Pro00062,20,tail-side,2,pro00062_petl20_h200x32_binding001_20260602T131034Z,100.0,50000000,100.0,True,production log; trajectory frames not inspected,0.8439,retained,20-100,PRODUCTION_WARN,WARN,PASS,PASS,484470732,2025.4,2025.4,deployed_run_copy
Pro00062__PET_L20__tail-side__r3,LCC,Pro00062,20,tail-side,3,pro00062_petl20_h200x32_binding001_20260602T131034Z,100.0,50000000,100.0,True,production log; trajectory frames not inspected,0.9988,retained,20-100,PRODUCTION_WARN,WARN,PASS,PASS,1945531088,2025.4,2025.4,deployed_run_copy
Pro00075__PET_L4__single__r1,FoCut5a,Pro00075,4,single,1,pro00075_petl4_h200x32_binding001_20260603T221037Z,100.0,50000000,100.0,True,production log; trajectory frames not inspected,0.6399,partial,20-100,PRODUCTION_WARN,WARN,PASS,PASS,20260315,2025.4,2025.4,deployed_run_copy
Pro00075__PET_L4__single__r2,FoCut5a,Pro00075,4,single,2,pro00075_petl4_h200x32_binding001_20260603T221037Z,100.0,50000000,100.0,True,production log; trajectory frames not inspected,0.6875,partial,20-100,PRODUCTION_WARN,WARN,PASS,PASS,20260316,2025.4,2025.4,deployed_run_copy
Pro00075__PET_L4__single__r3,FoCut5a,Pro00075,4,single,3,pro00075_petl4_h200x32_binding001_20260603T221037Z,100.0,50000000,100.0,True,production log; trajectory frames not inspected,0.3062,detached,20-100,PRODUCTION_FAIL,WARN,PASS,PASS,20260317,2025.4,2025.4,deployed_run_copy
Pro00075__PET_L10__bidirectional__r1,FoCut5a,Pro00075,10,bidirectional,1,pro00075_petl10_b200h200x32_binding001_20260605T131118Z,100.0,50000000,100.0,True,production log; trajectory frames not inspected,1.0000,retained,20-100,PRODUCTION_WARN,WARN,PASS,PASS,586183862,2025.4,2025.4,deployed_run_copy
Pro00075__PET_L10__bidirectional__r2,FoCut5a,Pro00075,10,bidirectional,2,pro00075_petl10_b200h200x32_binding001_20260605T131118Z,100.0,50000000,100.0,True,production log; trajectory frames not inspected,0.3840,detached,20-100,PRODUCTION_FAIL,WARN,PASS,PASS,1242991080,2025.4,2025.4,deployed_run_copy
Pro00075__PET_L10__bidirectional__r3,FoCut5a,Pro00075,10,bidirectional,3,pro00075_petl10_b200h200x32_binding001_20260605T131118Z,100.0,50000000,100.0,True,production log; trajectory frames not inspected,0.2732,detached,20-100,PRODUCTION_FAIL,WARN,PASS,PASS,34806662,2025.4,2025.4,deployed_run_copy
Pro00075__PET_L10__head-side__r1,FoCut5a,Pro00075,10,head-side,1,pro00075_petl10_b200h200x32_binding001_20260605T131118Z,100.0,50000000,100.0,True,production log; trajectory frames not inspected,1.0000,retained,20-100,PRODUCTION_WARN,WARN,PASS,PASS,2014974231,2025.4,2025.4,deployed_run_copy
Pro00075__PET_L10__head-side__r2,FoCut5a,Pro00075,10,head-side,2,pro00075_petl10_b200h200x32_binding001_20260605T131118Z,100.0,50000000,100.0,True,production log; trajectory frames not inspected,1.0000,retained,20-100,PRODUCTION_WARN,WARN,PASS,PASS,290036636,2025.4,2025.4,deployed_run_copy
Pro00075__PET_L10__head-side__r3,FoCut5a,Pro00075,10,head-side,3,pro00075_petl10_b200h200x32_binding001_20260605T131118Z,100.0,50000000,100.0,True,production log; trajectory frames not inspected,1.0000,retained,20-100,PRODUCTION_WARN,WARN,PASS,PASS,158224427,2025.4,2025.4,deployed_run_copy
Pro00075__PET_L10__tail-side__r1,FoCut5a,Pro00075,10,tail-side,1,pro00075_petl10_b200h200x32_binding001_20260605T131118Z,100.0,50000000,100.0,True,production log; trajectory frames not inspected,0.0190,detached,20-100,PRODUCTION_FAIL,WARN,PASS,PASS,2012153248,2025.4,2025.4,deployed_run_copy
Pro00075__PET_L10__tail-side__r2,FoCut5a,Pro00075,10,tail-side,2,pro00075_petl10_b200h200x32_binding001_20260605T131118Z,100.0,50000000,100.0,True,production log; trajectory frames not inspected,1.0000,retained,20-100,PRODUCTION_WARN,WARN,PASS,PASS,361598976,2025.4,2025.4,deployed_run_copy
Pro00075__PET_L10__tail-side__r3,FoCut5a,Pro00075,10,tail-side,3,pro00075_petl10_b200h200x32_binding001_20260605T131118Z,100.0,50000000,100.0,True,production log; trajectory frames not inspected,0.2611,detached,20-100,PRODUCTION_FAIL,WARN,PASS,PASS,419971772,2025.4,2025.4,deployed_run_copy
Pro00075__PET_L20__bidirectional__r1,FoCut5a,Pro00075,20,bidirectional,1,pro00075_petl20_b200h200x32_binding001_20260606T233108Z,100.0,50000000,100.0,True,production log; trajectory frames not inspected,1.0000,retained,20-100,PRODUCTION_WARN,WARN,PASS,PASS,1976324599,2025.4,2025.4,deployed_run_copy
Pro00075__PET_L20__bidirectional__r2,FoCut5a,Pro00075,20,bidirectional,2,pro00075_petl20_b200h200x32_binding001_20260606T233108Z,100.0,50000000,100.0,True,production log; trajectory frames not inspected,0.0065,detached,20-100,PRODUCTION_FAIL,WARN,PASS,PASS,1799554431,2025.4,2025.4,deployed_run_copy
Pro00075__PET_L20__bidirectional__r3,FoCut5a,Pro00075,20,bidirectional,3,pro00075_petl20_b200h200x32_binding001_20260606T233108Z,100.0,50000000,100.0,True,production log; trajectory frames not inspected,0.0231,detached,20-100,PRODUCTION_FAIL,WARN,PASS,PASS,1945158369,2025.4,2025.4,deployed_run_copy
Pro00075__PET_L20__head-side__r1,FoCut5a,Pro00075,20,head-side,1,pro00075_petl20_b200h200x32_binding001_20260606T233108Z,100.0,50000000,100.0,True,production log; trajectory frames not inspected,1.0000,retained,20-100,PRODUCTION_WARN,WARN,PASS,PASS,871791501,2025.4,2025.4,deployed_run_copy
Pro00075__PET_L20__head-side__r2,FoCut5a,Pro00075,20,head-side,2,pro00075_petl20_b200h200x32_binding001_20260606T233108Z,100.0,50000000,100.0,True,production log; trajectory frames not inspected,1.0000,retained,20-100,PRODUCTION_WARN,WARN,PASS,PASS,1933458315,2025.4,2025.4,deployed_run_copy
Pro00075__PET_L20__head-side__r3,FoCut5a,Pro00075,20,head-side,3,pro00075_petl20_b200h200x32_binding001_20260606T233108Z,100.0,50000000,100.0,True,production log; trajectory frames not inspected,1.0000,retained,20-100,PRODUCTION_WARN,WARN,PASS,PASS,920503891,2025.4,2025.4,deployed_run_copy
Pro00075__PET_L20__tail-side__r1,FoCut5a,Pro00075,20,tail-side,1,pro00075_petl20_b200h200x32_binding001_20260606T233108Z,100.0,50000000,100.0,True,production log; trajectory frames not inspected,1.0000,retained,20-100,PRODUCTION_WARN,WARN,PASS,PASS,1855528482,2025.4,2025.4,deployed_run_copy
Pro00075__PET_L20__tail-side__r2,FoCut5a,Pro00075,20,tail-side,2,pro00075_petl20_b200h200x32_binding001_20260606T233108Z,100.0,50000000,100.0,True,production log; trajectory frames not inspected,1.0000,retained,20-100,PRODUCTION_WARN,WARN,PASS,PASS,1351429501,2025.4,2025.4,deployed_run_copy
Pro00075__PET_L20__tail-side__r3,FoCut5a,Pro00075,20,tail-side,3,pro00075_petl20_b200h200x32_binding001_20260606T233108Z,100.0,50000000,100.0,True,production log; trajectory frames not inspected,1.0000,retained,20-100,PRODUCTION_WARN,WARN,PASS,PASS,1230061539,2025.4,2025.4,deployed_run_copy
Pro00083__PET_L4__single__r1,IsPETase,Pro00083,4,single,1,pro00083_petl4_b200h200x32_binding001_20260612T132208Z,100.0,50000000,100.0,True,production log; trajectory frames not inspected,0.8308,retained,20-100,PRODUCTION_WARN,WARN,PASS,PASS,20260612,2025.4,2025.4,deployed_run_copy
Pro00083__PET_L4__single__r2,IsPETase,Pro00083,4,single,2,pro00083_petl4_b200h200x32_binding001_20260612T132208Z,100.0,50000000,100.0,True,production log; trajectory frames not inspected,0.9491,retained,20-100,PRODUCTION_WARN,WARN,PASS,PASS,20260613,2025.4,2025.4,deployed_run_copy
Pro00083__PET_L4__single__r3,IsPETase,Pro00083,4,single,3,pro00083_petl4_b200h200x32_binding001_20260612T132208Z,100.0,50000000,100.0,True,production log; trajectory frames not inspected,0.5689,partial,20-100,PRODUCTION_WARN,WARN,PASS,PASS,20260614,2025.4,2025.4,deployed_run_copy
Pro00083__PET_L10__bidirectional__r1,IsPETase,Pro00083,10,bidirectional,1,pro00083_petl10_b200h200x32_binding001_20260613T195109Z,100.0,50000000,100.0,True,production log; trajectory frames not inspected,1.0000,retained,20-100,PRODUCTION_WARN,WARN,PASS,PASS,435444397,2025.4,2025.4,deployed_run_copy
Pro00083__PET_L10__bidirectional__r2,IsPETase,Pro00083,10,bidirectional,2,pro00083_petl10_b200h200x32_binding001_20260613T195109Z,100.0,50000000,100.0,True,production log; trajectory frames not inspected,0.4491,detached,20-100,PRODUCTION_FAIL,WARN,PASS,PASS,1662459255,2025.4,2025.4,deployed_run_copy
Pro00083__PET_L10__bidirectional__r3,IsPETase,Pro00083,10,bidirectional,3,pro00083_petl10_b200h200x32_binding001_20260613T195109Z,100.0,50000000,100.0,True,production log; trajectory frames not inspected,0.1966,detached,20-100,PRODUCTION_FAIL,WARN,PASS,PASS,1906214825,2025.4,2025.4,deployed_run_copy
Pro00083__PET_L10__head-side__r1,IsPETase,Pro00083,10,head-side,1,pro00083_petl10_b200h200x32_binding001_20260613T195109Z,100.0,50000000,100.0,True,production log; trajectory frames not inspected,0.0204,detached,20-100,PRODUCTION_FAIL,WARN,PASS,PASS,828402438,2025.4,2025.4,deployed_run_copy
Pro00083__PET_L10__head-side__r2,IsPETase,Pro00083,10,head-side,2,pro00083_petl10_b200h200x32_binding001_20260613T195109Z,100.0,50000000,100.0,True,production log; trajectory frames not inspected,1.0000,retained,20-100,PRODUCTION_WARN,WARN,PASS,PASS,597069675,2025.4,2025.4,deployed_run_copy
Pro00083__PET_L10__head-side__r3,IsPETase,Pro00083,10,head-side,3,pro00083_petl10_b200h200x32_binding001_20260613T195109Z,100.0,50000000,100.0,True,production log; trajectory frames not inspected,1.0000,retained,20-100,PRODUCTION_WARN,WARN,PASS,PASS,128047342,2025.4,2025.4,deployed_run_copy
Pro00083__PET_L10__tail-side__r1,IsPETase,Pro00083,10,tail-side,1,pro00083_petl10_b200h200x32_binding001_20260613T195109Z,100.0,50000000,100.0,True,production log; trajectory frames not inspected,0.6230,partial,20-100,PRODUCTION_WARN,WARN,PASS,PASS,738262720,2025.4,2025.4,deployed_run_copy
Pro00083__PET_L10__tail-side__r2,IsPETase,Pro00083,10,tail-side,2,pro00083_petl10_b200h200x32_binding001_20260613T195109Z,100.0,50000000,100.0,True,production log; trajectory frames not inspected,0.4852,detached,20-100,PRODUCTION_FAIL,WARN,PASS,PASS,197165802,2025.4,2025.4,deployed_run_copy
Pro00083__PET_L10__tail-side__r3,IsPETase,Pro00083,10,tail-side,3,pro00083_petl10_b200h200x32_binding001_20260613T195109Z,100.0,50000000,100.0,True,production log; trajectory frames not inspected,1.0000,retained,20-100,PRODUCTION_WARN,WARN,PASS,PASS,171329841,2025.4,2025.4,deployed_run_copy
Pro00083__PET_L20__bidirectional__r1,IsPETase,Pro00083,20,bidirectional,1,pro00083_petl20_b200h200x32_binding001_20260615T121700Z,100.0,50000000,100.0,True,production log; trajectory frames not inspected,0.8840,retained,20-100,PRODUCTION_WARN,WARN,PASS,PASS,294050320,2025.4,2025.4,deployed_run_copy
Pro00083__PET_L20__bidirectional__r2,IsPETase,Pro00083,20,bidirectional,2,pro00083_petl20_b200h200x32_binding001_20260615T121700Z,100.0,50000000,100.0,True,production log; trajectory frames not inspected,0.8424,retained,20-100,PRODUCTION_WARN,WARN,PASS,PASS,1724350063,2025.4,2025.4,deployed_run_copy
Pro00083__PET_L20__bidirectional__r3,IsPETase,Pro00083,20,bidirectional,3,pro00083_petl20_b200h200x32_binding001_20260615T121700Z,100.0,50000000,100.0,True,production log; trajectory frames not inspected,0.0006,detached,20-100,PRODUCTION_FAIL,WARN,PASS,PASS,833970090,2025.4,2025.4,deployed_run_copy
Pro00083__PET_L20__head-side__r1,IsPETase,Pro00083,20,head-side,1,pro00083_petl20_b200h200x32_binding001_20260615T121700Z,100.0,50000000,100.0,True,production log; trajectory frames not inspected,1.0000,retained,20-100,PRODUCTION_WARN,WARN,PASS,PASS,132017534,2025.4,2025.4,deployed_run_copy
Pro00083__PET_L20__head-side__r2,IsPETase,Pro00083,20,head-side,2,pro00083_petl20_b200h200x32_binding001_20260615T121700Z,100.0,50000000,100.0,True,production log; trajectory frames not inspected,1.0000,retained,20-100,PRODUCTION_WARN,WARN,PASS,PASS,1735455510,2025.4,2025.4,deployed_run_copy
Pro00083__PET_L20__head-side__r3,IsPETase,Pro00083,20,head-side,3,pro00083_petl20_b200h200x32_binding001_20260615T121700Z,100.0,50000000,100.0,True,production log; trajectory frames not inspected,0.9988,retained,20-100,PRODUCTION_WARN,WARN,PASS,PASS,48586651,2025.4,2025.4,deployed_run_copy
Pro00083__PET_L20__tail-side__r1,IsPETase,Pro00083,20,tail-side,1,pro00083_petl20_b200h200x32_binding001_20260615T121700Z,100.0,50000000,100.0,True,production log; trajectory frames not inspected,1.0000,retained,20-100,PRODUCTION_WARN,WARN,PASS,PASS,1865915573,2025.4,2025.4,deployed_run_copy
Pro00083__PET_L20__tail-side__r2,IsPETase,Pro00083,20,tail-side,2,pro00083_petl20_b200h200x32_binding001_20260615T121700Z,100.0,50000000,100.0,True,production log; trajectory frames not inspected,0.9834,retained,20-100,PRODUCTION_WARN,WARN,PASS,PASS,1351537991,2025.4,2025.4,deployed_run_copy
Pro00083__PET_L20__tail-side__r3,IsPETase,Pro00083,20,tail-side,3,pro00083_petl20_b200h200x32_binding001_20260615T121700Z,100.0,50000000,100.0,True,production log; trajectory frames not inspected,0.3016,detached,20-100,PRODUCTION_FAIL,WARN,PASS,PASS,1003731773,2025.4,2025.4,deployed_run_copy
Pro00121__PET_L4__single__r1,HiC,Pro00121,4,single,1,pro00121_petl4_b200h200x32_binding001_20260629T193859Z,100.0,50000000,100.0,True,production log; trajectory frames not inspected,0.3301,detached,20-100,PRODUCTION_FAIL,PASS,PASS,PASS,20260629,2025.4,2025.4,deployed_run_copy
Pro00121__PET_L4__single__r2,HiC,Pro00121,4,single,2,pro00121_petl4_b200h200x32_binding001_20260629T193859Z,100.0,50000000,100.0,True,production log; trajectory frames not inspected,0.2390,detached,20-100,PRODUCTION_FAIL,PASS,PASS,PASS,20260630,2025.4,2025.4,deployed_run_copy
Pro00121__PET_L4__single__r3,HiC,Pro00121,4,single,3,pro00121_petl4_b200h200x32_binding001_20260629T193859Z,100.0,50000000,100.0,True,production log; trajectory frames not inspected,0.6865,partial,20-100,PRODUCTION_WARN,PASS,PASS,PASS,20260631,2025.4,2025.4,deployed_run_copy
Pro00121__PET_L10__bidirectional__r1,HiC,Pro00121,10,bidirectional,1,pro00121_petl10_b200h200x32_binding001_20260701T051222Z,100.0,50000000,100.0,True,production log; trajectory frames not inspected,0.2431,detached,20-100,PRODUCTION_FAIL,PASS,PASS,PASS,1645844766,2025.4,2025.4,deployed_run_copy
Pro00121__PET_L10__bidirectional__r2,HiC,Pro00121,10,bidirectional,2,pro00121_petl10_b200h200x32_binding001_20260701T051222Z,100.0,50000000,100.0,True,production log; trajectory frames not inspected,0.2501,detached,20-100,PRODUCTION_FAIL,PASS,PASS,PASS,633740548,2025.4,2025.4,deployed_run_copy
Pro00121__PET_L10__bidirectional__r3,HiC,Pro00121,10,bidirectional,3,pro00121_petl10_b200h200x32_binding001_20260701T051222Z,100.0,50000000,100.0,True,production log; trajectory frames not inspected,1.0000,retained,20-100,PRODUCTION_PASS,PASS,PASS,PASS,662398572,2025.4,2025.4,deployed_run_copy
Pro00121__PET_L10__head-side__r1,HiC,Pro00121,10,head-side,1,pro00121_petl10_b200h200x32_binding001_20260701T051222Z,100.0,50000000,100.0,True,production log; trajectory frames not inspected,0.7002,partial,20-100,PRODUCTION_WARN,PASS,PASS,PASS,58013712,2025.4,2025.4,deployed_run_copy
Pro00121__PET_L10__head-side__r2,HiC,Pro00121,10,head-side,2,pro00121_petl10_b200h200x32_binding001_20260701T051222Z,100.0,50000000,100.0,True,production log; trajectory frames not inspected,1.0000,retained,20-100,PRODUCTION_PASS,PASS,PASS,PASS,1795400810,2025.4,2025.4,deployed_run_copy
Pro00121__PET_L10__head-side__r3,HiC,Pro00121,10,head-side,3,pro00121_petl10_b200h200x32_binding001_20260701T051222Z,100.0,50000000,100.0,True,production log; trajectory frames not inspected,0.0011,detached,20-100,PRODUCTION_FAIL,PASS,PASS,PASS,1677961830,2025.4,2025.4,deployed_run_copy
Pro00121__PET_L10__tail-side__r1,HiC,Pro00121,10,tail-side,1,pro00121_petl10_b200h200x32_binding001_20260701T051222Z,100.0,50000000,100.0,True,production log; trajectory frames not inspected,1.0000,retained,20-100,PRODUCTION_PASS,PASS,PASS,PASS,2100904792,2025.4,2025.4,deployed_run_copy
Pro00121__PET_L10__tail-side__r2,HiC,Pro00121,10,tail-side,2,pro00121_petl10_b200h200x32_binding001_20260701T051222Z,100.0,50000000,100.0,True,production log; trajectory frames not inspected,1.0000,retained,20-100,PRODUCTION_PASS,PASS,PASS,PASS,565133279,2025.4,2025.4,deployed_run_copy
Pro00121__PET_L10__tail-side__r3,HiC,Pro00121,10,tail-side,3,pro00121_petl10_b200h200x32_binding001_20260701T051222Z,100.0,50000000,100.0,True,production log; trajectory frames not inspected,1.0000,retained,20-100,PRODUCTION_PASS,PASS,PASS,PASS,1367245587,2025.4,2025.4,deployed_run_copy
Pro00121__PET_L20__bidirectional__r1,HiC,Pro00121,20,bidirectional,1,pro00121_petl20_b200h200x32_binding001_20260701T051222Z,100.0,50000000,100.0,True,production log; trajectory frames not inspected,1.0000,retained,20-100,PRODUCTION_PASS,PASS,PASS,PASS,413752005,2025.4,2025.4,deployed_run_copy
Pro00121__PET_L20__bidirectional__r2,HiC,Pro00121,20,bidirectional,2,pro00121_petl20_b200h200x32_binding001_20260701T051222Z,100.0,50000000,100.0,True,production log; trajectory frames not inspected,1.0000,retained,20-100,PRODUCTION_PASS,PASS,PASS,PASS,88876433,2025.4,2025.4,deployed_run_copy
Pro00121__PET_L20__bidirectional__r3,HiC,Pro00121,20,bidirectional,3,pro00121_petl20_b200h200x32_binding001_20260701T051222Z,100.0,50000000,100.0,True,production log; trajectory frames not inspected,1.0000,retained,20-100,PRODUCTION_PASS,PASS,PASS,PASS,578938906,2025.4,2025.4,deployed_run_copy
Pro00121__PET_L20__head-side__r1,HiC,Pro00121,20,head-side,1,pro00121_petl20_b200h200x32_binding001_20260701T051222Z,100.0,50000000,100.0,True,production log; trajectory frames not inspected,1.0000,retained,20-100,PRODUCTION_PASS,PASS,PASS,PASS,775221400,2025.4,2025.4,deployed_run_copy
Pro00121__PET_L20__head-side__r2,HiC,Pro00121,20,head-side,2,pro00121_petl20_b200h200x32_binding001_20260701T051222Z,100.0,50000000,100.0,True,production log; trajectory frames not inspected,1.0000,retained,20-100,PRODUCTION_PASS,PASS,PASS,PASS,148966709,2025.4,2025.4,deployed_run_copy
Pro00121__PET_L20__head-side__r3,HiC,Pro00121,20,head-side,3,pro00121_petl20_b200h200x32_binding001_20260701T051222Z,100.0,50000000,100.0,True,production log; trajectory frames not inspected,1.0000,retained,20-100,PRODUCTION_PASS,PASS,PASS,PASS,488306061,2025.4,2025.4,deployed_run_copy
Pro00121__PET_L20__tail-side__r1,HiC,Pro00121,20,tail-side,1,pro00121_petl20_b200h200x32_binding001_20260701T051222Z,100.0,50000000,100.0,True,production log; trajectory frames not inspected,1.0000,retained,20-100,PRODUCTION_PASS,PASS,PASS,PASS,1780352030,2025.4,2025.4,deployed_run_copy
Pro00121__PET_L20__tail-side__r2,HiC,Pro00121,20,tail-side,2,pro00121_petl20_b200h200x32_binding001_20260701T051222Z,100.0,50000000,100.0,True,production log; trajectory frames not inspected,1.0000,retained,20-100,PRODUCTION_PASS,PASS,PASS,PASS,84682220,2025.4,2025.4,deployed_run_copy
Pro00121__PET_L20__tail-side__r3,HiC,Pro00121,20,tail-side,3,pro00121_petl20_b200h200x32_binding001_20260701T051222Z,100.0,50000000,100.0,True,production log; trajectory frames not inspected,0.1425,detached,20-100,PRODUCTION_FAIL,PASS,PASS,PASS,1444217912,2025.4,2025.4,deployed_run_copy
Pro00137__PET_L4__single__r1,PHL7,Pro00137,4,single,1,pro00137_petl4_b200h200x32_binding001_20260627T162743Z,100.0,50000000,100.0,True,production log; trajectory frames not inspected,0.1255,detached,20-100,PRODUCTION_FAIL,PASS,PASS,PASS,20260627,2025.4,2025.4,deployed_run_copy
Pro00137__PET_L4__single__r2,PHL7,Pro00137,4,single,2,pro00137_petl4_b200h200x32_binding001_20260627T162743Z,100.0,50000000,100.0,True,production log; trajectory frames not inspected,1.0000,retained,20-100,PRODUCTION_PASS,PASS,PASS,PASS,20260628,2025.4,2025.4,deployed_run_copy
Pro00137__PET_L4__single__r3,PHL7,Pro00137,4,single,3,pro00137_petl4_b200h200x32_binding001_20260627T162743Z,100.0,50000000,100.0,True,production log; trajectory frames not inspected,0.3713,detached,20-100,PRODUCTION_FAIL,PASS,PASS,PASS,20260629,2025.4,2025.4,deployed_run_copy
Pro00137__PET_L10__bidirectional__r1,PHL7,Pro00137,10,bidirectional,1,pro00137_petl10_b200h200x32_binding001_20260627T181925Z,100.0,50000000,100.0,True,production log; trajectory frames not inspected,0.6134,partial,20-100,PRODUCTION_WARN,PASS,PASS,PASS,1821415808,2025.4,2025.4,deployed_run_copy
Pro00137__PET_L10__bidirectional__r2,PHL7,Pro00137,10,bidirectional,2,pro00137_petl10_b200h200x32_binding001_20260627T181925Z,100.0,50000000,100.0,True,production log; trajectory frames not inspected,0.3543,detached,20-100,PRODUCTION_FAIL,PASS,PASS,PASS,542405095,2025.4,2025.4,deployed_run_copy
Pro00137__PET_L10__bidirectional__r3,PHL7,Pro00137,10,bidirectional,3,pro00137_petl10_b200h200x32_binding001_20260627T181925Z,100.0,50000000,100.0,True,production log; trajectory frames not inspected,0.5572,partial,20-100,PRODUCTION_WARN,PASS,PASS,PASS,749098503,2025.4,2025.4,deployed_run_copy
Pro00137__PET_L10__head-side__r1,PHL7,Pro00137,10,head-side,1,pro00137_petl10_b200h200x32_binding001_20260627T181925Z,100.0,50000000,100.0,True,production log; trajectory frames not inspected,1.0000,retained,20-100,PRODUCTION_PASS,PASS,PASS,PASS,1275233224,2025.4,2025.4,deployed_run_copy
Pro00137__PET_L10__head-side__r2,PHL7,Pro00137,10,head-side,2,pro00137_petl10_b200h200x32_binding001_20260627T181925Z,100.0,50000000,100.0,True,production log; trajectory frames not inspected,0.3867,detached,20-100,PRODUCTION_FAIL,PASS,PASS,PASS,1729558185,2025.4,2025.4,deployed_run_copy
Pro00137__PET_L10__head-side__r3,PHL7,Pro00137,10,head-side,3,pro00137_petl10_b200h200x32_binding001_20260627T181925Z,100.0,50000000,100.0,True,production log; trajectory frames not inspected,0.9049,retained,20-100,PRODUCTION_PASS,PASS,PASS,PASS,884539198,2025.4,2025.4,deployed_run_copy
Pro00137__PET_L10__tail-side__r1,PHL7,Pro00137,10,tail-side,1,pro00137_petl10_b200h200x32_binding001_20260627T181925Z,100.0,50000000,100.0,True,production log; trajectory frames not inspected,0.0162,detached,20-100,PRODUCTION_FAIL,PASS,PASS,PASS,707929476,2025.4,2025.4,deployed_run_copy
Pro00137__PET_L10__tail-side__r2,PHL7,Pro00137,10,tail-side,2,pro00137_petl10_b200h200x32_binding001_20260627T181925Z,100.0,50000000,100.0,True,production log; trajectory frames not inspected,0.2032,detached,20-100,PRODUCTION_FAIL,PASS,PASS,PASS,2054008776,2025.4,2025.4,deployed_run_copy
Pro00137__PET_L10__tail-side__r3,PHL7,Pro00137,10,tail-side,3,pro00137_petl10_b200h200x32_binding001_20260627T181925Z,100.0,50000000,100.0,True,production log; trajectory frames not inspected,1.0000,retained,20-100,PRODUCTION_PASS,PASS,PASS,PASS,1523588713,2025.4,2025.4,deployed_run_copy
Pro00137__PET_L20__bidirectional__r1,PHL7,Pro00137,20,bidirectional,1,pro00137_petl20_b200h200x32_binding001_20260628T105714Z,100.0,50000000,100.0,True,production log; trajectory frames not inspected,0.3977,detached,20-100,PRODUCTION_FAIL,PASS,PASS,PASS,1558970763,2025.4,2025.4,deployed_run_copy
Pro00137__PET_L20__bidirectional__r2,PHL7,Pro00137,20,bidirectional,2,pro00137_petl20_b200h200x32_binding001_20260628T105714Z,100.0,50000000,100.0,True,production log; trajectory frames not inspected,1.0000,retained,20-100,PRODUCTION_PASS,PASS,PASS,PASS,515476026,2025.4,2025.4,deployed_run_copy
Pro00137__PET_L20__bidirectional__r3,PHL7,Pro00137,20,bidirectional,3,pro00137_petl20_b200h200x32_binding001_20260628T105714Z,100.0,50000000,100.0,True,production log; trajectory frames not inspected,0.4149,detached,20-100,PRODUCTION_FAIL,PASS,PASS,PASS,1648304097,2025.4,2025.4,deployed_run_copy
Pro00137__PET_L20__head-side__r1,PHL7,Pro00137,20,head-side,1,pro00137_petl20_b200h200x32_binding001_20260628T105714Z,100.0,50000000,100.0,True,production log; trajectory frames not inspected,0.5248,partial,20-100,PRODUCTION_WARN,PASS,PASS,PASS,211321263,2025.4,2025.4,deployed_run_copy
Pro00137__PET_L20__head-side__r2,PHL7,Pro00137,20,head-side,2,pro00137_petl20_b200h200x32_binding001_20260628T105714Z,100.0,50000000,100.0,True,production log; trajectory frames not inspected,0.5751,partial,20-100,PRODUCTION_WARN,PASS,PASS,PASS,612338452,2025.4,2025.4,deployed_run_copy
Pro00137__PET_L20__head-side__r3,PHL7,Pro00137,20,head-side,3,pro00137_petl20_b200h200x32_binding001_20260628T105714Z,100.0,50000000,100.0,True,production log; trajectory frames not inspected,0.0899,detached,20-100,PRODUCTION_FAIL,PASS,PASS,PASS,1761856670,2025.4,2025.4,deployed_run_copy
Pro00137__PET_L20__tail-side__r1,PHL7,Pro00137,20,tail-side,1,pro00137_petl20_b200h200x32_binding001_20260628T105714Z,100.0,50000000,100.0,True,production log; trajectory frames not inspected,0.0059,detached,20-100,PRODUCTION_FAIL,PASS,PASS,PASS,484237395,2025.4,2025.4,deployed_run_copy
Pro00137__PET_L20__tail-side__r2,PHL7,Pro00137,20,tail-side,2,pro00137_petl20_b200h200x32_binding001_20260628T105714Z,100.0,50000000,100.0,True,production log; trajectory frames not inspected,1.0000,retained,20-100,PRODUCTION_PASS,PASS,PASS,PASS,300646722,2025.4,2025.4,deployed_run_copy
Pro00137__PET_L20__tail-side__r3,PHL7,Pro00137,20,tail-side,3,pro00137_petl20_b200h200x32_binding001_20260628T105714Z,100.0,50000000,100.0,True,production log; trajectory frames not inspected,0.7307,partial,20-100,PRODUCTION_WARN,PASS,PASS,PASS,543270115,2025.4,2025.4,deployed_run_copy
