case,protein_id,protein_name,pet_kind,direction,replica_id,residue_number,residue_label,chemistry_rationale,total_frames,frames_with_any_candidate_hbond,any_hbond_occupancy,sidechain_hbond_occupancy,backbone_hbond_occupancy,protein_donor_hbond_occupancy,protein_acceptor_hbond_occupancy,hbond_triplet_events,mean_triplet_count_per_frame,unique_donor_acceptor_pairs,episodes,mean_episode_ns,longest_episode_ns,top_exact_pair_label,top_exact_pair_occupancy,heavy_atom_contact_fraction
Pro00057_PET_L10_bidirectional_r02,Pro00057,CUT1,PET_L10,bidirectional,2,62,T62,hydroxyl-bearing polar side chain,8001,17,0.00212473,0.00212473,0.00000000,0.00212473,0.00000000,17,0.00212473,3,7,0.02428571,0.05000000,T62:OG1 - PET1:O4 (protein donor),0.00099988,0.33145857
Pro00057_PET_L10_bidirectional_r03,Pro00057,CUT1,PET_L10,bidirectional,3,62,T62,hydroxyl-bearing polar side chain,8001,77,0.00962380,0.00962380,0.00000000,0.00962380,0.00000000,78,0.00974878,6,55,0.01400000,0.06000000,T62:OG1 - PET5:O4 (protein donor),0.00724909,0.91438570
Pro00057_PET_L10_head_side_r02,Pro00057,CUT1,PET_L10,head_side,2,62,T62,hydroxyl-bearing polar side chain,8001,149,0.01862267,0.01862267,0.00000000,0.01299838,0.00562430,154,0.01924759,10,85,0.01752941,0.08000000,T62:OG1 - PET10:OZ (protein acceptor),0.00562430,0.90863642
Pro00057_PET_L10_head_side_r03,Pro00057,CUT1,PET_L10,head_side,3,62,T62,hydroxyl-bearing polar side chain,8001,1,0.00012498,0.00000000,0.00012498,0.00000000,0.00012498,1,0.00012498,1,1,0.01000000,0.01000000,T62:O - PET10:OZ (protein acceptor),0.00012498,0.22309711
Pro00057_PET_L10_tail_side_r02,Pro00057,CUT1,PET_L10,tail_side,2,62,T62,hydroxyl-bearing polar side chain,8001,38,0.00474941,0.00337458,0.00137483,0.00000000,0.00474941,38,0.00474941,2,13,0.02923077,0.10000000,T62:OG1 - PET10:OZ (protein acceptor),0.00337458,0.06349206
Pro00057_PET_L10_tail_side_r03,Pro00057,CUT1,PET_L10,tail_side,3,62,T62,hydroxyl-bearing polar side chain,8001,4,0.00049994,0.00049994,0.00000000,0.00000000,0.00049994,4,0.00049994,1,2,0.02000000,0.03000000,T62:OG1 - PET10:OZ (protein acceptor),0.00049994,0.21697288
Pro00057_PET_L20_bidirectional_r01,Pro00057,CUT1,PET_L20,bidirectional,1,62,T62,hydroxyl-bearing polar side chain,8001,3,0.00037495,0.00037495,0.00000000,0.00037495,0.00000000,3,0.00037495,1,3,0.01000000,0.01000000,T62:OG1 - PET13:O4 (protein donor),0.00037495,0.99612548
Pro00057_PET_L20_bidirectional_r02,Pro00057,CUT1,PET_L20,bidirectional,2,62,T62,hydroxyl-bearing polar side chain,8001,21,0.00262467,0.00262467,0.00000000,0.00262467,0.00000000,21,0.00262467,2,10,0.02100000,0.11000000,T62:OG1 - PET15:O4 (protein donor),0.00249969,0.93863267
Pro00057_PET_L20_head_side_r01,Pro00057,CUT1,PET_L20,head_side,1,62,T62,hydroxyl-bearing polar side chain,8001,0,0.00000000,0.00000000,0.00000000,0.00000000,0.00000000,0,0.00000000,0,0,0.00000000,0.00000000,,0.00000000,1.00000000
Pro00057_PET_L20_head_side_r02,Pro00057,CUT1,PET_L20,head_side,2,62,T62,hydroxyl-bearing polar side chain,8001,232,0.02899638,0.02899638,0.00000000,0.02699663,0.00199975,232,0.02899638,4,26,0.08923077,0.45000000,T62:OG1 - PET17:O4 (protein donor),0.02612173,0.76340457
Pro00057_PET_L20_head_side_r03,Pro00057,CUT1,PET_L20,head_side,3,62,T62,hydroxyl-bearing polar side chain,8001,39,0.00487439,0.00487439,0.00000000,0.00487439,0.00000000,39,0.00487439,1,37,0.01054054,0.03000000,T62:OG1 - PET6:O2 (protein donor),0.00487439,0.82639670
Pro00057_PET_L20_tail_side_r02,Pro00057,CUT1,PET_L20,tail_side,2,62,T62,hydroxyl-bearing polar side chain,8001,7,0.00087489,0.00087489,0.00000000,0.00087489,0.00000000,7,0.00087489,2,4,0.01750000,0.03000000,T62:OG1 - PET5:O2 (protein donor),0.00062492,0.92350956
Pro00057_PET_L10_bidirectional_r02,Pro00057,CUT1,PET_L10,bidirectional,2,64,T64,hydroxyl-bearing polar side chain,8001,0,0.00000000,0.00000000,0.00000000,0.00000000,0.00000000,0,0.00000000,0,0,0.00000000,0.00000000,,0.00000000,0.12410949
Pro00057_PET_L10_bidirectional_r03,Pro00057,CUT1,PET_L10,bidirectional,3,64,T64,hydroxyl-bearing polar side chain,8001,0,0.00000000,0.00000000,0.00000000,0.00000000,0.00000000,0,0.00000000,0,0,0.00000000,0.00000000,,0.00000000,0.08761405
Pro00057_PET_L10_head_side_r02,Pro00057,CUT1,PET_L10,head_side,2,64,T64,hydroxyl-bearing polar side chain,8001,7,0.00087489,0.00012498,0.00074991,0.00087489,0.00000000,7,0.00087489,4,6,0.01166667,0.02000000,T64:N - PET3:O2 (protein donor),0.00037495,0.18585177
Pro00057_PET_L10_head_side_r03,Pro00057,CUT1,PET_L10,head_side,3,64,T64,hydroxyl-bearing polar side chain,8001,0,0.00000000,0.00000000,0.00000000,0.00000000,0.00000000,0,0.00000000,0,0,0.00000000,0.00000000,,0.00000000,0.07361580
Pro00057_PET_L10_tail_side_r02,Pro00057,CUT1,PET_L10,tail_side,2,64,T64,hydroxyl-bearing polar side chain,8001,0,0.00000000,0.00000000,0.00000000,0.00000000,0.00000000,0,0.00000000,0,0,0.00000000,0.00000000,,0.00000000,0.00499938
Pro00057_PET_L10_tail_side_r03,Pro00057,CUT1,PET_L10,tail_side,3,64,T64,hydroxyl-bearing polar side chain,8001,0,0.00000000,0.00000000,0.00000000,0.00000000,0.00000000,0,0.00000000,0,0,0.00000000,0.00000000,,0.00000000,0.11586052
Pro00057_PET_L20_bidirectional_r01,Pro00057,CUT1,PET_L20,bidirectional,1,64,T64,hydroxyl-bearing polar side chain,8001,2641,0.33008374,0.08736408,0.27659043,0.33008374,0.00000000,2912,0.36395451,4,620,0.04259677,0.90000000,T64:N - PET13:O4 (protein donor),0.27659043,0.73240845
Pro00057_PET_L20_bidirectional_r02,Pro00057,CUT1,PET_L20,bidirectional,2,64,T64,hydroxyl-bearing polar side chain,8001,0,0.00000000,0.00000000,0.00000000,0.00000000,0.00000000,0,0.00000000,0,0,0.00000000,0.00000000,,0.00000000,0.17847769
Pro00057_PET_L20_head_side_r01,Pro00057,CUT1,PET_L20,head_side,1,64,T64,hydroxyl-bearing polar side chain,8001,1059,0.13235846,0.03249594,0.11411074,0.13235846,0.00000000,1173,0.14660667,4,735,0.01440816,0.11000000,T64:N - PET15:O4 (protein donor),0.11411074,0.99712536
Pro00057_PET_L20_head_side_r02,Pro00057,CUT1,PET_L20,head_side,2,64,T64,hydroxyl-bearing polar side chain,8001,51,0.00637420,0.00000000,0.00637420,0.00637420,0.00000000,51,0.00637420,1,37,0.01378378,0.04000000,T64:N - PET15:O4 (protein donor),0.00637420,0.33783277
Pro00057_PET_L20_head_side_r03,Pro00057,CUT1,PET_L20,head_side,3,64,T64,hydroxyl-bearing polar side chain,8001,0,0.00000000,0.00000000,0.00000000,0.00000000,0.00000000,0,0.00000000,0,0,0.00000000,0.00000000,,0.00000000,0.00149981
Pro00057_PET_L20_tail_side_r02,Pro00057,CUT1,PET_L20,tail_side,2,64,T64,hydroxyl-bearing polar side chain,8001,65,0.00812398,0.00787402,0.00049994,0.00812398,0.00000000,67,0.00837395,7,20,0.03250000,0.14000000,T64:OG1 - PET13:O2 (protein donor),0.00399950,0.26659168
Pro00057_PET_L10_bidirectional_r02,Pro00057,CUT1,PET_L10,bidirectional,2,67,S67,hydroxyl-bearing polar side chain,8001,80,0.00999875,0.00999875,0.00000000,0.00649919,0.00349956,80,0.00999875,4,24,0.03333333,0.15000000,S67:OG - PET1:O4 (protein donor),0.00524934,0.12060992
Pro00057_PET_L10_bidirectional_r03,Pro00057,CUT1,PET_L10,bidirectional,3,67,S67,hydroxyl-bearing polar side chain,8001,113,0.01412323,0.01412323,0.00000000,0.01412323,0.00000000,113,0.01412323,3,16,0.07062500,0.32000000,S67:OG - PET10:O2 (protein donor),0.00874891,0.09861267
Pro00057_PET_L10_head_side_r02,Pro00057,CUT1,PET_L10,head_side,2,67,S67,hydroxyl-bearing polar side chain,8001,0,0.00000000,0.00000000,0.00000000,0.00000000,0.00000000,0,0.00000000,0,0,0.00000000,0.00000000,,0.00000000,0.00924884
Pro00057_PET_L10_head_side_r03,Pro00057,CUT1,PET_L10,head_side,3,67,S67,hydroxyl-bearing polar side chain,8001,0,0.00000000,0.00000000,0.00000000,0.00000000,0.00000000,0,0.00000000,0,0,0.00000000,0.00000000,,0.00000000,0.00000000
Pro00057_PET_L10_tail_side_r02,Pro00057,CUT1,PET_L10,tail_side,2,67,S67,hydroxyl-bearing polar side chain,8001,10,0.00124984,0.00124984,0.00000000,0.00000000,0.00124984,10,0.00124984,1,2,0.05000000,0.06000000,S67:OG - PET10:OZ (protein acceptor),0.00124984,0.01762280
Pro00057_PET_L10_tail_side_r03,Pro00057,CUT1,PET_L10,tail_side,3,67,S67,hydroxyl-bearing polar side chain,8001,12,0.00149981,0.00149981,0.00000000,0.00149981,0.00000000,12,0.00149981,1,10,0.01200000,0.02000000,S67:OG - PET9:O4 (protein donor),0.00149981,0.09011374
Pro00057_PET_L20_bidirectional_r01,Pro00057,CUT1,PET_L20,bidirectional,1,67,S67,hydroxyl-bearing polar side chain,8001,136,0.01699788,0.01699788,0.00000000,0.01699788,0.00000000,136,0.01699788,2,86,0.01581395,0.15000000,S67:OG - PET13:O4 (protein donor),0.01687289,0.91688539
Pro00057_PET_L20_bidirectional_r02,Pro00057,CUT1,PET_L20,bidirectional,2,67,S67,hydroxyl-bearing polar side chain,8001,208,0.02599675,0.02599675,0.00000000,0.02599675,0.00000000,208,0.02599675,1,61,0.03409836,0.18000000,S67:OG - PET15:O2 (protein donor),0.02599675,0.61579803
Pro00057_PET_L20_head_side_r01,Pro00057,CUT1,PET_L20,head_side,1,67,S67,hydroxyl-bearing polar side chain,8001,41,0.00512436,0.00512436,0.00000000,0.00512436,0.00000000,41,0.00512436,1,18,0.02277778,0.10000000,S67:OG - PET15:O4 (protein donor),0.00512436,0.95788026
Pro00057_PET_L20_head_side_r02,Pro00057,CUT1,PET_L20,head_side,2,67,S67,hydroxyl-bearing polar side chain,8001,706,0.08823897,0.08823897,0.00000000,0.08823897,0.00000000,706,0.08823897,4,80,0.08825000,0.58000000,S67:OG - PET14:O2 (protein donor),0.04324459,0.36295463
Pro00057_PET_L20_head_side_r03,Pro00057,CUT1,PET_L20,head_side,3,67,S67,hydroxyl-bearing polar side chain,8001,0,0.00000000,0.00000000,0.00000000,0.00000000,0.00000000,0,0.00000000,0,0,0.00000000,0.00000000,,0.00000000,0.03549556
Pro00057_PET_L20_tail_side_r02,Pro00057,CUT1,PET_L20,tail_side,2,67,S67,hydroxyl-bearing polar side chain,8001,76,0.00949881,0.00949881,0.00000000,0.00949881,0.00000000,76,0.00949881,3,20,0.03800000,0.33000000,S67:OG - PET16:O2 (protein donor),0.00574928,0.28358955
Pro00057_PET_L10_bidirectional_r02,Pro00057,CUT1,PET_L10,bidirectional,2,213,N213,amide donor-acceptor side chain,8001,0,0.00000000,0.00000000,0.00000000,0.00000000,0.00000000,0,0.00000000,0,0,0.00000000,0.00000000,,0.00000000,0.03874516
Pro00057_PET_L10_bidirectional_r03,Pro00057,CUT1,PET_L10,bidirectional,3,213,N213,amide donor-acceptor side chain,8001,137,0.01712286,0.01649794,0.00062492,0.01649794,0.00062492,137,0.01712286,7,36,0.03805556,0.20000000,N213:ND2 - PET8:O2 (protein donor),0.01349831,0.34058243
Pro00057_PET_L10_head_side_r02,Pro00057,CUT1,PET_L10,head_side,2,213,N213,amide donor-acceptor side chain,8001,332,0.04149481,0.04149481,0.00000000,0.04149481,0.00000000,332,0.04149481,1,9,0.36888889,1.13000000,N213:ND2 - PET3:O2 (protein donor),0.04149481,0.05336833
Pro00057_PET_L10_head_side_r03,Pro00057,CUT1,PET_L10,head_side,3,213,N213,amide donor-acceptor side chain,8001,0,0.00000000,0.00000000,0.00000000,0.00000000,0.00000000,0,0.00000000,0,0,0.00000000,0.00000000,,0.00000000,0.00000000
Pro00057_PET_L10_tail_side_r02,Pro00057,CUT1,PET_L10,tail_side,2,213,N213,amide donor-acceptor side chain,8001,146,0.01824772,0.01824772,0.00000000,0.01812273,0.00012498,146,0.01824772,2,21,0.06952381,0.53000000,N213:ND2 - PET9:O2 (protein donor),0.01812273,0.02287214
Pro00057_PET_L10_tail_side_r03,Pro00057,CUT1,PET_L10,tail_side,3,213,N213,amide donor-acceptor side chain,8001,4,0.00049994,0.00049994,0.00000000,0.00049994,0.00000000,4,0.00049994,1,2,0.02000000,0.03000000,N213:ND2 - PET8:O2 (protein donor),0.00049994,0.01249844
Pro00057_PET_L20_bidirectional_r01,Pro00057,CUT1,PET_L20,bidirectional,1,213,N213,amide donor-acceptor side chain,8001,180,0.02249719,0.02249719,0.00000000,0.02249719,0.00000000,180,0.02249719,2,108,0.01666667,0.06000000,N213:ND2 - PET14:O2 (protein donor),0.02137233,0.97237845
Pro00057_PET_L20_bidirectional_r02,Pro00057,CUT1,PET_L20,bidirectional,2,213,N213,amide donor-acceptor side chain,8001,6,0.00074991,0.00074991,0.00000000,0.00074991,0.00000000,6,0.00074991,1,6,0.01000000,0.01000000,N213:ND2 - PET15:O2 (protein donor),0.00074991,0.07636545
Pro00057_PET_L20_head_side_r01,Pro00057,CUT1,PET_L20,head_side,1,213,N213,amide donor-acceptor side chain,8001,0,0.00000000,0.00000000,0.00000000,0.00000000,0.00000000,0,0.00000000,0,0,0.00000000,0.00000000,,0.00000000,0.96625422
Pro00057_PET_L20_head_side_r02,Pro00057,CUT1,PET_L20,head_side,2,213,N213,amide donor-acceptor side chain,8001,252,0.03149606,0.03149606,0.00000000,0.03149606,0.00000000,253,0.03162105,7,72,0.03500000,0.23000000,N213:ND2 - PET14:O4 (protein donor),0.01324834,0.56680415
Pro00057_PET_L20_head_side_r03,Pro00057,CUT1,PET_L20,head_side,3,213,N213,amide donor-acceptor side chain,8001,0,0.00000000,0.00000000,0.00000000,0.00000000,0.00000000,0,0.00000000,0,0,0.00000000,0.00000000,,0.00000000,0.10311211
Pro00057_PET_L20_tail_side_r02,Pro00057,CUT1,PET_L20,tail_side,2,213,N213,amide donor-acceptor side chain,8001,429,0.05361830,0.05361830,0.00000000,0.05361830,0.00000000,429,0.05361830,2,50,0.08580000,0.47000000,N213:ND2 - PET11:O2 (protein donor),0.05324334,0.36457943
Pro00121_PET_L10_bidirectional_r03,Pro00121,HiC,PET_L10,bidirectional,3,164,T164,hydroxyl-bearing polar side chain,8001,0,0.00000000,0.00000000,0.00000000,0.00000000,0.00000000,0,0.00000000,0,0,0.00000000,0.00000000,,0.00000000,0.00699913
Pro00121_PET_L10_head_side_r02,Pro00121,HiC,PET_L10,head_side,2,164,T164,hydroxyl-bearing polar side chain,8001,189,0.02362205,0.02349706,0.00012498,0.02324709,0.00037495,189,0.02362205,5,16,0.11812500,0.88000000,T164:OG1 - PET7:O4 (protein donor),0.02212223,0.23759530
Pro00121_PET_L10_tail_side_r01,Pro00121,HiC,PET_L10,tail_side,1,164,T164,hydroxyl-bearing polar side chain,8001,0,0.00000000,0.00000000,0.00000000,0.00000000,0.00000000,0,0.00000000,0,0,0.00000000,0.00000000,,0.00000000,0.00199975
Pro00121_PET_L10_tail_side_r02,Pro00121,HiC,PET_L10,tail_side,2,164,T164,hydroxyl-bearing polar side chain,8001,0,0.00000000,0.00000000,0.00000000,0.00000000,0.00000000,0,0.00000000,0,0,0.00000000,0.00000000,,0.00000000,0.00000000
Pro00121_PET_L10_tail_side_r03,Pro00121,HiC,PET_L10,tail_side,3,164,T164,hydroxyl-bearing polar side chain,8001,513,0.06411699,0.06374203,0.00037495,0.06374203,0.00037495,513,0.06411699,8,66,0.07772727,1.02000000,T164:OG1 - PET7:O4 (protein donor),0.05374328,0.41469816
Pro00121_PET_L20_bidirectional_r01,Pro00121,HiC,PET_L20,bidirectional,1,164,T164,hydroxyl-bearing polar side chain,8001,386,0.04824397,0.04561930,0.00299963,0.03262092,0.01599800,389,0.04861892,10,116,0.03327586,0.32000000,T164:OG1 - PET20:O4 (protein donor),0.02499688,0.88501437
Pro00121_PET_L20_bidirectional_r02,Pro00121,HiC,PET_L20,bidirectional,2,164,T164,hydroxyl-bearing polar side chain,8001,128,0.01599800,0.01599800,0.00000000,0.01599800,0.00000000,128,0.01599800,4,48,0.02666667,0.24000000,T164:OG1 - PET20:O2 (protein donor),0.00762405,0.55918010
Pro00121_PET_L20_bidirectional_r03,Pro00121,HiC,PET_L20,bidirectional,3,164,T164,hydroxyl-bearing polar side chain,8001,9,0.00112486,0.00037495,0.00074991,0.00037495,0.00074991,9,0.00112486,2,3,0.03000000,0.05000000,T164:O - PET20:OZ (protein acceptor),0.00074991,0.01462317
Pro00121_PET_L20_head_side_r01,Pro00121,HiC,PET_L20,head_side,1,164,T164,hydroxyl-bearing polar side chain,8001,5,0.00062492,0.00062492,0.00000000,0.00012498,0.00049994,5,0.00062492,2,2,0.02500000,0.04000000,T164:OG1 - PET1:O1 (protein acceptor),0.00049994,0.80414948
Pro00121_PET_L20_head_side_r02,Pro00121,HiC,PET_L20,head_side,2,164,T164,hydroxyl-bearing polar side chain,8001,52,0.00649919,0.00549931,0.00099988,0.00549931,0.00099988,52,0.00649919,7,28,0.01857143,0.06000000,T164:OG1 - PET5:O4 (protein donor),0.00249969,0.44169479
Pro00121_PET_L20_head_side_r03,Pro00121,HiC,PET_L20,head_side,3,164,T164,hydroxyl-bearing polar side chain,8001,173,0.02162230,0.02162230,0.00000000,0.02162230,0.00000000,173,0.02162230,5,12,0.14416667,1.22000000,T164:OG1 - PET17:O2 (protein donor),0.01899763,0.24496938
Pro00121_PET_L20_tail_side_r01,Pro00121,HiC,PET_L20,tail_side,1,164,T164,hydroxyl-bearing polar side chain,8001,347,0.04336958,0.04336958,0.00000000,0.04336958,0.00000000,347,0.04336958,2,83,0.04180723,0.38000000,T164:OG1 - PET14:O2 (protein donor),0.04261967,0.46431696
Pro00121_PET_L20_tail_side_r02,Pro00121,HiC,PET_L20,tail_side,2,164,T164,hydroxyl-bearing polar side chain,8001,1438,0.17972753,0.17972753,0.00000000,0.17947757,0.00024997,1438,0.17972753,6,117,0.12290598,1.15000000,T164:OG1 - PET6:O2 (protein donor),0.14298213,0.93925759
Pro00121_PET_L10_bidirectional_r03,Pro00121,HiC,PET_L10,bidirectional,3,166,T166,hydroxyl-bearing polar side chain,8001,41,0.00512436,0.00512436,0.00000000,0.00499938,0.00012498,42,0.00524934,8,18,0.02277778,0.08000000,T166:OG1 - PET2:O2 (protein donor),0.00287464,0.38307712
Pro00121_PET_L10_head_side_r02,Pro00121,HiC,PET_L10,head_side,2,166,T166,hydroxyl-bearing polar side chain,8001,1050,0.13123360,0.11811024,0.01312336,0.11798525,0.01324834,1050,0.13123360,10,205,0.05121951,0.59000000,T166:OG1 - PET4:O2 (protein donor),0.07849019,0.41494813
Pro00121_PET_L10_tail_side_r01,Pro00121,HiC,PET_L10,tail_side,1,166,T166,hydroxyl-bearing polar side chain,8001,107,0.01337333,0.01337333,0.00000000,0.01337333,0.00000000,107,0.01337333,2,34,0.03147059,0.28000000,T166:OG1 - PET9:O2 (protein donor),0.00737408,0.61929759
Pro00121_PET_L10_tail_side_r02,Pro00121,HiC,PET_L10,tail_side,2,166,T166,hydroxyl-bearing polar side chain,8001,4,0.00049994,0.00049994,0.00000000,0.00012498,0.00037495,4,0.00049994,2,3,0.01333333,0.02000000,T166:OG1 - PET10:OZ (protein acceptor),0.00037495,0.01074866
Pro00121_PET_L10_tail_side_r03,Pro00121,HiC,PET_L10,tail_side,3,166,T166,hydroxyl-bearing polar side chain,8001,707,0.08836395,0.08836395,0.00000000,0.08798900,0.00037495,707,0.08836395,15,105,0.06733333,1.76000000,T166:OG1 - PET7:O4 (protein donor),0.04211974,0.64929384
Pro00121_PET_L20_bidirectional_r01,Pro00121,HiC,PET_L20,bidirectional,1,166,T166,hydroxyl-bearing polar side chain,8001,5685,0.71053618,0.71053618,0.00000000,0.71053618,0.00000000,5685,0.71053618,8,211,0.26943128,3.79000000,T166:OG1 - PET19:O4 (protein donor),0.62317210,0.99800025
Pro00121_PET_L20_bidirectional_r02,Pro00121,HiC,PET_L20,bidirectional,2,166,T166,hydroxyl-bearing polar side chain,8001,1239,0.15485564,0.15485564,0.00000000,0.15335583,0.00149981,1241,0.15510561,15,283,0.04378092,0.40000000,T166:OG1 - PET15:O2 (protein donor),0.12410949,0.62554681
Pro00121_PET_L20_bidirectional_r03,Pro00121,HiC,PET_L20,bidirectional,3,166,T166,hydroxyl-bearing polar side chain,8001,165,0.02062242,0.02062242,0.00000000,0.02062242,0.00000000,165,0.02062242,4,36,0.04583333,0.22000000,T166:OG1 - PET12:O4 (protein donor),0.01799775,0.20484939
Pro00121_PET_L20_head_side_r01,Pro00121,HiC,PET_L20,head_side,1,166,T166,hydroxyl-bearing polar side chain,8001,1719,0.21484814,0.21334833,0.00149981,0.21459818,0.00024997,1720,0.21497313,6,413,0.04162228,0.44000000,T166:OG1 - PET16:O4 (protein donor),0.18510186,0.88913886
Pro00121_PET_L20_head_side_r02,Pro00121,HiC,PET_L20,head_side,2,166,T166,hydroxyl-bearing polar side chain,8001,151,0.01887264,0.01837270,0.00049994,0.01887264,0.00000000,151,0.01887264,12,69,0.02188406,0.16000000,T166:OG1 - PET1:O4 (protein donor),0.00862392,0.53405824
Pro00121_PET_L20_head_side_r03,Pro00121,HiC,PET_L20,head_side,3,166,T166,hydroxyl-bearing polar side chain,8001,692,0.08648919,0.08648919,0.00000000,0.08648919,0.00000000,692,0.08648919,8,138,0.05014493,0.41000000,T166:OG1 - PET7:O2 (protein donor),0.03699538,0.62229721
Pro00121_PET_L20_tail_side_r01,Pro00121,HiC,PET_L20,tail_side,1,166,T166,hydroxyl-bearing polar side chain,8001,1907,0.23834521,0.23784527,0.00137483,0.13810774,0.10898638,1981,0.24759405,17,243,0.07847737,1.13000000,T166:OG1 - PET1:O1 (protein acceptor),0.10898638,0.61554806
Pro00121_PET_L20_tail_side_r02,Pro00121,HiC,PET_L20,tail_side,2,166,T166,hydroxyl-bearing polar side chain,8001,1831,0.22884639,0.22884639,0.00000000,0.22884639,0.00000000,1832,0.22897138,6,117,0.15649573,2.59000000,T166:OG1 - PET4:O2 (protein donor),0.11448569,0.90576178
