protein_id,protein_label,pet_kind,pet_length,run_id,layout,direction,replica_id,production_verdict,retention_verdict,retention_fraction,retention_class,stability_verdict,clash_verdict,pbc_verdict,burn_in_ns,mindist_mean_post_burn_in_nm,mindist_end_post_burn_in_nm,existing_residue_contacts_long,existing_contact_persistence,files_ready_for_fingerprint,retained_fingerprint_eligible,strict_fingerprint_eligible,inclusion_note
Pro00057,T. fusca cutinase 1 / CUT1 / 7QJR,PET_L4,4,pro00057_petl4_local_binding002_20260527T061210Z,root,single,1,PRODUCTION_FAIL,FAIL,0.1535,detached,PASS,PASS,PASS,20.0,2.168,3.029,yes,yes,yes,no,no,retention 0.153 below 0.8; retention verdict FAIL
Pro00057,T. fusca cutinase 1 / CUT1 / 7QJR,PET_L4,4,pro00057_petl4_local_binding002_20260527T061210Z,root,single,2,PRODUCTION_PASS,PASS,0.8310,retained,PASS,PASS,PASS,20.0,0.538,0.203,yes,yes,yes,yes,yes,strict retained trajectory
Pro00057,T. fusca cutinase 1 / CUT1 / 7QJR,PET_L4,4,pro00057_petl4_local_binding002_20260527T061210Z,root,single,3,PRODUCTION_PASS,PASS,0.9766,retained,PASS,PASS,PASS,20.0,0.23,0.19,yes,yes,yes,yes,yes,strict retained trajectory
Pro00057,T. fusca cutinase 1 / CUT1 / 7QJR,PET_L10,10,pro00057_petl10_h200x32_binding002_20260529T234511Z,runtime,bidirectional,1,PRODUCTION_FAIL,FAIL,0.1610,detached,PASS,PASS,PASS,20.0,2.677,4.55,yes,yes,yes,no,no,retention 0.161 below 0.8; retention verdict FAIL
Pro00057,T. fusca cutinase 1 / CUT1 / 7QJR,PET_L10,10,pro00057_petl10_h200x32_binding002_20260529T234511Z,runtime,bidirectional,2,PRODUCTION_PASS,PASS,1.0000,retained,PASS,PASS,PASS,20.0,0.203,0.173,yes,yes,yes,yes,yes,strict retained trajectory
Pro00057,T. fusca cutinase 1 / CUT1 / 7QJR,PET_L10,10,pro00057_petl10_h200x32_binding002_20260529T234511Z,runtime,bidirectional,3,PRODUCTION_PASS,PASS,1.0000,retained,PASS,PASS,PASS,20.0,0.194,0.186,yes,yes,yes,yes,yes,strict retained trajectory
Pro00057,T. fusca cutinase 1 / CUT1 / 7QJR,PET_L10,10,pro00057_petl10_h200x32_binding002_20260529T234511Z,runtime,head-side,1,PRODUCTION_FAIL,FAIL,0.4117,detached,PASS,PASS,PASS,20.0,2.288,0.193,yes,yes,yes,no,no,retention 0.412 below 0.8; retention verdict FAIL
Pro00057,T. fusca cutinase 1 / CUT1 / 7QJR,PET_L10,10,pro00057_petl10_h200x32_binding002_20260529T234511Z,runtime,head-side,2,PRODUCTION_PASS,PASS,1.0000,retained,PASS,PASS,PASS,20.0,0.174,0.166,yes,yes,yes,yes,yes,strict retained trajectory
Pro00057,T. fusca cutinase 1 / CUT1 / 7QJR,PET_L10,10,pro00057_petl10_h200x32_binding002_20260529T234511Z,runtime,head-side,3,PRODUCTION_PASS,PASS,1.0000,retained,PASS,PASS,PASS,20.0,0.205,0.203,yes,yes,yes,yes,yes,strict retained trajectory
Pro00057,T. fusca cutinase 1 / CUT1 / 7QJR,PET_L10,10,pro00057_petl10_h200x32_binding002_20260529T234511Z,runtime,tail-side,1,PRODUCTION_WARN,WARN,0.6273,partial,PASS,PASS,PASS,20.0,1.509,3.08,yes,yes,yes,no,no,retention 0.627 below 0.8; retention verdict WARN
Pro00057,T. fusca cutinase 1 / CUT1 / 7QJR,PET_L10,10,pro00057_petl10_h200x32_binding002_20260529T234511Z,runtime,tail-side,2,PRODUCTION_PASS,PASS,1.0000,retained,PASS,PASS,PASS,20.0,0.204,0.217,yes,yes,yes,yes,yes,strict retained trajectory
Pro00057,T. fusca cutinase 1 / CUT1 / 7QJR,PET_L10,10,pro00057_petl10_h200x32_binding002_20260529T234511Z,runtime,tail-side,3,PRODUCTION_PASS,PASS,1.0000,retained,PASS,PASS,PASS,20.0,0.205,0.197,yes,yes,yes,yes,yes,strict retained trajectory
Pro00057,T. fusca cutinase 1 / CUT1 / 7QJR,PET_L20,20,pro00057_petl20_parallel64_from_l4_20260527T233152Z,runtime,bidirectional,1,PRODUCTION_PASS,PASS,1.0000,retained,PASS,PASS,PASS,20.0,0.202,0.232,yes,yes,yes,yes,yes,strict retained trajectory
Pro00057,T. fusca cutinase 1 / CUT1 / 7QJR,PET_L20,20,pro00057_petl20_parallel64_from_l4_20260527T233152Z,runtime,bidirectional,2,PRODUCTION_PASS,PASS,1.0000,retained,PASS,PASS,PASS,20.0,0.185,0.188,yes,yes,yes,yes,yes,strict retained trajectory
Pro00057,T. fusca cutinase 1 / CUT1 / 7QJR,PET_L20,20,pro00057_petl20_parallel64_from_l4_20260527T233152Z,runtime,bidirectional,3,PRODUCTION_FAIL,FAIL,0.2706,detached,PASS,PASS,PASS,20.0,2.97,3.595,yes,yes,yes,no,no,retention 0.271 below 0.8; retention verdict FAIL
Pro00057,T. fusca cutinase 1 / CUT1 / 7QJR,PET_L20,20,pro00057_petl20_parallel64_from_l4_20260527T233152Z,runtime,head-side,1,PRODUCTION_PASS,PASS,1.0000,retained,PASS,PASS,PASS,20.0,0.18,0.161,yes,yes,yes,yes,yes,strict retained trajectory
Pro00057,T. fusca cutinase 1 / CUT1 / 7QJR,PET_L20,20,pro00057_petl20_parallel64_from_l4_20260527T233152Z,runtime,head-side,2,PRODUCTION_PASS,PASS,1.0000,retained,PASS,PASS,PASS,20.0,0.195,0.172,yes,yes,yes,yes,yes,strict retained trajectory
Pro00057,T. fusca cutinase 1 / CUT1 / 7QJR,PET_L20,20,pro00057_petl20_parallel64_from_l4_20260527T233152Z,runtime,head-side,3,PRODUCTION_PASS,PASS,1.0000,retained,PASS,PASS,PASS,20.0,0.189,0.207,yes,yes,yes,yes,yes,strict retained trajectory
Pro00057,T. fusca cutinase 1 / CUT1 / 7QJR,PET_L20,20,pro00057_petl20_parallel64_from_l4_20260527T233152Z,runtime,tail-side,1,PRODUCTION_FAIL,FAIL,0.3402,detached,PASS,PASS,PASS,20.0,3.525,2.865,yes,yes,yes,no,no,retention 0.340 below 0.8; retention verdict FAIL
Pro00057,T. fusca cutinase 1 / CUT1 / 7QJR,PET_L20,20,pro00057_petl20_parallel64_from_l4_20260527T233152Z,runtime,tail-side,2,PRODUCTION_PASS,PASS,1.0000,retained,PASS,PASS,PASS,20.0,0.192,0.16,yes,yes,yes,yes,yes,strict retained trajectory
Pro00057,T. fusca cutinase 1 / CUT1 / 7QJR,PET_L20,20,pro00057_petl20_parallel64_from_l4_20260527T233152Z,runtime,tail-side,3,PRODUCTION_FAIL,FAIL,0.0096,detached,PASS,PASS,PASS,20.0,3.432,1.906,yes,yes,yes,no,no,retention 0.010 below 0.8; retention verdict FAIL
Pro00062,LCC WT,PET_L4,4,pro00062_petl4_h200x32_binding001_20260531T161122Z,results,single,1,PRODUCTION_WARN,PASS,1.0000,retained,WARN,PASS,PASS,20.0,0.2,0.167,yes,yes,yes,yes,no,stability verdict WARN
Pro00062,LCC WT,PET_L4,4,pro00062_petl4_h200x32_binding001_20260531T161122Z,results,single,2,PRODUCTION_WARN,PASS,0.9319,retained,WARN,PASS,PASS,20.0,0.352,2.851,yes,yes,yes,yes,no,stability verdict WARN
Pro00062,LCC WT,PET_L4,4,pro00062_petl4_h200x32_binding001_20260531T161122Z,results,single,3,PRODUCTION_WARN,WARN,0.5986,partial,WARN,PASS,PASS,20.0,1.08,0.217,yes,yes,yes,no,no,retention 0.599 below 0.8; retention verdict WARN; stability verdict WARN
Pro00062,LCC WT,PET_L10,10,pro00062_petl10_h200x32_binding001_20260601T032044Z,runtime,bidirectional,1,PRODUCTION_WARN,PASS,1.0000,retained,WARN,PASS,PASS,20.0,0.212,0.186,yes,yes,yes,yes,no,stability verdict WARN
Pro00062,LCC WT,PET_L10,10,pro00062_petl10_h200x32_binding001_20260601T032044Z,runtime,bidirectional,2,PRODUCTION_WARN,WARN,0.5987,partial,WARN,PASS,PASS,20.0,1.029,4.39,yes,yes,yes,no,no,retention 0.599 below 0.8; retention verdict WARN; stability verdict WARN
Pro00062,LCC WT,PET_L10,10,pro00062_petl10_h200x32_binding001_20260601T032044Z,runtime,bidirectional,3,PRODUCTION_WARN,PASS,1.0000,retained,WARN,PASS,PASS,20.0,0.207,0.173,yes,yes,yes,yes,no,stability verdict WARN
Pro00062,LCC WT,PET_L10,10,pro00062_petl10_h200x32_binding001_20260601T032044Z,runtime,head-side,1,PRODUCTION_FAIL,FAIL,0.2428,detached,WARN,PASS,PASS,20.0,2.432,3.191,yes,yes,yes,no,no,retention 0.243 below 0.8; retention verdict FAIL; stability verdict WARN
Pro00062,LCC WT,PET_L10,10,pro00062_petl10_h200x32_binding001_20260601T032044Z,runtime,head-side,2,PRODUCTION_WARN,PASS,1.0000,retained,WARN,PASS,PASS,20.0,0.196,0.281,yes,yes,yes,yes,no,stability verdict WARN
Pro00062,LCC WT,PET_L10,10,pro00062_petl10_h200x32_binding001_20260601T032044Z,runtime,head-side,3,PRODUCTION_FAIL,FAIL,0.0574,detached,WARN,PASS,PASS,20.0,3.278,5.328,yes,yes,yes,no,no,retention 0.057 below 0.8; retention verdict FAIL; stability verdict WARN
Pro00062,LCC WT,PET_L10,10,pro00062_petl10_h200x32_binding001_20260601T032044Z,runtime,tail-side,1,PRODUCTION_WARN,WARN,0.6593,partial,WARN,PASS,PASS,20.0,1.207,4.874,yes,yes,yes,no,no,retention 0.659 below 0.8; retention verdict WARN; stability verdict WARN
Pro00062,LCC WT,PET_L10,10,pro00062_petl10_h200x32_binding001_20260601T032044Z,runtime,tail-side,2,PRODUCTION_FAIL,FAIL,0.3575,detached,WARN,PASS,PASS,20.0,2.204,0.197,yes,yes,yes,no,no,retention 0.357 below 0.8; retention verdict FAIL; stability verdict WARN
Pro00062,LCC WT,PET_L10,10,pro00062_petl10_h200x32_binding001_20260601T032044Z,runtime,tail-side,3,PRODUCTION_WARN,WARN,0.7393,partial,WARN,PASS,PASS,20.0,0.95,5.747,yes,yes,yes,no,no,retention 0.739 below 0.8; retention verdict WARN; stability verdict WARN
Pro00062,LCC WT,PET_L20,20,pro00062_petl20_h200x32_binding001_20260602T131034Z,runtime,bidirectional,1,PRODUCTION_WARN,PASS,0.9039,retained,WARN,PASS,PASS,20.0,0.46,0.217,yes,yes,yes,yes,no,stability verdict WARN
Pro00062,LCC WT,PET_L20,20,pro00062_petl20_h200x32_binding001_20260602T131034Z,runtime,bidirectional,2,PRODUCTION_WARN,PASS,0.9641,retained,WARN,PASS,PASS,20.0,0.283,0.22,yes,yes,yes,yes,no,stability verdict WARN
Pro00062,LCC WT,PET_L20,20,pro00062_petl20_h200x32_binding001_20260602T131034Z,runtime,bidirectional,3,PRODUCTION_FAIL,FAIL,0.4868,detached,WARN,PASS,PASS,20.0,2.372,6.297,yes,yes,yes,no,no,retention 0.487 below 0.8; retention verdict FAIL; stability verdict WARN
Pro00062,LCC WT,PET_L20,20,pro00062_petl20_h200x32_binding001_20260602T131034Z,runtime,head-side,1,PRODUCTION_WARN,PASS,1.0000,retained,WARN,PASS,PASS,20.0,0.21,0.197,yes,yes,yes,yes,no,stability verdict WARN
Pro00062,LCC WT,PET_L20,20,pro00062_petl20_h200x32_binding001_20260602T131034Z,runtime,head-side,2,PRODUCTION_WARN,PASS,1.0000,retained,WARN,PASS,PASS,20.0,0.193,0.185,yes,yes,yes,yes,no,stability verdict WARN
Pro00062,LCC WT,PET_L20,20,pro00062_petl20_h200x32_binding001_20260602T131034Z,runtime,head-side,3,PRODUCTION_WARN,PASS,1.0000,retained,WARN,PASS,PASS,20.0,0.182,0.167,yes,yes,yes,yes,no,stability verdict WARN
Pro00062,LCC WT,PET_L20,20,pro00062_petl20_h200x32_binding001_20260602T131034Z,runtime,tail-side,1,PRODUCTION_WARN,PASS,1.0000,retained,WARN,PASS,PASS,20.0,0.189,0.183,yes,yes,yes,yes,no,stability verdict WARN
Pro00062,LCC WT,PET_L20,20,pro00062_petl20_h200x32_binding001_20260602T131034Z,runtime,tail-side,2,PRODUCTION_WARN,PASS,0.8439,retained,WARN,PASS,PASS,20.0,0.705,5.707,yes,yes,yes,yes,no,stability verdict WARN
Pro00062,LCC WT,PET_L20,20,pro00062_petl20_h200x32_binding001_20260602T131034Z,runtime,tail-side,3,PRODUCTION_WARN,PASS,0.9988,retained,WARN,PASS,PASS,20.0,0.224,0.215,yes,yes,yes,yes,no,stability verdict WARN
Pro00075,FoCut5a,PET_L4,4,pro00075_petl4_h200x32_binding001_20260603T221037Z,results,single,1,PRODUCTION_WARN,WARN,0.6399,partial,WARN,PASS,PASS,20.0,1.11,2.734,yes,yes,no,no,no,"retention 0.640 below 0.8; retention verdict WARN; stability verdict WARN; missing xtc,tpr,gro"
Pro00075,FoCut5a,PET_L4,4,pro00075_petl4_h200x32_binding001_20260603T221037Z,results,single,2,PRODUCTION_WARN,WARN,0.6875,partial,WARN,PASS,PASS,20.0,0.921,3.551,yes,yes,no,no,no,"retention 0.688 below 0.8; retention verdict WARN; stability verdict WARN; missing xtc,tpr,gro"
Pro00075,FoCut5a,PET_L4,4,pro00075_petl4_h200x32_binding001_20260603T221037Z,results,single,3,PRODUCTION_FAIL,FAIL,0.3062,detached,WARN,PASS,PASS,20.0,1.786,3.79,yes,yes,no,no,no,"retention 0.306 below 0.8; retention verdict FAIL; stability verdict WARN; missing xtc,tpr,gro"
Pro00075,FoCut5a,PET_L10,10,pro00075_petl10_b200h200x32_binding001_20260605T131118Z,runtime,bidirectional,1,PRODUCTION_WARN,PASS,1.0000,retained,WARN,PASS,PASS,20.0,0.195,0.163,yes,yes,yes,yes,no,stability verdict WARN
Pro00075,FoCut5a,PET_L10,10,pro00075_petl10_b200h200x32_binding001_20260605T131118Z,runtime,bidirectional,2,PRODUCTION_FAIL,FAIL,0.3840,detached,WARN,PASS,PASS,20.0,1.785,0.462,yes,yes,yes,no,no,retention 0.384 below 0.8; retention verdict FAIL; stability verdict WARN
Pro00075,FoCut5a,PET_L10,10,pro00075_petl10_b200h200x32_binding001_20260605T131118Z,runtime,bidirectional,3,PRODUCTION_FAIL,FAIL,0.2732,detached,WARN,PASS,PASS,20.0,2.615,3.85,yes,yes,yes,no,no,retention 0.273 below 0.8; retention verdict FAIL; stability verdict WARN
Pro00075,FoCut5a,PET_L10,10,pro00075_petl10_b200h200x32_binding001_20260605T131118Z,runtime,head-side,1,PRODUCTION_WARN,PASS,1.0000,retained,WARN,PASS,PASS,20.0,0.19,0.219,yes,yes,yes,yes,no,stability verdict WARN
Pro00075,FoCut5a,PET_L10,10,pro00075_petl10_b200h200x32_binding001_20260605T131118Z,runtime,head-side,2,PRODUCTION_WARN,PASS,1.0000,retained,WARN,PASS,PASS,20.0,0.196,0.21,yes,yes,yes,yes,no,stability verdict WARN
Pro00075,FoCut5a,PET_L10,10,pro00075_petl10_b200h200x32_binding001_20260605T131118Z,runtime,head-side,3,PRODUCTION_WARN,PASS,1.0000,retained,WARN,PASS,PASS,20.0,0.186,0.177,yes,yes,yes,yes,no,stability verdict WARN
Pro00075,FoCut5a,PET_L10,10,pro00075_petl10_b200h200x32_binding001_20260605T131118Z,runtime,tail-side,1,PRODUCTION_FAIL,FAIL,0.0190,detached,WARN,PASS,PASS,20.0,3.514,3.648,yes,yes,yes,no,no,retention 0.019 below 0.8; retention verdict FAIL; stability verdict WARN
Pro00075,FoCut5a,PET_L10,10,pro00075_petl10_b200h200x32_binding001_20260605T131118Z,runtime,tail-side,2,PRODUCTION_WARN,PASS,1.0000,retained,WARN,PASS,PASS,20.0,0.191,0.203,yes,yes,yes,yes,no,stability verdict WARN
Pro00075,FoCut5a,PET_L10,10,pro00075_petl10_b200h200x32_binding001_20260605T131118Z,runtime,tail-side,3,PRODUCTION_FAIL,FAIL,0.2611,detached,WARN,PASS,PASS,20.0,2.51,0.26,yes,yes,yes,no,no,retention 0.261 below 0.8; retention verdict FAIL; stability verdict WARN
Pro00075,FoCut5a,PET_L20,20,pro00075_petl20_b200h200x32_binding001_20260606T233108Z,runtime,bidirectional,1,PRODUCTION_WARN,PASS,1.0000,retained,WARN,PASS,PASS,20.0,0.193,0.218,yes,yes,yes,yes,no,stability verdict WARN
Pro00075,FoCut5a,PET_L20,20,pro00075_petl20_b200h200x32_binding001_20260606T233108Z,runtime,bidirectional,2,PRODUCTION_FAIL,FAIL,0.0065,detached,WARN,PASS,PASS,20.0,4.226,3.013,yes,yes,yes,no,no,retention 0.006 below 0.8; retention verdict FAIL; stability verdict WARN
Pro00075,FoCut5a,PET_L20,20,pro00075_petl20_b200h200x32_binding001_20260606T233108Z,runtime,bidirectional,3,PRODUCTION_FAIL,FAIL,0.0231,detached,WARN,PASS,PASS,20.0,3.786,4.973,yes,yes,yes,no,no,retention 0.023 below 0.8; retention verdict FAIL; stability verdict WARN
Pro00075,FoCut5a,PET_L20,20,pro00075_petl20_b200h200x32_binding001_20260606T233108Z,runtime,head-side,1,PRODUCTION_WARN,PASS,1.0000,retained,WARN,PASS,PASS,20.0,0.175,0.201,yes,yes,yes,yes,no,stability verdict WARN
Pro00075,FoCut5a,PET_L20,20,pro00075_petl20_b200h200x32_binding001_20260606T233108Z,runtime,head-side,2,PRODUCTION_WARN,PASS,1.0000,retained,WARN,PASS,PASS,20.0,0.177,0.196,yes,yes,yes,yes,no,stability verdict WARN
Pro00075,FoCut5a,PET_L20,20,pro00075_petl20_b200h200x32_binding001_20260606T233108Z,runtime,head-side,3,PRODUCTION_WARN,PASS,1.0000,retained,WARN,PASS,PASS,20.0,0.18,0.154,yes,yes,yes,yes,no,stability verdict WARN
Pro00075,FoCut5a,PET_L20,20,pro00075_petl20_b200h200x32_binding001_20260606T233108Z,runtime,tail-side,1,PRODUCTION_WARN,PASS,1.0000,retained,WARN,PASS,PASS,20.0,0.193,0.199,yes,yes,yes,yes,no,stability verdict WARN
Pro00075,FoCut5a,PET_L20,20,pro00075_petl20_b200h200x32_binding001_20260606T233108Z,runtime,tail-side,2,PRODUCTION_WARN,PASS,1.0000,retained,WARN,PASS,PASS,20.0,0.197,0.207,yes,yes,yes,yes,no,stability verdict WARN
Pro00075,FoCut5a,PET_L20,20,pro00075_petl20_b200h200x32_binding001_20260606T233108Z,runtime,tail-side,3,PRODUCTION_WARN,PASS,1.0000,retained,WARN,PASS,PASS,20.0,0.189,0.172,yes,yes,yes,yes,no,stability verdict WARN
Pro00083,IsPETase WT,PET_L4,4,pro00083_petl4_b200h200x32_binding001_20260612T132208Z,results,single,1,PRODUCTION_WARN,PASS,0.8308,retained,WARN,PASS,PASS,20.0,0.661,2.584,yes,yes,yes,yes,no,stability verdict WARN
Pro00083,IsPETase WT,PET_L4,4,pro00083_petl4_b200h200x32_binding001_20260612T132208Z,results,single,2,PRODUCTION_WARN,PASS,0.9491,retained,WARN,PASS,PASS,20.0,0.297,0.668,yes,yes,yes,yes,no,stability verdict WARN
Pro00083,IsPETase WT,PET_L4,4,pro00083_petl4_b200h200x32_binding001_20260612T132208Z,results,single,3,PRODUCTION_WARN,WARN,0.5689,partial,WARN,PASS,PASS,20.0,1.116,2.658,yes,yes,yes,no,no,retention 0.569 below 0.8; retention verdict WARN; stability verdict WARN
Pro00083,IsPETase WT,PET_L10,10,pro00083_petl10_b200h200x32_binding001_20260613T195109Z,runtime,bidirectional,1,PRODUCTION_WARN,PASS,1.0000,retained,WARN,PASS,PASS,20.0,0.204,0.202,yes,yes,yes,yes,no,stability verdict WARN
Pro00083,IsPETase WT,PET_L10,10,pro00083_petl10_b200h200x32_binding001_20260613T195109Z,runtime,bidirectional,2,PRODUCTION_FAIL,FAIL,0.4491,detached,WARN,PASS,PASS,20.0,1.845,0.183,yes,yes,yes,no,no,retention 0.449 below 0.8; retention verdict FAIL; stability verdict WARN
Pro00083,IsPETase WT,PET_L10,10,pro00083_petl10_b200h200x32_binding001_20260613T195109Z,runtime,bidirectional,3,PRODUCTION_FAIL,FAIL,0.1966,detached,WARN,PASS,PASS,20.0,2.962,2.638,yes,yes,yes,no,no,retention 0.197 below 0.8; retention verdict FAIL; stability verdict WARN
Pro00083,IsPETase WT,PET_L10,10,pro00083_petl10_b200h200x32_binding001_20260613T195109Z,runtime,head-side,1,PRODUCTION_FAIL,FAIL,0.0204,detached,WARN,PASS,PASS,20.0,3.239,3.31,yes,yes,yes,no,no,retention 0.020 below 0.8; retention verdict FAIL; stability verdict WARN
Pro00083,IsPETase WT,PET_L10,10,pro00083_petl10_b200h200x32_binding001_20260613T195109Z,runtime,head-side,2,PRODUCTION_WARN,PASS,1.0000,retained,WARN,PASS,PASS,20.0,0.203,0.24,yes,yes,yes,yes,no,stability verdict WARN
Pro00083,IsPETase WT,PET_L10,10,pro00083_petl10_b200h200x32_binding001_20260613T195109Z,runtime,head-side,3,PRODUCTION_WARN,PASS,1.0000,retained,WARN,PASS,PASS,20.0,0.207,0.186,yes,yes,yes,yes,no,stability verdict WARN
Pro00083,IsPETase WT,PET_L10,10,pro00083_petl10_b200h200x32_binding001_20260613T195109Z,runtime,tail-side,1,PRODUCTION_WARN,WARN,0.6230,partial,WARN,PASS,PASS,20.0,1.065,3.639,yes,yes,yes,no,no,retention 0.623 below 0.8; retention verdict WARN; stability verdict WARN
Pro00083,IsPETase WT,PET_L10,10,pro00083_petl10_b200h200x32_binding001_20260613T195109Z,runtime,tail-side,2,PRODUCTION_FAIL,FAIL,0.4852,detached,WARN,PASS,PASS,20.0,2.119,2.333,yes,yes,yes,no,no,retention 0.485 below 0.8; retention verdict FAIL; stability verdict WARN
Pro00083,IsPETase WT,PET_L10,10,pro00083_petl10_b200h200x32_binding001_20260613T195109Z,runtime,tail-side,3,PRODUCTION_WARN,PASS,1.0000,retained,WARN,PASS,PASS,20.0,0.2,0.208,yes,yes,yes,yes,no,stability verdict WARN
Pro00083,IsPETase WT,PET_L20,20,pro00083_petl20_b200h200x32_binding001_20260615T121700Z,runtime,bidirectional,1,PRODUCTION_WARN,PASS,0.8840,retained,WARN,PASS,PASS,20.0,0.395,0.204,yes,yes,yes,yes,no,stability verdict WARN
Pro00083,IsPETase WT,PET_L20,20,pro00083_petl20_b200h200x32_binding001_20260615T121700Z,runtime,bidirectional,2,PRODUCTION_WARN,PASS,0.8424,retained,WARN,PASS,PASS,20.0,0.666,3.929,yes,yes,yes,yes,no,stability verdict WARN
Pro00083,IsPETase WT,PET_L20,20,pro00083_petl20_b200h200x32_binding001_20260615T121700Z,runtime,bidirectional,3,PRODUCTION_FAIL,FAIL,0.0006,detached,WARN,PASS,PASS,20.0,4.369,4.202,yes,yes,yes,no,no,retention 0.001 below 0.8; retention verdict FAIL; stability verdict WARN
Pro00083,IsPETase WT,PET_L20,20,pro00083_petl20_b200h200x32_binding001_20260615T121700Z,runtime,head-side,1,PRODUCTION_WARN,PASS,1.0000,retained,WARN,PASS,PASS,20.0,0.204,0.182,yes,yes,yes,yes,no,stability verdict WARN
Pro00083,IsPETase WT,PET_L20,20,pro00083_petl20_b200h200x32_binding001_20260615T121700Z,runtime,head-side,2,PRODUCTION_WARN,PASS,1.0000,retained,WARN,PASS,PASS,20.0,0.211,0.21,yes,yes,yes,yes,no,stability verdict WARN
Pro00083,IsPETase WT,PET_L20,20,pro00083_petl20_b200h200x32_binding001_20260615T121700Z,runtime,head-side,3,PRODUCTION_WARN,PASS,0.9988,retained,WARN,PASS,PASS,20.0,0.197,0.225,yes,yes,yes,yes,no,stability verdict WARN
Pro00083,IsPETase WT,PET_L20,20,pro00083_petl20_b200h200x32_binding001_20260615T121700Z,runtime,tail-side,1,PRODUCTION_WARN,PASS,1.0000,retained,WARN,PASS,PASS,20.0,0.199,0.164,yes,yes,yes,yes,no,stability verdict WARN
Pro00083,IsPETase WT,PET_L20,20,pro00083_petl20_b200h200x32_binding001_20260615T121700Z,runtime,tail-side,2,PRODUCTION_WARN,PASS,0.9834,retained,WARN,PASS,PASS,20.0,0.241,0.167,yes,yes,yes,yes,no,stability verdict WARN
Pro00083,IsPETase WT,PET_L20,20,pro00083_petl20_b200h200x32_binding001_20260615T121700Z,runtime,tail-side,3,PRODUCTION_FAIL,FAIL,0.3016,detached,WARN,PASS,PASS,20.0,2.677,3.781,yes,yes,yes,no,no,retention 0.302 below 0.8; retention verdict FAIL; stability verdict WARN
Pro00121,HiC / 4OYY,PET_L4,4,pro00121_petl4_b200h200x32_binding001_20260629T193859Z,results,single,1,PRODUCTION_FAIL,FAIL,0.3301,detached,PASS,PASS,PASS,20.0,1.856,0.237,no,no,yes,no,no,retention 0.330 below 0.8; retention verdict FAIL
Pro00121,HiC / 4OYY,PET_L4,4,pro00121_petl4_b200h200x32_binding001_20260629T193859Z,results,single,2,PRODUCTION_FAIL,FAIL,0.2390,detached,PASS,PASS,PASS,20.0,1.999,1.43,no,no,yes,no,no,retention 0.239 below 0.8; retention verdict FAIL
Pro00121,HiC / 4OYY,PET_L4,4,pro00121_petl4_b200h200x32_binding001_20260629T193859Z,results,single,3,PRODUCTION_WARN,WARN,0.6865,partial,PASS,PASS,PASS,20.0,1.046,2.439,no,no,yes,no,no,retention 0.686 below 0.8; retention verdict WARN
Pro00121,HiC / 4OYY,PET_L10,10,pro00121_petl10_b200h200x32_binding001_20260701T051222Z,runtime,bidirectional,1,PRODUCTION_FAIL,FAIL,0.2431,detached,PASS,PASS,PASS,20.0,2.734,0.235,no,no,yes,no,no,retention 0.243 below 0.8; retention verdict FAIL
Pro00121,HiC / 4OYY,PET_L10,10,pro00121_petl10_b200h200x32_binding001_20260701T051222Z,runtime,bidirectional,2,PRODUCTION_FAIL,FAIL,0.2501,detached,PASS,PASS,PASS,20.0,2.637,3.337,no,no,yes,no,no,retention 0.250 below 0.8; retention verdict FAIL
Pro00121,HiC / 4OYY,PET_L10,10,pro00121_petl10_b200h200x32_binding001_20260701T051222Z,runtime,bidirectional,3,PRODUCTION_PASS,PASS,1.0000,retained,PASS,PASS,PASS,20.0,0.198,0.193,no,no,yes,yes,yes,strict retained trajectory
Pro00121,HiC / 4OYY,PET_L10,10,pro00121_petl10_b200h200x32_binding001_20260701T051222Z,runtime,head-side,1,PRODUCTION_WARN,WARN,0.7002,partial,PASS,PASS,PASS,20.0,1.387,5.055,no,no,yes,no,no,retention 0.700 below 0.8; retention verdict WARN
Pro00121,HiC / 4OYY,PET_L10,10,pro00121_petl10_b200h200x32_binding001_20260701T051222Z,runtime,head-side,2,PRODUCTION_PASS,PASS,1.0000,retained,PASS,PASS,PASS,20.0,0.208,0.214,no,no,yes,yes,yes,strict retained trajectory
Pro00121,HiC / 4OYY,PET_L10,10,pro00121_petl10_b200h200x32_binding001_20260701T051222Z,runtime,head-side,3,PRODUCTION_FAIL,FAIL,0.0011,detached,PASS,PASS,PASS,20.0,4.426,3.141,no,no,yes,no,no,retention 0.001 below 0.8; retention verdict FAIL
Pro00121,HiC / 4OYY,PET_L10,10,pro00121_petl10_b200h200x32_binding001_20260701T051222Z,runtime,tail-side,1,PRODUCTION_PASS,PASS,1.0000,retained,PASS,PASS,PASS,20.0,0.194,0.2,no,no,yes,yes,yes,strict retained trajectory
Pro00121,HiC / 4OYY,PET_L10,10,pro00121_petl10_b200h200x32_binding001_20260701T051222Z,runtime,tail-side,2,PRODUCTION_PASS,PASS,1.0000,retained,PASS,PASS,PASS,20.0,0.189,0.182,no,no,yes,yes,yes,strict retained trajectory
Pro00121,HiC / 4OYY,PET_L10,10,pro00121_petl10_b200h200x32_binding001_20260701T051222Z,runtime,tail-side,3,PRODUCTION_PASS,PASS,1.0000,retained,PASS,PASS,PASS,20.0,0.2,0.282,no,no,yes,yes,yes,strict retained trajectory
Pro00121,HiC / 4OYY,PET_L20,20,pro00121_petl20_b200h200x32_binding001_20260701T051222Z,runtime,bidirectional,1,PRODUCTION_PASS,PASS,1.0000,retained,PASS,PASS,PASS,20.0,0.178,0.174,no,no,yes,yes,yes,strict retained trajectory
Pro00121,HiC / 4OYY,PET_L20,20,pro00121_petl20_b200h200x32_binding001_20260701T051222Z,runtime,bidirectional,2,PRODUCTION_PASS,PASS,1.0000,retained,PASS,PASS,PASS,20.0,0.188,0.197,no,no,yes,yes,yes,strict retained trajectory
Pro00121,HiC / 4OYY,PET_L20,20,pro00121_petl20_b200h200x32_binding001_20260701T051222Z,runtime,bidirectional,3,PRODUCTION_PASS,PASS,1.0000,retained,PASS,PASS,PASS,20.0,0.202,0.213,no,no,yes,yes,yes,strict retained trajectory
Pro00121,HiC / 4OYY,PET_L20,20,pro00121_petl20_b200h200x32_binding001_20260701T051222Z,runtime,head-side,1,PRODUCTION_PASS,PASS,1.0000,retained,PASS,PASS,PASS,20.0,0.185,0.186,no,no,yes,yes,yes,strict retained trajectory
Pro00121,HiC / 4OYY,PET_L20,20,pro00121_petl20_b200h200x32_binding001_20260701T051222Z,runtime,head-side,2,PRODUCTION_PASS,PASS,1.0000,retained,PASS,PASS,PASS,20.0,0.188,0.207,no,no,yes,yes,yes,strict retained trajectory
Pro00121,HiC / 4OYY,PET_L20,20,pro00121_petl20_b200h200x32_binding001_20260701T051222Z,runtime,head-side,3,PRODUCTION_PASS,PASS,1.0000,retained,PASS,PASS,PASS,20.0,0.198,0.2,no,no,yes,yes,yes,strict retained trajectory
Pro00121,HiC / 4OYY,PET_L20,20,pro00121_petl20_b200h200x32_binding001_20260701T051222Z,runtime,tail-side,1,PRODUCTION_PASS,PASS,1.0000,retained,PASS,PASS,PASS,20.0,0.196,0.18,no,no,yes,yes,yes,strict retained trajectory
Pro00121,HiC / 4OYY,PET_L20,20,pro00121_petl20_b200h200x32_binding001_20260701T051222Z,runtime,tail-side,2,PRODUCTION_PASS,PASS,1.0000,retained,PASS,PASS,PASS,20.0,0.192,0.184,no,no,yes,yes,yes,strict retained trajectory
Pro00121,HiC / 4OYY,PET_L20,20,pro00121_petl20_b200h200x32_binding001_20260701T051222Z,runtime,tail-side,3,PRODUCTION_FAIL,FAIL,0.1425,detached,PASS,PASS,PASS,20.0,3.688,5.345,no,no,yes,no,no,retention 0.142 below 0.8; retention verdict FAIL
Pro00137,PHL7 / 7NEI,PET_L4,4,pro00137_petl4_b200h200x32_binding001_20260627T162743Z,results,single,1,PRODUCTION_FAIL,FAIL,0.1255,detached,PASS,PASS,PASS,20.0,2.334,3.048,no,no,yes,no,no,retention 0.126 below 0.8; retention verdict FAIL
Pro00137,PHL7 / 7NEI,PET_L4,4,pro00137_petl4_b200h200x32_binding001_20260627T162743Z,results,single,2,PRODUCTION_PASS,PASS,1.0000,retained,PASS,PASS,PASS,20.0,0.209,0.193,no,no,yes,yes,yes,strict retained trajectory
Pro00137,PHL7 / 7NEI,PET_L4,4,pro00137_petl4_b200h200x32_binding001_20260627T162743Z,results,single,3,PRODUCTION_FAIL,FAIL,0.3713,detached,PASS,PASS,PASS,20.0,1.702,0.782,no,no,yes,no,no,retention 0.371 below 0.8; retention verdict FAIL
Pro00137,PHL7 / 7NEI,PET_L10,10,pro00137_petl10_b200h200x32_binding001_20260627T181925Z,runtime,bidirectional,1,PRODUCTION_WARN,WARN,0.6134,partial,PASS,PASS,PASS,20.0,1.235,0.25,no,no,yes,no,no,retention 0.613 below 0.8; retention verdict WARN
Pro00137,PHL7 / 7NEI,PET_L10,10,pro00137_petl10_b200h200x32_binding001_20260627T181925Z,runtime,bidirectional,2,PRODUCTION_FAIL,FAIL,0.3543,detached,PASS,PASS,PASS,20.0,2.322,2.065,no,no,yes,no,no,retention 0.354 below 0.8; retention verdict FAIL
Pro00137,PHL7 / 7NEI,PET_L10,10,pro00137_petl10_b200h200x32_binding001_20260627T181925Z,runtime,bidirectional,3,PRODUCTION_WARN,WARN,0.5572,partial,PASS,PASS,PASS,20.0,1.121,3.121,no,no,yes,no,no,retention 0.557 below 0.8; retention verdict WARN
Pro00137,PHL7 / 7NEI,PET_L10,10,pro00137_petl10_b200h200x32_binding001_20260627T181925Z,runtime,head-side,1,PRODUCTION_PASS,PASS,1.0000,retained,PASS,PASS,PASS,20.0,0.211,0.241,no,no,yes,yes,yes,strict retained trajectory
Pro00137,PHL7 / 7NEI,PET_L10,10,pro00137_petl10_b200h200x32_binding001_20260627T181925Z,runtime,head-side,2,PRODUCTION_FAIL,FAIL,0.3867,detached,PASS,PASS,PASS,20.0,2.007,3.06,no,no,yes,no,no,retention 0.387 below 0.8; retention verdict FAIL
Pro00137,PHL7 / 7NEI,PET_L10,10,pro00137_petl10_b200h200x32_binding001_20260627T181925Z,runtime,head-side,3,PRODUCTION_PASS,PASS,0.9049,retained,PASS,PASS,PASS,20.0,0.394,1.988,no,no,yes,yes,yes,strict retained trajectory
Pro00137,PHL7 / 7NEI,PET_L10,10,pro00137_petl10_b200h200x32_binding001_20260627T181925Z,runtime,tail-side,1,PRODUCTION_FAIL,FAIL,0.0162,detached,PASS,PASS,PASS,20.0,4.034,1.659,no,no,yes,no,no,retention 0.016 below 0.8; retention verdict FAIL
Pro00137,PHL7 / 7NEI,PET_L10,10,pro00137_petl10_b200h200x32_binding001_20260627T181925Z,runtime,tail-side,2,PRODUCTION_FAIL,FAIL,0.2032,detached,PASS,PASS,PASS,20.0,1.996,0.23,no,no,yes,no,no,retention 0.203 below 0.8; retention verdict FAIL
Pro00137,PHL7 / 7NEI,PET_L10,10,pro00137_petl10_b200h200x32_binding001_20260627T181925Z,runtime,tail-side,3,PRODUCTION_PASS,PASS,1.0000,retained,PASS,PASS,PASS,20.0,0.189,0.222,no,no,yes,yes,yes,strict retained trajectory
Pro00137,PHL7 / 7NEI,PET_L20,20,pro00137_petl20_b200h200x32_binding001_20260628T105714Z,runtime,bidirectional,1,PRODUCTION_FAIL,FAIL,0.3977,detached,PASS,PASS,PASS,20.0,2.148,4.518,no,no,yes,no,no,retention 0.398 below 0.8; retention verdict FAIL
Pro00137,PHL7 / 7NEI,PET_L20,20,pro00137_petl20_b200h200x32_binding001_20260628T105714Z,runtime,bidirectional,2,PRODUCTION_PASS,PASS,1.0000,retained,PASS,PASS,PASS,20.0,0.21,0.205,no,no,yes,yes,yes,strict retained trajectory
Pro00137,PHL7 / 7NEI,PET_L20,20,pro00137_petl20_b200h200x32_binding001_20260628T105714Z,runtime,bidirectional,3,PRODUCTION_FAIL,FAIL,0.4149,detached,PASS,PASS,PASS,20.0,2.245,1.944,no,no,yes,no,no,retention 0.415 below 0.8; retention verdict FAIL
Pro00137,PHL7 / 7NEI,PET_L20,20,pro00137_petl20_b200h200x32_binding001_20260628T105714Z,runtime,head-side,1,PRODUCTION_WARN,WARN,0.5248,partial,PASS,PASS,PASS,20.0,1.675,3.937,no,no,yes,no,no,retention 0.525 below 0.8; retention verdict WARN
Pro00137,PHL7 / 7NEI,PET_L20,20,pro00137_petl20_b200h200x32_binding001_20260628T105714Z,runtime,head-side,2,PRODUCTION_WARN,WARN,0.5751,partial,PASS,PASS,PASS,20.0,1.407,2.103,no,no,yes,no,no,retention 0.575 below 0.8; retention verdict WARN
Pro00137,PHL7 / 7NEI,PET_L20,20,pro00137_petl20_b200h200x32_binding001_20260628T105714Z,runtime,head-side,3,PRODUCTION_FAIL,FAIL,0.0899,detached,PASS,PASS,PASS,20.0,2.619,0.248,no,no,yes,no,no,retention 0.090 below 0.8; retention verdict FAIL
Pro00137,PHL7 / 7NEI,PET_L20,20,pro00137_petl20_b200h200x32_binding001_20260628T105714Z,runtime,tail-side,1,PRODUCTION_FAIL,FAIL,0.0059,detached,PASS,PASS,PASS,20.0,3.518,2.968,no,no,yes,no,no,retention 0.006 below 0.8; retention verdict FAIL
Pro00137,PHL7 / 7NEI,PET_L20,20,pro00137_petl20_b200h200x32_binding001_20260628T105714Z,runtime,tail-side,2,PRODUCTION_PASS,PASS,1.0000,retained,PASS,PASS,PASS,20.0,0.193,0.16,no,no,yes,yes,yes,strict retained trajectory
Pro00137,PHL7 / 7NEI,PET_L20,20,pro00137_petl20_b200h200x32_binding001_20260628T105714Z,runtime,tail-side,3,PRODUCTION_WARN,WARN,0.7307,partial,PASS,PASS,PASS,20.0,0.905,3.648,no,no,yes,no,no,retention 0.731 below 0.8; retention verdict WARN
