name,version,build,url,sha256,md5
_openmp_mutex,4.5,20_gnu,https://conda.anaconda.org/conda-forge/linux-64/_openmp_mutex-4.5-20_gnu.conda,1dd3fffd892081df9726d7eb7e0dea6198962ba775bd88842135a4ddb4deb3c9,a9f577daf3de00bca7c3c76c0ecbd1de
backports.zstd,1.3.0,py310h69bd2ac_0,https://conda.anaconda.org/conda-forge/linux-64/backports.zstd-1.3.0-py310h69bd2ac_0.conda,6660be15a45175c98f750b8bbc3fd07e0da36043624b376de49769bd14a0a16f,276a3ddf300498921601822e3b407088
biopython,1.87,py310h7c4b9e2_0,https://conda.anaconda.org/conda-forge/linux-64/biopython-1.87-py310h7c4b9e2_0.conda,fb2543dbaafa07344ebec83a4bc0c401aa5c623bd6498ed19ee1368656d93c45,d1810e238ff0c556a7fc798a6b54b74d
brotli,1.2.0,hed03a55_1,https://conda.anaconda.org/conda-forge/linux-64/brotli-1.2.0-hed03a55_1.conda,e511644d691f05eb12ebe1e971fd6dc3ae55a4df5c253b4e1788b789bdf2dfa6,8ccf913aaba749a5496c17629d859ed1
brotli-bin,1.2.0,hb03c661_1,https://conda.anaconda.org/conda-forge/linux-64/brotli-bin-1.2.0-hb03c661_1.conda,64b137f30b83b1dd61db6c946ae7511657eead59fdf74e84ef0ded219605aa94,af39b9a8711d4a8d437b52c1d78eb6a1
brotli-python,1.2.0,py310hba01987_1,https://conda.anaconda.org/conda-forge/linux-64/brotli-python-1.2.0-py310hba01987_1.conda,f036fe554d902549f86689a9650a0996901d5c9242b0a1e3fbfe6dbccd2ae011,393fca4557fbd2c4d995dcb89f569048
bzip2,1.0.8,hda65f42_9,https://conda.anaconda.org/conda-forge/linux-64/bzip2-1.0.8-hda65f42_9.conda,0b75d45f0bba3e95dc693336fa51f40ea28c980131fec438afb7ce6118ed05f6,d2ffd7602c02f2b316fd921d39876885
ca-certificates,2026.2.25,hbd8a1cb_0,https://conda.anaconda.org/conda-forge/noarch/ca-certificates-2026.2.25-hbd8a1cb_0.conda,67cc7101b36421c5913a1687ef1b99f85b5d6868da3abbf6ec1a4181e79782fc,4492fd26db29495f0ba23f146cd5638d
cairo,1.18.4,h3394656_0,https://conda.anaconda.org/conda-forge/linux-64/cairo-1.18.4-h3394656_0.conda,3bd6a391ad60e471de76c0e9db34986c4b5058587fbf2efa5a7f54645e28c2c7,09262e66b19567aff4f592fb53b28760
certifi,2026.2.25,pyhd8ed1ab_0,https://conda.anaconda.org/conda-forge/noarch/certifi-2026.2.25-pyhd8ed1ab_0.conda,a6b118fd1ed6099dc4fc03f9c492b88882a780fadaef4ed4f93dc70757713656,765c4d97e877cdbbb88ff33152b86125
charset-normalizer,3.4.7,pyhd8ed1ab_0,https://conda.anaconda.org/conda-forge/noarch/charset-normalizer-3.4.7-pyhd8ed1ab_0.conda,3f9483d62ce24ecd063f8a5a714448445dc8d9e201147c46699fc0033e824457,a9167b9571f3baa9d448faa2139d1089
contourpy,1.3.2,py310h3788b33_0,https://conda.anaconda.org/conda-forge/linux-64/contourpy-1.3.2-py310h3788b33_0.conda,5231c1b68e01a9bc9debabc077a6fb48c4395206d59f40a4598d1d5e353e11d8,b6420d29123c7c823de168f49ccdfe6a
cycler,0.12.1,pyhcf101f3_2,https://conda.anaconda.org/conda-forge/noarch/cycler-0.12.1-pyhcf101f3_2.conda,bb47aec5338695ff8efbddbc669064a3b10fe34ad881fb8ad5d64fbfa6910ed1,4c2a8fef270f6c69591889b93f9f55c1
cyrus-sasl,2.1.28,hd9c7081_0,https://conda.anaconda.org/conda-forge/linux-64/cyrus-sasl-2.1.28-hd9c7081_0.conda,ee09ad7610c12c7008262d713416d0b58bf365bc38584dce48950025850bdf3f,cae723309a49399d2949362f4ab5c9e4
font-ttf-dejavu-sans-mono,2.37,hab24e00_0,https://conda.anaconda.org/conda-forge/noarch/font-ttf-dejavu-sans-mono-2.37-hab24e00_0.tar.bz2,58d7f40d2940dd0a8aa28651239adbf5613254df0f75789919c4e6762054403b,0c96522c6bdaed4b1566d11387caaf45
font-ttf-inconsolata,3.000,h77eed37_0,https://conda.anaconda.org/conda-forge/noarch/font-ttf-inconsolata-3.000-h77eed37_0.tar.bz2,c52a29fdac682c20d252facc50f01e7c2e7ceac52aa9817aaf0bb83f7559ec5c,34893075a5c9e55cdafac56607368fc6
font-ttf-source-code-pro,2.038,h77eed37_0,https://conda.anaconda.org/conda-forge/noarch/font-ttf-source-code-pro-2.038-h77eed37_0.tar.bz2,00925c8c055a2275614b4d983e1df637245e19058d79fc7dd1a93b8d9fb4b139,4d59c254e01d9cde7957100457e2d5fb
font-ttf-ubuntu,0.83,h77eed37_3,https://conda.anaconda.org/conda-forge/noarch/font-ttf-ubuntu-0.83-h77eed37_3.conda,2821ec1dc454bd8b9a31d0ed22a7ce22422c0aef163c59f49dfdf915d0f0ca14,49023d73832ef61042f6a237cb2687e7
fontconfig,2.17.1,h27c8c51_0,https://conda.anaconda.org/conda-forge/linux-64/fontconfig-2.17.1-h27c8c51_0.conda,aa4a44dba97151221100a637c7f4bde619567afade9c0265f8e1c8eed8d7bd8c,867127763fbe935bab59815b6e0b7b5c
fonts-conda-ecosystem,1,0,https://conda.anaconda.org/conda-forge/noarch/fonts-conda-ecosystem-1-0.tar.bz2,a997f2f1921bb9c9d76e6fa2f6b408b7fa549edd349a77639c9fe7a23ea93e61,fee5683a3f04bd15cbd8318b096a27ab
fonts-conda-forge,1,hc364b38_1,https://conda.anaconda.org/conda-forge/noarch/fonts-conda-forge-1-hc364b38_1.conda,54eea8469786bc2291cc40bca5f46438d3e062a399e8f53f013b6a9f50e98333,a7970cd949a077b7cb9696379d338681
fonttools,4.62.0,py310h3406613_0,https://conda.anaconda.org/conda-forge/linux-64/fonttools-4.62.0-py310h3406613_0.conda,19bd6f1137310e8a23d6b341d325d24aaf89a5234b831fbb26759b7b0168a2c1,5ec9c93a61d857c8bdefdcebd49a5ef8
freetype,2.14.3,ha770c72_0,https://conda.anaconda.org/conda-forge/linux-64/freetype-2.14.3-ha770c72_0.conda,c934c385889c7836f034039b43b05ccfa98f53c900db03d8411189892ced090b,8462b5322567212beeb025f3519fb3e2
freetype-py,2.3.0,pyhd8ed1ab_0,https://conda.anaconda.org/conda-forge/noarch/freetype-py-2.3.0-pyhd8ed1ab_0.tar.bz2,bfa5ddb943992643a2ee2e258507beac2bdb17825e74d05f1bb0b79bb2c924fc,e4a165cdbbaed5bbb6e653b823156151
gemmi,0.7.5,py310hba69e1a_0,https://conda.anaconda.org/conda-forge/linux-64/gemmi-0.7.5-py310hba69e1a_0.conda,2654a3791500345fb9160a3e548b10fd7cbf78b028f2a9a5ae825fdecbdb58a1,8893203b0cfe47431b65e8525ae82a1c
greenlet,3.4.0,py310h25320af_0,https://conda.anaconda.org/conda-forge/linux-64/greenlet-3.4.0-py310h25320af_0.conda,1e64dbd1888d923401c286031fb6e812743a35e28e3446a02e202d2320607ce2,dd6e04f2a37c92255b77b70f86c1f06c
h2,4.3.0,pyhcf101f3_0,https://conda.anaconda.org/conda-forge/noarch/h2-4.3.0-pyhcf101f3_0.conda,84c64443368f84b600bfecc529a1194a3b14c3656ee2e832d15a20e0329b6da3,164fc43f0b53b6e3a7bc7dce5e4f1dc9
hpack,4.1.0,pyhd8ed1ab_0,https://conda.anaconda.org/conda-forge/noarch/hpack-4.1.0-pyhd8ed1ab_0.conda,6ad78a180576c706aabeb5b4c8ceb97c0cb25f1e112d76495bff23e3779948ba,0a802cb9888dd14eeefc611f05c40b6e
hyperframe,6.1.0,pyhd8ed1ab_0,https://conda.anaconda.org/conda-forge/noarch/hyperframe-6.1.0-pyhd8ed1ab_0.conda,77af6f5fe8b62ca07d09ac60127a30d9069fdc3c68d6b256754d0ffb1f7779f8,8e6923fc12f1fe8f8c4e5c9f343256ac
icu,75.1,he02047a_0,https://conda.anaconda.org/conda-forge/linux-64/icu-75.1-he02047a_0.conda,71e750d509f5fa3421087ba88ef9a7b9be11c53174af3aa4d06aff4c18b38e8e,8b189310083baabfb622af68fd9d3ae3
idna,3.11,pyhd8ed1ab_0,https://conda.anaconda.org/conda-forge/noarch/idna-3.11-pyhd8ed1ab_0.conda,ae89d0299ada2a3162c2614a9d26557a92aa6a77120ce142f8e0109bbf0342b0,53abe63df7e10a6ba605dc5f9f961d36
keyutils,1.6.3,hb9d3cd8_0,https://conda.anaconda.org/conda-forge/linux-64/keyutils-1.6.3-hb9d3cd8_0.conda,0960d06048a7185d3542d850986d807c6e37ca2e644342dd0c72feefcf26c2a4,b38117a3c920364aff79f870c984b4a3
kiwisolver,1.5.0,py310haaf941d_0,https://conda.anaconda.org/conda-forge/linux-64/kiwisolver-1.5.0-py310haaf941d_0.conda,44312f8b881a4c77af4be198c8e2e2022e406f58314191c31be8e172382ecdf7,8993ab7e5dce89147288dd78686e790c
krb5,1.21.3,h659f571_0,https://conda.anaconda.org/conda-forge/linux-64/krb5-1.21.3-h659f571_0.conda,99df692f7a8a5c27cd14b5fb1374ee55e756631b9c3d659ed3ee60830249b238,3f43953b7d3fb3aaa1d0d0723d91e368
lcms2,2.18,h0c24ade_0,https://conda.anaconda.org/conda-forge/linux-64/lcms2-2.18-h0c24ade_0.conda,836ec4b895352110335b9fdcfa83a8dcdbe6c5fb7c06c4929130600caea91c0a,6f2e2c8f58160147c4d1c6f4c14cbac4
ld_impl_linux-64,2.45.1,default_hbd61a6d_102,https://conda.anaconda.org/conda-forge/linux-64/ld_impl_linux-64-2.45.1-default_hbd61a6d_102.conda,3d584956604909ff5df353767f3a2a2f60e07d070b328d109f30ac40cd62df6c,18335a698559cdbcd86150a48bf54ba6
lerc,4.1.0,hdb68285_0,https://conda.anaconda.org/conda-forge/linux-64/lerc-4.1.0-hdb68285_0.conda,f84cb54782f7e9cea95e810ea8fef186e0652d0fa73d3009914fa2c1262594e1,a752488c68f2e7c456bcbd8f16eec275
libblas,3.11.0,6_h4a7cf45_openblas,https://conda.anaconda.org/conda-forge/linux-64/libblas-3.11.0-6_h4a7cf45_openblas.conda,7bfe936dbb5db04820cf300a9cc1f5ee8d5302fc896c2d66e30f1ee2f20fbfd6,6d6d225559bfa6e2f3c90ee9c03d4e2e
libboost,1.86.0,hed09d94_4,https://conda.anaconda.org/conda-forge/linux-64/libboost-1.86.0-hed09d94_4.conda,2e9778d8c3bbc6e7698fd87a1499a68ca1f02be37f6aaefa7541eb2728ffbff3,b708abf3b6a0f3cf2f833d2edf18aff0
libboost-python,1.86.0,py310hc563356_5,https://conda.anaconda.org/conda-forge/linux-64/libboost-python-1.86.0-py310hc563356_5.conda,4a308fc157256daa086bf5f5bbb09cb9968c0faed5a06d67fea6ac54315f0603,89e28e4ca1d96cf4dfe9e0ce85a7299e
libbrotlicommon,1.2.0,hb03c661_1,https://conda.anaconda.org/conda-forge/linux-64/libbrotlicommon-1.2.0-hb03c661_1.conda,318f36bd49ca8ad85e6478bd8506c88d82454cc008c1ac1c6bf00a3c42fa610e,72c8fd1af66bd67bf580645b426513ed
libbrotlidec,1.2.0,hb03c661_1,https://conda.anaconda.org/conda-forge/linux-64/libbrotlidec-1.2.0-hb03c661_1.conda,12fff21d38f98bc446d82baa890e01fd82e3b750378fedc720ff93522ffb752b,366b40a69f0ad6072561c1d09301c886
libbrotlienc,1.2.0,hb03c661_1,https://conda.anaconda.org/conda-forge/linux-64/libbrotlienc-1.2.0-hb03c661_1.conda,a0c15c79997820bbd3fbc8ecf146f4fe0eca36cc60b62b63ac6cf78857f1dd0d,4ffbb341c8b616aa2494b6afb26a0c5f
libcblas,3.11.0,6_h0358290_openblas,https://conda.anaconda.org/conda-forge/linux-64/libcblas-3.11.0-6_h0358290_openblas.conda,57edafa7796f6fa3ebbd5367692dd4c7f552be42109c2dd1a7c89b55089bf374,36ae340a916635b97ac8a0655ace2a35
libdeflate,1.25,h17f619e_0,https://conda.anaconda.org/conda-forge/linux-64/libdeflate-1.25-h17f619e_0.conda,aa8e8c4be9a2e81610ddf574e05b64ee131fab5e0e3693210c9d6d2fba32c680,6c77a605a7a689d17d4819c0f8ac9a00
libedit,3.1.20250104,pl5321h7949ede_0,https://conda.anaconda.org/conda-forge/linux-64/libedit-3.1.20250104-pl5321h7949ede_0.conda,d789471216e7aba3c184cd054ed61ce3f6dac6f87a50ec69291b9297f8c18724,c277e0a4d549b03ac1e9d6cbbe3d017b
libexpat,2.7.5,hecca717_0,https://conda.anaconda.org/conda-forge/linux-64/libexpat-2.7.5-hecca717_0.conda,e8c2b57f6aacabdf2f1b0924bd4831ce5071ba080baa4a9e8c0d720588b6794c,49f570f3bc4c874a06ea69b7225753af
libffi,3.5.2,h3435931_0,https://conda.anaconda.org/conda-forge/linux-64/libffi-3.5.2-h3435931_0.conda,31f19b6a88ce40ebc0d5a992c131f57d919f73c0b92cd1617a5bec83f6e961e6,a360c33a5abe61c07959e449fa1453eb
libfreetype,2.14.3,ha770c72_0,https://conda.anaconda.org/conda-forge/linux-64/libfreetype-2.14.3-ha770c72_0.conda,38f014a7129e644636e46064ecd6b1945e729c2140e21d75bb476af39e692db2,e289f3d17880e44b633ba911d57a321b
libfreetype6,2.14.3,h73754d4_0,https://conda.anaconda.org/conda-forge/linux-64/libfreetype6-2.14.3-h73754d4_0.conda,16f020f96da79db1863fcdd8f2b8f4f7d52f177dd4c58601e38e9182e91adf1d,fb16b4b69e3f1dcfe79d80db8fd0c55d
libgcc,15.2.0,he0feb66_18,https://conda.anaconda.org/conda-forge/linux-64/libgcc-15.2.0-he0feb66_18.conda,faf7d2017b4d718951e3a59d081eb09759152f93038479b768e3d612688f83f5,0aa00f03f9e39fb9876085dee11a85d4
libgcc-ng,15.2.0,h69a702a_18,https://conda.anaconda.org/conda-forge/linux-64/libgcc-ng-15.2.0-h69a702a_18.conda,e318a711400f536c81123e753d4c797a821021fb38970cebfb3f454126016893,d5e96b1ed75ca01906b3d2469b4ce493
libgfortran,15.2.0,h69a702a_18,https://conda.anaconda.org/conda-forge/linux-64/libgfortran-15.2.0-h69a702a_18.conda,d2c9fad338fd85e4487424865da8e74006ab2e2475bd788f624d7a39b2a72aee,9063115da5bc35fdc3e1002e69b9ef6e
libgfortran5,15.2.0,h68bc16d_18,https://conda.anaconda.org/conda-forge/linux-64/libgfortran5-15.2.0-h68bc16d_18.conda,539b57cf50ec85509a94ba9949b7e30717839e4d694bc94f30d41c9d34de2d12,646855f357199a12f02a87382d429b75
libglib,2.86.4,h6548e54_1,https://conda.anaconda.org/conda-forge/linux-64/libglib-2.86.4-h6548e54_1.conda,a27e44168a1240b15659888ce0d9b938ed4bdb49e9ea68a7c1ff27bcea8b55ce,bb26456332b07f68bf3b7622ed71c0da
libgomp,15.2.0,he0feb66_18,https://conda.anaconda.org/conda-forge/linux-64/libgomp-15.2.0-he0feb66_18.conda,21337ab58e5e0649d869ab168d4e609b033509de22521de1bfed0c031bfc5110,239c5e9546c38a1e884d69effcf4c882
libiconv,1.18,h3b78370_2,https://conda.anaconda.org/conda-forge/linux-64/libiconv-1.18-h3b78370_2.conda,c467851a7312765447155e071752d7bf9bf44d610a5687e32706f480aad2833f,915f5995e94f60e9a4826e0b0920ee88
libjpeg-turbo,3.1.4.1,hb03c661_0,https://conda.anaconda.org/conda-forge/linux-64/libjpeg-turbo-3.1.4.1-hb03c661_0.conda,10056646c28115b174de81a44e23e3a0a3b95b5347d2e6c45cc6d49d35294256,6178c6f2fb254558238ef4e6c56fb782
liblapack,3.11.0,6_h47877c9_openblas,https://conda.anaconda.org/conda-forge/linux-64/liblapack-3.11.0-6_h47877c9_openblas.conda,371f517eb7010b21c6cc882c7606daccebb943307cb9a3bf2c70456a5c024f7d,881d801569b201c2e753f03c84b85e15
liblzma,5.8.3,hb03c661_0,https://conda.anaconda.org/conda-forge/linux-64/liblzma-5.8.3-hb03c661_0.conda,ec30e52a3c1bf7d0425380a189d209a52baa03f22fb66dd3eb587acaa765bd6d,b88d90cad08e6bc8ad540cb310a761fb
libnsl,2.0.1,hb9d3cd8_1,https://conda.anaconda.org/conda-forge/linux-64/libnsl-2.0.1-hb9d3cd8_1.conda,927fe72b054277cde6cb82597d0fcf6baf127dcbce2e0a9d8925a68f1265eef5,d864d34357c3b65a4b731f78c0801dc4
libntlm,1.8,hb9d3cd8_0,https://conda.anaconda.org/conda-forge/linux-64/libntlm-1.8-hb9d3cd8_0.conda,3b3f19ced060013c2dd99d9d46403be6d319d4601814c772a3472fe2955612b0,7c7927b404672409d9917d49bff5f2d6
libopenblas,0.3.32,pthreads_h94d23a6_0,https://conda.anaconda.org/conda-forge/linux-64/libopenblas-0.3.32-pthreads_h94d23a6_0.conda,6dc30b28f32737a1c52dada10c8f3a41bc9e021854215efca04a7f00487d09d9,89d61bc91d3f39fda0ca10fcd3c68594
libpng,1.6.57,h421ea60_0,https://conda.anaconda.org/conda-forge/linux-64/libpng-1.6.57-h421ea60_0.conda,06323fb0a831440f0b72a53013182e1d4bb219e3ea958bb37af98b25dc0cf518,06f225e6d8c549ad6c0201679828a882
libpq,18.1,h5c52fec_2,https://conda.anaconda.org/conda-forge/linux-64/libpq-18.1-h5c52fec_2.conda,bbab2c3e6f650f2bd1bc84d88e6a20fefa6a401fa445bb4b97c509c1b3a89fa8,a8ac9a6342569d1714ae1b53ae2fcadb
librdkit,2025.09.5,h3c5c181_0,https://conda.anaconda.org/conda-forge/linux-64/librdkit-2025.09.5-h3c5c181_0.conda,06f20f6ce9dbc77000bc3eb3e597e5b4228e1bcdbf2debab949fca3c996a45a2,716755a81e23ba9065cb6d5dba07231a
libsqlite,3.53.0,h0c1763c_0,https://conda.anaconda.org/conda-forge/linux-64/libsqlite-3.53.0-h0c1763c_0.conda,d1688f91c013f9be0ad46492d4ec976ccc1dff5705a0b42be957abb73bf853bf,393c8b31bd128e3d979e7ec17e9507c6
libstdcxx,15.2.0,h934c35e_18,https://conda.anaconda.org/conda-forge/linux-64/libstdcxx-15.2.0-h934c35e_18.conda,78668020064fdaa27e9ab65cd2997e2c837b564ab26ce3bf0e58a2ce1a525c6e,1b08cd684f34175e4514474793d44bcb
libstdcxx-ng,15.2.0,hdf11a46_18,https://conda.anaconda.org/conda-forge/linux-64/libstdcxx-ng-15.2.0-hdf11a46_18.conda,3c902ffd673cb3c6ddde624cdb80f870b6c835f8bf28384b0016e7d444dd0145,6235adb93d064ecdf3d44faee6f468de
libtiff,4.7.1,h9d88235_1,https://conda.anaconda.org/conda-forge/linux-64/libtiff-4.7.1-h9d88235_1.conda,e5f8c38625aa6d567809733ae04bb71c161a42e44a9fa8227abe61fa5c60ebe0,cd5a90476766d53e901500df9215e927
libuuid,2.42,h5347b49_0,https://conda.anaconda.org/conda-forge/linux-64/libuuid-2.42-h5347b49_0.conda,bc1b08c92626c91500fd9f26f2c797f3eb153b627d53e9c13cd167f1e12b2829,38ffe67b78c9d4de527be8315e5ada2c
libwebp-base,1.6.0,hd42ef1d_0,https://conda.anaconda.org/conda-forge/linux-64/libwebp-base-1.6.0-hd42ef1d_0.conda,3aed21ab28eddffdaf7f804f49be7a7d701e8f0e46c856d801270b470820a37b,aea31d2e5b1091feca96fcfe945c3cf9
libxcb,1.17.0,h8a09558_0,https://conda.anaconda.org/conda-forge/linux-64/libxcb-1.17.0-h8a09558_0.conda,666c0c431b23c6cec6e492840b176dde533d48b7e6fb8883f5071223433776aa,92ed62436b625154323d40d5f2f11dd7
libxcrypt,4.4.36,hd590300_1,https://conda.anaconda.org/conda-forge/linux-64/libxcrypt-4.4.36-hd590300_1.conda,6ae68e0b86423ef188196fff6207ed0c8195dd84273cb5623b85aa08033a410c,5aa797f8787fe7a17d1b0821485b5adc
libxml2,2.13.9,h04c0eec_0,https://conda.anaconda.org/conda-forge/linux-64/libxml2-2.13.9-h04c0eec_0.conda,5d12e993894cb8e9f209e2e6bef9c90fa2b7a339a1f2ab133014b71db81f5d88,35eeb0a2add53b1e50218ed230fa6a02
libzlib,1.3.2,h25fd6f3_2,https://conda.anaconda.org/conda-forge/linux-64/libzlib-1.3.2-h25fd6f3_2.conda,55044c403570f0dc26e6364de4dc5368e5f3fc7ff103e867c487e2b5ab2bcda9,d87ff7921124eccd67248aa483c23fec
matplotlib-base,3.10.8,py310hfde16b3_0,https://conda.anaconda.org/conda-forge/linux-64/matplotlib-base-3.10.8-py310hfde16b3_0.conda,809eaf93eb1901764c9b75803794c0359dd09366f578a13fdbbbe99824920d2c,093b60a14d2c0d8c10f17e14a73a60d3
meeko,0.7.1,pyhd8ed1ab_0,https://conda.anaconda.org/conda-forge/noarch/meeko-0.7.1-pyhd8ed1ab_0.conda,95626c1862aa1fef06f3b62d07b4d20e19c8e781e3bda8e7e80b811e75f8fab1,48f01848b265e30a60460006781c4433
munkres,1.1.4,pyhd8ed1ab_1,https://conda.anaconda.org/conda-forge/noarch/munkres-1.1.4-pyhd8ed1ab_1.conda,d09c47c2cf456de5c09fa66d2c3c5035aa1fa228a1983a433c47b876aa16ce90,37293a85a0f4f77bbd9cf7aaefc62609
ncurses,6.5,h2d0b736_3,https://conda.anaconda.org/conda-forge/linux-64/ncurses-6.5-h2d0b736_3.conda,3fde293232fa3fca98635e1167de6b7c7fda83caf24b9d6c91ec9eefb4f4d586,47e340acb35de30501a76c7c799c41d7
numpy,2.2.6,py310hefbff90_0,https://conda.anaconda.org/conda-forge/linux-64/numpy-2.2.6-py310hefbff90_0.conda,0ba94a61f91d67413e60fa8daa85627a8f299b5054b0eff8f93d26da83ec755e,b0cea2c364bf65cd19e023040eeab05d
openbabel,3.1.1,py310hbff9852_9,https://conda.anaconda.org/conda-forge/linux-64/openbabel-3.1.1-py310hbff9852_9.conda,57e9e2b3dffecd858095d955d20e2fd3e506b215113a2a3ea81f8f48c6d6a201,d0c954b4b35b13b13871a829eaf413f4
openjpeg,2.5.4,h55fea9a_0,https://conda.anaconda.org/conda-forge/linux-64/openjpeg-2.5.4-h55fea9a_0.conda,3900f9f2dbbf4129cf3ad6acf4e4b6f7101390b53843591c53b00f034343bc4d,11b3379b191f63139e29c0d19dee24cd
openldap,2.6.10,he970967_0,https://conda.anaconda.org/conda-forge/linux-64/openldap-2.6.10-he970967_0.conda,cb0b07db15e303e6f0a19646807715d28f1264c6350309a559702f4f34f37892,2e5bf4f1da39c0b32778561c3c4e5878
openssl,3.6.2,h35e630c_0,https://conda.anaconda.org/conda-forge/linux-64/openssl-3.6.2-h35e630c_0.conda,c0ef482280e38c71a08ad6d71448194b719630345b0c9c60744a2010e8a8e0cb,da1b85b6a87e141f5140bb9924cecab0
packaging,26.0,pyhcf101f3_0,https://conda.anaconda.org/conda-forge/noarch/packaging-26.0-pyhcf101f3_0.conda,c1fc0f953048f743385d31c468b4a678b3ad20caffdeaa94bed85ba63049fd58,b76541e68fea4d511b1ac46a28dcd2c6
pandas,2.3.3,py310h0158d43_2,https://conda.anaconda.org/conda-forge/linux-64/pandas-2.3.3-py310h0158d43_2.conda,b9e88fa02fd5e99f54c168df622eda9ddf898cc15e631179963aca51d97244bf,0610ed073acc4737d036125a5a6dbae2
pcre2,10.47,haa7fec5_0,https://conda.anaconda.org/conda-forge/linux-64/pcre2-10.47-haa7fec5_0.conda,5e6f7d161356fefd981948bea5139c5aa0436767751a6930cb1ca801ebb113ff,7a3bff861a6583f1889021facefc08b1
pillow,12.2.0,py310h5a73078_0,https://conda.anaconda.org/conda-forge/linux-64/pillow-12.2.0-py310h5a73078_0.conda,24ea3d3ab64ccdb3c2c114d0daa5e8416a50b102848d384d46c3dda59669986f,440921820f098897562537c5c3cf7ae0
pip,26.0.1,pyh8b19718_0,https://conda.anaconda.org/conda-forge/noarch/pip-26.0.1-pyh8b19718_0.conda,8e1497814a9997654ed7990a79c054ea5a42545679407acbc6f7e809c73c9120,67bdec43082fd8a9cffb9484420b39a2
pixman,0.46.4,h54a6638_1,https://conda.anaconda.org/conda-forge/linux-64/pixman-0.46.4-h54a6638_1.conda,43d37bc9ca3b257c5dd7bf76a8426addbdec381f6786ff441dc90b1a49143b6a,c01af13bdc553d1a8fbfff6e8db075f0
prody,2.6.1,py310h9d64cdd_0,https://conda.anaconda.org/conda-forge/linux-64/prody-2.6.1-py310h9d64cdd_0.conda,4dc82fe602e2fbc26243b662ddfbf02e3086c8ec5c4f3c32befdd940cbb35135,27a965c206cbc0ea45b38291761bea61
pthread-stubs,0.4,hb9d3cd8_1002,https://conda.anaconda.org/conda-forge/linux-64/pthread-stubs-0.4-hb9d3cd8_1002.conda,9c88f8c64590e9567c6c80823f0328e58d3b1efb0e1c539c0315ceca764e0973,b3c17d95b5a10c6e64a21fa17573e70e
pycairo,1.29.0,py310h8c3e0f7_1,https://conda.anaconda.org/conda-forge/linux-64/pycairo-1.29.0-py310h8c3e0f7_1.conda,cb38233650ca89b11f0f2bd63eb87771821698cc23ff14fffdf9b3f0a6af09c2,3c745bc64fa081b67605263e47b80a16
pyparsing,3.1.1,pyhd8ed1ab_0,https://conda.anaconda.org/conda-forge/noarch/pyparsing-3.1.1-pyhd8ed1ab_0.conda,4a1332d634b6c2501a973655d68f08c9c42c0bd509c349239127b10572b8354b,176f7d56f0cfe9008bdf1bccd7de02fb
pysocks,1.7.1,pyha55dd90_7,https://conda.anaconda.org/conda-forge/noarch/pysocks-1.7.1-pyha55dd90_7.conda,ba3b032fa52709ce0d9fd388f63d330a026754587a2f461117cac9ab73d8d0d8,461219d1a5bd61342293efa2c0c90eac
python,3.10.20,h3c07f61_0_cpython,https://conda.anaconda.org/conda-forge/linux-64/python-3.10.20-h3c07f61_0_cpython.conda,8ff2ce308faf2588b69c65b120293f59a8f2577b772b34df4e817d220b09e081,5d4e2b00d99feacd026859b7fa239dc0
python-dateutil,2.9.0.post0,pyhe01879c_2,https://conda.anaconda.org/conda-forge/noarch/python-dateutil-2.9.0.post0-pyhe01879c_2.conda,d6a17ece93bbd5139e02d2bd7dbfa80bee1a4261dced63f65f679121686bf664,5b8d21249ff20967101ffa321cab24e8
python-tzdata,2026.1,pyhd8ed1ab_0,https://conda.anaconda.org/conda-forge/noarch/python-tzdata-2026.1-pyhd8ed1ab_0.conda,b5494ef54bc2394c6c4766ceeafac22507c4fc60de6cbfda45524fc2fcc3c9fc,d8d30923ccee7525704599efd722aa16
python_abi,3.10,8_cp310,https://conda.anaconda.org/conda-forge/noarch/python_abi-3.10-8_cp310.conda,7ad76fa396e4bde336872350124c0819032a9e8a0a40590744ff9527b54351c1,05e00f3b21e88bb3d658ac700b2ce58c
pytz,2026.1.post1,pyhcf101f3_0,https://conda.anaconda.org/conda-forge/noarch/pytz-2026.1.post1-pyhcf101f3_0.conda,d35c15c861d5635db1ba847a2e0e7de4c01994999602db1f82e41b5935a9578a,f8a489f43a1342219a3a4d69cecc6b25
qhull,2020.2,h434a139_5,https://conda.anaconda.org/conda-forge/linux-64/qhull-2020.2-h434a139_5.conda,776363493bad83308ba30bcb88c2552632581b143e8ee25b1982c8c743e73abc,353823361b1d27eb3960efb076dfcaf6
rdkit,2025.09.5,py310hd71299c_0,https://conda.anaconda.org/conda-forge/linux-64/rdkit-2025.09.5-py310hd71299c_0.conda,b4ddbbfc3cde329488c80d3cc632175c733d25a5d7b857f5eee9d7636fff8136,f13c232bd3b5c139265e61f5ee472891
readline,8.3,h853b02a_0,https://conda.anaconda.org/conda-forge/linux-64/readline-8.3-h853b02a_0.conda,12ffde5a6f958e285aa22c191ca01bbd3d6e710aa852e00618fa6ddc59149002,d7d95fc8287ea7bf33e0e7116d2b95ec
reportlab,4.4.10,pyhcf101f3_1,https://conda.anaconda.org/conda-forge/noarch/reportlab-4.4.10-pyhcf101f3_1.conda,61c9a2a7b4decaa300e5076ccdea874aad77ff13a55b7fd9b95744dba060eec9,c89e6c0a10804fb87536a3980685990d
requests,2.33.1,pyhcf101f3_0,https://conda.anaconda.org/conda-forge/noarch/requests-2.33.1-pyhcf101f3_0.conda,c0249bc4bf4c0e8e06d0e7b4d117a5d593cc4ab2144d5006d6d47c83cb0af18e,10afbb4dbf06ff959ad25a92ccee6e59
rlpycairo,0.4.0,pyh6c17108_0,https://conda.anaconda.org/conda-forge/noarch/rlpycairo-0.4.0-pyh6c17108_0.conda,8d993b1a7d869855a1f6358dcc3de08dbeda9263d8c852d44bfc3900701c1e6c,cc70086eaf08be7f62fd44842c013916
scipy,1.15.2,py310h1d65ade_0,https://conda.anaconda.org/conda-forge/linux-64/scipy-1.15.2-py310h1d65ade_0.conda,4cb98641f870666d365594013701d5691205a0fe81ac3ba7778a23b1cc2caa8e,8c29cd33b64b2eb78597fa28b5595c8d
setuptools,82.0.1,pyh332efcf_0,https://conda.anaconda.org/conda-forge/noarch/setuptools-82.0.1-pyh332efcf_0.conda,82088a6e4daa33329a30bc26dc19a98c7c1d3f05c0f73ce9845d4eab4924e9e1,8e194e7b992f99a5015edbd4ebd38efd
six,1.17.0,pyhe01879c_1,https://conda.anaconda.org/conda-forge/noarch/six-1.17.0-pyhe01879c_1.conda,458227f759d5e3fcec5d9b7acce54e10c9e1f4f4b7ec978f3bfd54ce4ee9853d,3339e3b65d58accf4ca4fb8748ab16b3
sqlalchemy,2.0.49,py310h139afa4_0,https://conda.anaconda.org/conda-forge/linux-64/sqlalchemy-2.0.49-py310h139afa4_0.conda,0d3d70074ac65e1ffd8207c8da86b22cf458a15f92b2cd377967072e52d90673,8db8818f733deca2d5f7041fe4819ee0
tk,8.6.13,noxft_h366c992_103,https://conda.anaconda.org/conda-forge/linux-64/tk-8.6.13-noxft_h366c992_103.conda,cafeec44494f842ffeca27e9c8b0c27ed714f93ac77ddadc6aaf726b5554ebac,cffd3bdd58090148f4cfcd831f4b26ab
typing-extensions,4.15.0,h396c80c_0,https://conda.anaconda.org/conda-forge/noarch/typing-extensions-4.15.0-h396c80c_0.conda,7c2df5721c742c2a47b2c8f960e718c930031663ac1174da67c1ed5999f7938c,edd329d7d3a4ab45dcf905899a7a6115
typing_extensions,4.15.0,pyhcf101f3_0,https://conda.anaconda.org/conda-forge/noarch/typing_extensions-4.15.0-pyhcf101f3_0.conda,032271135bca55aeb156cee361c81350c6f3fb203f57d024d7e5a1fc9ef18731,0caa1af407ecff61170c9437a808404d
tzdata,2025c,hc9c84f9_1,https://conda.anaconda.org/conda-forge/noarch/tzdata-2025c-hc9c84f9_1.conda,1d30098909076af33a35017eed6f2953af1c769e273a0626a04722ac4acaba3c,ad659d0a2b3e47e38d829aa8cad2d610
unicodedata2,17.0.1,py310h7c4b9e2_0,https://conda.anaconda.org/conda-forge/linux-64/unicodedata2-17.0.1-py310h7c4b9e2_0.conda,44ecba51c98c3fb2ce3d00295d423d3bb254cde1790eff9818ed328aa608ab28,234e9858dd691d3f597147e22cbf16cf
urllib3,2.6.3,pyhd8ed1ab_0,https://conda.anaconda.org/conda-forge/noarch/urllib3-2.6.3-pyhd8ed1ab_0.conda,af641ca7ab0c64525a96fd9ad3081b0f5bcf5d1cbb091afb3f6ed5a9eee6111a,9272daa869e03efe68833e3dc7a02130
vina,1.2.6,py310hea6c23e_2,https://conda.anaconda.org/conda-forge/linux-64/vina-1.2.6-py310hea6c23e_2.conda,c286012245d4c33f73e8c4a4849a29bd0169d6d450193612b2906679dce3cf59,410dee1e6c26270f3cd13c273c67c4d5
wheel,0.46.3,pyhd8ed1ab_0,https://conda.anaconda.org/conda-forge/noarch/wheel-0.46.3-pyhd8ed1ab_0.conda,d6cf2f0ebd5e09120c28ecba450556ce553752652d91795442f0e70f837126ae,bdbd7385b4a67025ac2dba4ef8cb6a8f
xorg-libice,1.1.2,hb9d3cd8_0,https://conda.anaconda.org/conda-forge/linux-64/xorg-libice-1.1.2-hb9d3cd8_0.conda,c12396aabb21244c212e488bbdc4abcdef0b7404b15761d9329f5a4a39113c4b,fb901ff28063514abb6046c9ec2c4a45
xorg-libsm,1.2.6,he73a12e_0,https://conda.anaconda.org/conda-forge/linux-64/xorg-libsm-1.2.6-he73a12e_0.conda,277841c43a39f738927145930ff963c5ce4c4dacf66637a3d95d802a64173250,1c74ff8c35dcadf952a16f752ca5aa49
xorg-libx11,1.8.13,he1eb515_0,https://conda.anaconda.org/conda-forge/linux-64/xorg-libx11-1.8.13-he1eb515_0.conda,516d4060139dbb4de49a4dcdc6317a9353fb39ebd47789c14e6fe52de0deee42,861fb6ccbc677bb9a9fb2468430b9c6a
xorg-libxau,1.0.12,hb03c661_1,https://conda.anaconda.org/conda-forge/linux-64/xorg-libxau-1.0.12-hb03c661_1.conda,6bc6ab7a90a5d8ac94c7e300cc10beb0500eeba4b99822768ca2f2ef356f731b,b2895afaf55bf96a8c8282a2e47a5de0
xorg-libxdmcp,1.1.5,hb03c661_1,https://conda.anaconda.org/conda-forge/linux-64/xorg-libxdmcp-1.1.5-hb03c661_1.conda,25d255fb2eef929d21ff660a0c687d38a6d2ccfbcbf0cc6aa738b12af6e9d142,1dafce8548e38671bea82e3f5c6ce22f
xorg-libxext,1.3.7,hb03c661_0,https://conda.anaconda.org/conda-forge/linux-64/xorg-libxext-1.3.7-hb03c661_0.conda,79c60fc6acfd3d713d6340d3b4e296836a0f8c51602327b32794625826bd052f,34e54f03dfea3e7a2dcf1453a85f1085
xorg-libxrender,0.9.12,hb9d3cd8_0,https://conda.anaconda.org/conda-forge/linux-64/xorg-libxrender-0.9.12-hb9d3cd8_0.conda,044c7b3153c224c6cedd4484dd91b389d2d7fd9c776ad0f4a34f099b3389f4a1,96d57aba173e878a2089d5638016dc5e
zlib-ng,2.3.3,hceb46e0_1,https://conda.anaconda.org/conda-forge/linux-64/zlib-ng-2.3.3-hceb46e0_1.conda,ea4e50c465d70236408cb0bfe0115609fd14db1adcd8bd30d8918e0291f8a75f,2aadb0d17215603a82a2a6b0afd9a4cb
zstd,1.5.7,hb78ec9c_6,https://conda.anaconda.org/conda-forge/linux-64/zstd-1.5.7-hb78ec9c_6.conda,68f0206ca6e98fea941e5717cec780ed2873ffabc0e1ed34428c061e2c6268c7,4a13eeac0b5c8e5b8ab496e6c4ddd829
