trajectory_id,stage,mdp_path,sha256
Pro00057__PET_L10__bidirectional__r1,MD,01_simulation/configurations/mdp/TfCut1/L10/bi/rep01/MD.mdp,2aa017133c66f77f640dc9852daf110772607bba8cac883c05f7235a38e04f6c
Pro00057__PET_L10__bidirectional__r1,NPT,01_simulation/configurations/mdp/TfCut1/L10/bi/rep01/NPT.mdp,d87c16267b9f4bb07cc44bd60edd5dde1ec9f2dac1551509fad2755c3da758a8
Pro00057__PET_L10__bidirectional__r1,NVT,01_simulation/configurations/mdp/TfCut1/L10/bi/rep01/NVT.mdp,a7f1c2f34d795586eb7014be80a2cd19aa2beca497a3e06c44afded379f2100d
Pro00057__PET_L10__bidirectional__r2,MD,01_simulation/configurations/mdp/TfCut1/L10/bi/rep02/MD.mdp,178a9cffb3f1e1077b8e66f2699074b5ae62619c598c1b85e6d5876fb8c39a77
Pro00057__PET_L10__bidirectional__r2,NPT,01_simulation/configurations/mdp/TfCut1/L10/bi/rep02/NPT.mdp,c9f97e737c170434c70462e456362332dd46c6e6df50988544a1a3c57eca5f1f
Pro00057__PET_L10__bidirectional__r2,NVT,01_simulation/configurations/mdp/TfCut1/L10/bi/rep02/NVT.mdp,b442e1102a5cd50a498e823dd5495b8464f0ccaf6e93b610aef599329d333f4a
Pro00057__PET_L10__bidirectional__r3,MD,01_simulation/configurations/mdp/TfCut1/L10/bi/rep03/MD.mdp,a2d116507ef0b6eca3c67e094514a7548021b5e9f200c02138bb9b9238f877e1
Pro00057__PET_L10__bidirectional__r3,NPT,01_simulation/configurations/mdp/TfCut1/L10/bi/rep03/NPT.mdp,59b7ba896f24c4af72ae406e078c0261f1e0c4628c5a17489a82da79a1c3bdf1
Pro00057__PET_L10__bidirectional__r3,NVT,01_simulation/configurations/mdp/TfCut1/L10/bi/rep03/NVT.mdp,93a9888ec575f2c3527eaca32883795e4542a3ac41879d63b8394d03b6e1c7e1
Pro00057__PET_L10__head-side__r1,MD,01_simulation/configurations/mdp/TfCut1/L10/head/rep01/MD.mdp,53f23102a6827e20d55a5c677e0105877649195b8f8d675c379590a24ad6e242
Pro00057__PET_L10__head-side__r1,NPT,01_simulation/configurations/mdp/TfCut1/L10/head/rep01/NPT.mdp,753f17aef12b41fdb4829e1a9ff44602fdf81e63430c28a6f871f315b5b2dbcf
Pro00057__PET_L10__head-side__r1,NVT,01_simulation/configurations/mdp/TfCut1/L10/head/rep01/NVT.mdp,ffc28530cd2a4c9d85043bd2b3ab8ded3dd7088e6e98d12c346e060e888f8321
Pro00057__PET_L10__head-side__r2,MD,01_simulation/configurations/mdp/TfCut1/L10/head/rep02/MD.mdp,69d0c09e0bdee18875ae92288dc08be150ac900fa3594ff789922b871c15169b
Pro00057__PET_L10__head-side__r2,NPT,01_simulation/configurations/mdp/TfCut1/L10/head/rep02/NPT.mdp,e2456f4c906ded4e4bf081f2301a8c50a87161ddcd21f40427168d3b14d46dda
Pro00057__PET_L10__head-side__r2,NVT,01_simulation/configurations/mdp/TfCut1/L10/head/rep02/NVT.mdp,464fd2c1bf7805db976446c4b3fd78e504d283ce167df5bdd05060a7a27c2929
Pro00057__PET_L10__head-side__r3,MD,01_simulation/configurations/mdp/TfCut1/L10/head/rep03/MD.mdp,76c97a1947877ed59408eb77a21f4dd11ff1d0f3d6e3e5f85bc1837a8019f8d4
Pro00057__PET_L10__head-side__r3,NPT,01_simulation/configurations/mdp/TfCut1/L10/head/rep03/NPT.mdp,872610434f4d7309aa1a7c15cd36a1783e3260c2d24a259e9b0975b854f58710
Pro00057__PET_L10__head-side__r3,NVT,01_simulation/configurations/mdp/TfCut1/L10/head/rep03/NVT.mdp,f6aebd251be7cc35b046e34ddb6a0c3b8bffb9bcdfbd3194701ca1776b23636d
Pro00057__PET_L10__tail-side__r1,MD,01_simulation/configurations/mdp/TfCut1/L10/tail/rep01/MD.mdp,ace447c48b380a5ec2e910a08508170f89ed0df65cd86653bb4a4e1487658e41
Pro00057__PET_L10__tail-side__r1,NPT,01_simulation/configurations/mdp/TfCut1/L10/tail/rep01/NPT.mdp,2742616be4423eba9c7dde70fa419484bc7a8ba7713986710d5d5d580863d13b
Pro00057__PET_L10__tail-side__r1,NVT,01_simulation/configurations/mdp/TfCut1/L10/tail/rep01/NVT.mdp,e038740f46b372213d4d379091f53a2bac27b3c60a71a157fe57d91dfdb98022
Pro00057__PET_L10__tail-side__r2,MD,01_simulation/configurations/mdp/TfCut1/L10/tail/rep02/MD.mdp,869769f834e97728368271abc8b8ce3a6129f72e185192812479f6872b4b3994
Pro00057__PET_L10__tail-side__r2,NPT,01_simulation/configurations/mdp/TfCut1/L10/tail/rep02/NPT.mdp,bbe04a310264b206217131710fccf1c3709f6b16f3a0d8c1b67ba81e54ceac0d
Pro00057__PET_L10__tail-side__r2,NVT,01_simulation/configurations/mdp/TfCut1/L10/tail/rep02/NVT.mdp,6f8b60c8ba0d4e646bbc7061350fa11415d87560b12dd25a6a89a11d312a715c
Pro00057__PET_L10__tail-side__r3,MD,01_simulation/configurations/mdp/TfCut1/L10/tail/rep03/MD.mdp,44b2a469ffc0e43958c5443da499316eff1a47def5cede14ca6a4ef56510a438
Pro00057__PET_L10__tail-side__r3,NPT,01_simulation/configurations/mdp/TfCut1/L10/tail/rep03/NPT.mdp,117ccc0c9bdda5595add28427f6eb8e3c257ac076c786beaea478d2b8fb36f88
Pro00057__PET_L10__tail-side__r3,NVT,01_simulation/configurations/mdp/TfCut1/L10/tail/rep03/NVT.mdp,3323f0f9a1b188ca396877b230fb850a21af12924fae39f0c9f6281fc18996d5
Pro00057__PET_L20__bidirectional__r1,MD,01_simulation/configurations/mdp/TfCut1/L20/bi/rep01/MD.mdp,b88dfaae5b096a2e1cfab5a8b4cc73b8bbf1b7e4c4abd2d6cf2d9932be626984
Pro00057__PET_L20__bidirectional__r1,NPT,01_simulation/configurations/mdp/TfCut1/L20/bi/rep01/NPT.mdp,5cd20e60800bf802ce2688d2b8bd1ef517b9d76071ec96ddc8bf38bef107c1c9
Pro00057__PET_L20__bidirectional__r1,NVT,01_simulation/configurations/mdp/TfCut1/L20/bi/rep01/NVT.mdp,66abeab7041f119b2cbed113d6f3bfd0f5747bcba5c1533183609b0b61f18ae8
Pro00057__PET_L20__bidirectional__r2,MD,01_simulation/configurations/mdp/TfCut1/L20/bi/rep02/MD.mdp,8e9c5942621e3812b4805584e4a83a0a011ec3c0e9de2e72ce27d541962c4732
Pro00057__PET_L20__bidirectional__r2,NPT,01_simulation/configurations/mdp/TfCut1/L20/bi/rep02/NPT.mdp,612c37b92303cb7f361b9df1d7ae7afbf292fdce85f910517327d6510c325962
Pro00057__PET_L20__bidirectional__r2,NVT,01_simulation/configurations/mdp/TfCut1/L20/bi/rep02/NVT.mdp,053e1ead361cbb7ded5604c10500260bf412953b094c6515c9f9f68ced70f191
Pro00057__PET_L20__bidirectional__r3,MD,01_simulation/configurations/mdp/TfCut1/L20/bi/rep03/MD.mdp,e6b6022f6111997c835bf58d2278b0f39e7de5ff28cbf900cb9dd08c9cc49e84
Pro00057__PET_L20__bidirectional__r3,NPT,01_simulation/configurations/mdp/TfCut1/L20/bi/rep03/NPT.mdp,b8df06c4be55a0134ed1d3bf0a94e23b71ce223332d489cb27fdf6bdc9b5ff25
Pro00057__PET_L20__bidirectional__r3,NVT,01_simulation/configurations/mdp/TfCut1/L20/bi/rep03/NVT.mdp,6a4f48b47da52267f28d031ada617c4660a9a7ab7b5b93602dcd008d20a2a5f0
Pro00057__PET_L20__head-side__r1,MD,01_simulation/configurations/mdp/TfCut1/L20/head/rep01/MD.mdp,64e3e43cf4ef178b1bd5d985d8014ca91644b00ce6581d84dc58c75b3760bc2e
Pro00057__PET_L20__head-side__r1,NPT,01_simulation/configurations/mdp/TfCut1/L20/head/rep01/NPT.mdp,824cb088a0c94c6a37d4c8188892d0d00cd6c3cc928a7dbde44a8007e3096c6b
Pro00057__PET_L20__head-side__r1,NVT,01_simulation/configurations/mdp/TfCut1/L20/head/rep01/NVT.mdp,ce6a6eab64335b7f3b3ecc7b445b2c176b6594e4580cd674b799f24036aa7d70
Pro00057__PET_L20__head-side__r2,MD,01_simulation/configurations/mdp/TfCut1/L20/head/rep02/MD.mdp,b5322418763fd23f3f28f556f397af8a1221f94f5426d33babb6baf1b2ca0fdd
Pro00057__PET_L20__head-side__r2,NPT,01_simulation/configurations/mdp/TfCut1/L20/head/rep02/NPT.mdp,9c6401e3c8c5a82e2a8805653e21da1ee742a4b3ff8e39b9e08c7d25153c3ff8
Pro00057__PET_L20__head-side__r2,NVT,01_simulation/configurations/mdp/TfCut1/L20/head/rep02/NVT.mdp,4193d7e1d14342529337e2efd799d6fa19abf29e350bbb8d5a7f76119c1c8cab
Pro00057__PET_L20__head-side__r3,MD,01_simulation/configurations/mdp/TfCut1/L20/head/rep03/MD.mdp,af3e4e62d1ae7d11cbf1e4e832fc474d6d74f4a543d1095817c724f9ba4b60af
Pro00057__PET_L20__head-side__r3,NPT,01_simulation/configurations/mdp/TfCut1/L20/head/rep03/NPT.mdp,eca74c4b42c1750151179dc76dcd927e5ec8cb15d56cb67a0a447f419796695d
Pro00057__PET_L20__head-side__r3,NVT,01_simulation/configurations/mdp/TfCut1/L20/head/rep03/NVT.mdp,ad4cdf126c69e54da7ab4f785177b5082a4fcf7ca2f2f56e5d80cbe1fe5bf3dc
Pro00057__PET_L20__tail-side__r1,MD,01_simulation/configurations/mdp/TfCut1/L20/tail/rep01/MD.mdp,a43cf0a78633901688f43f9965d155ebcffd42319a01ee88670e62d6c3f3d54f
Pro00057__PET_L20__tail-side__r1,NPT,01_simulation/configurations/mdp/TfCut1/L20/tail/rep01/NPT.mdp,dcfd559ae8ea9e34f5cce2ffe51e6fa21d1307b06ebc3ad5643103681cd67f3a
Pro00057__PET_L20__tail-side__r1,NVT,01_simulation/configurations/mdp/TfCut1/L20/tail/rep01/NVT.mdp,26f3d81f9f0b554e2006cc4fca0bebb89993457e0b2b1c5acd97172786d08509
Pro00057__PET_L20__tail-side__r2,MD,01_simulation/configurations/mdp/TfCut1/L20/tail/rep02/MD.mdp,2376063d48cf16e85d152aeb4b98c9a1bd7fc84672ce4a3a8b3f38601e2a9ade
Pro00057__PET_L20__tail-side__r2,NPT,01_simulation/configurations/mdp/TfCut1/L20/tail/rep02/NPT.mdp,310b3dccd62c3e3e16e873b1081d9c03483e4260b693d1ed7e0a2a38ec917ff1
Pro00057__PET_L20__tail-side__r2,NVT,01_simulation/configurations/mdp/TfCut1/L20/tail/rep02/NVT.mdp,e116e65fbd1bea74cc5df807aacf1a53e3af545dc3305d2ac1e6e37e91809d1c
Pro00057__PET_L20__tail-side__r3,MD,01_simulation/configurations/mdp/TfCut1/L20/tail/rep03/MD.mdp,5ded793cf2b407c7731d4c4d67e10e3490e96b5b8a63da23599984c2e4ebb40b
Pro00057__PET_L20__tail-side__r3,NPT,01_simulation/configurations/mdp/TfCut1/L20/tail/rep03/NPT.mdp,9587a349feb38ef2a8e26265d930bef22eeeed989e2e1926c95a6d1dabba87b5
Pro00057__PET_L20__tail-side__r3,NVT,01_simulation/configurations/mdp/TfCut1/L20/tail/rep03/NVT.mdp,108c5bd718280229fe12daf4660bed460f581e420321986195240fda5a53322a
Pro00057__PET_L4__single__r1,MD,01_simulation/configurations/mdp/TfCut1/L4/single/rep01/MD.mdp,e8d9d55d12387dba98b8f7b32fd23219aca9c6318f3076dce2c6bc56ba615cb7
Pro00057__PET_L4__single__r1,NPT,01_simulation/configurations/mdp/TfCut1/L4/single/rep01/NPT.mdp,bae248fc7b45f3f5412fd017ba4e211cd2df1d0f88182324ad00af3520a79e4f
Pro00057__PET_L4__single__r1,NVT,01_simulation/configurations/mdp/TfCut1/L4/single/rep01/NVT.mdp,cad36efc1408ced6d74d1477251016ffd3e40500a30ae2a3db66c8568d3c1661
Pro00057__PET_L4__single__r2,MD,01_simulation/configurations/mdp/TfCut1/L4/single/rep02/MD.mdp,cf08f9798d3b0f5f2e580eec1fb0ca21327cb26433fbf7f14a611e1c1e1a2f0c
Pro00057__PET_L4__single__r2,NPT,01_simulation/configurations/mdp/TfCut1/L4/single/rep02/NPT.mdp,e7013dff06d465a70fceb5cc7feb715410d8672c0724431dc4a387e40f412cf6
Pro00057__PET_L4__single__r2,NVT,01_simulation/configurations/mdp/TfCut1/L4/single/rep02/NVT.mdp,c140a98457ef43eef0ca302c13da6defdb3ecde0eae756ec32d17c3a745669f2
Pro00057__PET_L4__single__r3,MD,01_simulation/configurations/mdp/TfCut1/L4/single/rep03/MD.mdp,5a576efeb27d62dea7c37d0b2c0b564595581d969ba95de8c9cc96af24a343fe
Pro00057__PET_L4__single__r3,NPT,01_simulation/configurations/mdp/TfCut1/L4/single/rep03/NPT.mdp,9dd90ac711cb66f5fb695807d648c1a101060584ea53c141ebddf9c9f9d51eda
Pro00057__PET_L4__single__r3,NVT,01_simulation/configurations/mdp/TfCut1/L4/single/rep03/NVT.mdp,7f2a98ec7720c16c42a4cdea298a1f2da36530f283b8c8bf2bc84101ddbb7911
Pro00062__PET_L10__bidirectional__r1,MD,01_simulation/configurations/mdp/LCC/L10/bi/rep01/MD.mdp,a321fa0e06e6034b2af0dabb8f00227abf35eca41a6efcf47143122d90e8e6f0
Pro00062__PET_L10__bidirectional__r1,NPT,01_simulation/configurations/mdp/LCC/L10/bi/rep01/NPT.mdp,36150915c9e07a80bea95c4604e073f904c430a9b175ab9d2c6e2de62b85cdf0
Pro00062__PET_L10__bidirectional__r1,NVT,01_simulation/configurations/mdp/LCC/L10/bi/rep01/NVT.mdp,3e0aabd303a9070f3d3878bab0b431b893279b34abe0134f3da6760bc18a24ad
Pro00062__PET_L10__bidirectional__r2,MD,01_simulation/configurations/mdp/LCC/L10/bi/rep02/MD.mdp,3868dcd2929d0246b820b4554d8724b11b3e4faffed28470100292302b1f5c9b
Pro00062__PET_L10__bidirectional__r2,NPT,01_simulation/configurations/mdp/LCC/L10/bi/rep02/NPT.mdp,ce330ebbe19ae488a7da1e4496df0a67184462793ceb20cf5b9fe6e7ee3d0bd8
Pro00062__PET_L10__bidirectional__r2,NVT,01_simulation/configurations/mdp/LCC/L10/bi/rep02/NVT.mdp,a4fab6afafa42887abea7f614ba8f0c44f3ebaa5690337736594de9ceca26ac8
Pro00062__PET_L10__bidirectional__r3,MD,01_simulation/configurations/mdp/LCC/L10/bi/rep03/MD.mdp,8f94585823a1795dc6dae63a224784e1ad81151bea74d2f750ecc239647c91b8
Pro00062__PET_L10__bidirectional__r3,NPT,01_simulation/configurations/mdp/LCC/L10/bi/rep03/NPT.mdp,5cac93c0d38302bea51f8ed588b387879f89ea76043239d21fd90dce69ca861f
Pro00062__PET_L10__bidirectional__r3,NVT,01_simulation/configurations/mdp/LCC/L10/bi/rep03/NVT.mdp,83cb167f7d4e13edec9ee896d3a71c0e6f817220e2bde4124d951acc37b6f8f2
Pro00062__PET_L10__head-side__r1,MD,01_simulation/configurations/mdp/LCC/L10/head/rep01/MD.mdp,2a369a5110ea6763b95b8ab4e2618f2e2b1d06fd2c4207fa6399afc319011b84
Pro00062__PET_L10__head-side__r1,NPT,01_simulation/configurations/mdp/LCC/L10/head/rep01/NPT.mdp,3bb961c83e8a78b233956437ac604e222404159af62d7416271c1fac25fd9933
Pro00062__PET_L10__head-side__r1,NVT,01_simulation/configurations/mdp/LCC/L10/head/rep01/NVT.mdp,a7f8f79d44d84510fe177be6c291737e8e4f8f6937044abc8ad021ec102db331
Pro00062__PET_L10__head-side__r2,MD,01_simulation/configurations/mdp/LCC/L10/head/rep02/MD.mdp,c78601c3e134bf8141c593c7bfc252e0a9c7589628a88e3e63dbea7a40cc6952
Pro00062__PET_L10__head-side__r2,NPT,01_simulation/configurations/mdp/LCC/L10/head/rep02/NPT.mdp,3922ff4c8fc3a8ae95a0355c8c98ff4882eff505e13e0d89a9ff41a71a635da2
Pro00062__PET_L10__head-side__r2,NVT,01_simulation/configurations/mdp/LCC/L10/head/rep02/NVT.mdp,3a8137f337e321b3b8c41464ab29e802595c7aa6b8e7a16f9ebf7f7d227baa23
Pro00062__PET_L10__head-side__r3,MD,01_simulation/configurations/mdp/LCC/L10/head/rep03/MD.mdp,98c48ffb678202b2023152cc7f293928184f3fcfbe30f859d761be53b7029a8a
Pro00062__PET_L10__head-side__r3,NPT,01_simulation/configurations/mdp/LCC/L10/head/rep03/NPT.mdp,f28edb9d323fd58261394031a65266275e91e6c16784bdad509692c3588b9d4d
Pro00062__PET_L10__head-side__r3,NVT,01_simulation/configurations/mdp/LCC/L10/head/rep03/NVT.mdp,9f2b8bde1d2341b7a46e28d5dcc7360eaac709e84d84f57ca792deb95ccf1159
Pro00062__PET_L10__tail-side__r1,MD,01_simulation/configurations/mdp/LCC/L10/tail/rep01/MD.mdp,2c03f50bdada534f67da9cd10df864dd886213630277b9db32ca4a152ca6592a
Pro00062__PET_L10__tail-side__r1,NPT,01_simulation/configurations/mdp/LCC/L10/tail/rep01/NPT.mdp,211e60e13a637e9208390c52890688fe13340495a1c41a45b0c9b27c010a8c6d
Pro00062__PET_L10__tail-side__r1,NVT,01_simulation/configurations/mdp/LCC/L10/tail/rep01/NVT.mdp,89f066100a4bacc7224d35c0243c3d7135f1541591c0eccc05fc7e90243770a1
Pro00062__PET_L10__tail-side__r2,MD,01_simulation/configurations/mdp/LCC/L10/tail/rep02/MD.mdp,b388cfc7dfe3acb93b08fcc0a93a48acb61569c55950d9bba1c8f48f935d4cfe
Pro00062__PET_L10__tail-side__r2,NPT,01_simulation/configurations/mdp/LCC/L10/tail/rep02/NPT.mdp,8449c8397065fde96e0fcb17749354ee678ea138c79e54236b277f37b83da0b7
Pro00062__PET_L10__tail-side__r2,NVT,01_simulation/configurations/mdp/LCC/L10/tail/rep02/NVT.mdp,74a5043619a51818a8b307e28ab2e00612ac52542fdb8202400ab535e234eb7e
Pro00062__PET_L10__tail-side__r3,MD,01_simulation/configurations/mdp/LCC/L10/tail/rep03/MD.mdp,c746b6274a9b1e33716ca97c7b7bb9c74cc0c45726f793020e19f3251d330ff0
Pro00062__PET_L10__tail-side__r3,NPT,01_simulation/configurations/mdp/LCC/L10/tail/rep03/NPT.mdp,910d8d254ed5ae17035f5d66fbabe72bd120e110f3ca7eb696bc0f914e330965
Pro00062__PET_L10__tail-side__r3,NVT,01_simulation/configurations/mdp/LCC/L10/tail/rep03/NVT.mdp,31ab2d2504bc29486ae1b418f7bad2d2134d032eb1fe1ae35e337e8577bf4a91
Pro00062__PET_L20__bidirectional__r1,MD,01_simulation/configurations/mdp/LCC/L20/bi/rep01/MD.mdp,809e0a0327204a1beb55839ef2f3819092d035809b520e077e0bdb904d9e3902
Pro00062__PET_L20__bidirectional__r1,NPT,01_simulation/configurations/mdp/LCC/L20/bi/rep01/NPT.mdp,38eab527f47a6b1799c7442c06cf6486c013238c77f5999854f01efb765928d7
Pro00062__PET_L20__bidirectional__r1,NVT,01_simulation/configurations/mdp/LCC/L20/bi/rep01/NVT.mdp,739de4d69763eb942abe8641edda00afeea44a1578402258bd2c0a18085ff8f9
Pro00062__PET_L20__bidirectional__r2,MD,01_simulation/configurations/mdp/LCC/L20/bi/rep02/MD.mdp,64b6e24bc4bfa6f5d82383dad3f4a3720f680c76b38c8a87d08f66bcfb19fa78
Pro00062__PET_L20__bidirectional__r2,NPT,01_simulation/configurations/mdp/LCC/L20/bi/rep02/NPT.mdp,04bea7714c2c3037f0b7ec12919c2ee1716c4fdbfd73d725720050462d066e77
Pro00062__PET_L20__bidirectional__r2,NVT,01_simulation/configurations/mdp/LCC/L20/bi/rep02/NVT.mdp,492d1ef28672c4c6ab23e6c0ea364a49c11790161ec825354f35d1d350005286
Pro00062__PET_L20__bidirectional__r3,MD,01_simulation/configurations/mdp/LCC/L20/bi/rep03/MD.mdp,30f68ec5c21e654abecb74c0d2b8360c122394071d82a1aa20999f21ec858de1
Pro00062__PET_L20__bidirectional__r3,NPT,01_simulation/configurations/mdp/LCC/L20/bi/rep03/NPT.mdp,e1374a97fd4c96da565992a547e87155bea2f8a092f29aa19d58ee5e78bdde67
Pro00062__PET_L20__bidirectional__r3,NVT,01_simulation/configurations/mdp/LCC/L20/bi/rep03/NVT.mdp,48e381b8aa02c04d42793ad749adfcb7e8a29e81c48bd834be85c5fef642e17d
Pro00062__PET_L20__head-side__r1,MD,01_simulation/configurations/mdp/LCC/L20/head/rep01/MD.mdp,c338591faa149919cccdced39a58828ce553357fc2a29683c0193253c95ee957
Pro00062__PET_L20__head-side__r1,NPT,01_simulation/configurations/mdp/LCC/L20/head/rep01/NPT.mdp,87ebbc732e52963c17b9432ec058fefadb2df250b0db8bbfced34ef922045afd
Pro00062__PET_L20__head-side__r1,NVT,01_simulation/configurations/mdp/LCC/L20/head/rep01/NVT.mdp,a7e0009a825cffc649d1106fc73ffce85453f931992fce273b37f32ba2c1b359
Pro00062__PET_L20__head-side__r2,MD,01_simulation/configurations/mdp/LCC/L20/head/rep02/MD.mdp,3a041d43c9cd44e59e8f4a486feeb71a74ee70cfeae33a3e623c5501a5e9cdca
Pro00062__PET_L20__head-side__r2,NPT,01_simulation/configurations/mdp/LCC/L20/head/rep02/NPT.mdp,ddd6d19feaedac11bdfab2040142271dffacba643c139d23dad63bdf0dc65eab
Pro00062__PET_L20__head-side__r2,NVT,01_simulation/configurations/mdp/LCC/L20/head/rep02/NVT.mdp,2c5902f65568d02e26ce5ba5e8ac7568c12128ee8c9c2a1a706e76610a63cd45
Pro00062__PET_L20__head-side__r3,MD,01_simulation/configurations/mdp/LCC/L20/head/rep03/MD.mdp,6bfdd77d379e762fe87df9ca1bce96d99a63a78b931451cdc91fbaa4dc27e8d0
Pro00062__PET_L20__head-side__r3,NPT,01_simulation/configurations/mdp/LCC/L20/head/rep03/NPT.mdp,30fafb25763c766f6c717a4dedb41d430f6eada52783f665a07ae15e326411a8
Pro00062__PET_L20__head-side__r3,NVT,01_simulation/configurations/mdp/LCC/L20/head/rep03/NVT.mdp,938960bd521b52394e7cfa0ad6b004f08e718e4413faebe9c35e5d95ce3f4c24
Pro00062__PET_L20__tail-side__r1,MD,01_simulation/configurations/mdp/LCC/L20/tail/rep01/MD.mdp,da1585b9e11897aa97f7afaa451d90bceca94633f2100c41769431e8e6a81ae4
Pro00062__PET_L20__tail-side__r1,NPT,01_simulation/configurations/mdp/LCC/L20/tail/rep01/NPT.mdp,c5bb8094bf005cde0981ef8744f226ebf17ed24822d99fe632a2dce8d0c8b131
Pro00062__PET_L20__tail-side__r1,NVT,01_simulation/configurations/mdp/LCC/L20/tail/rep01/NVT.mdp,c94ad97bc17f0d4de3431cddbaabd48ef30685cc0f6e657b30687fb838476c2a
Pro00062__PET_L20__tail-side__r2,MD,01_simulation/configurations/mdp/LCC/L20/tail/rep02/MD.mdp,1f0c37790d30b8b5102a18f10df15ca514aeca461b6f138d700b1dd5b14497db
Pro00062__PET_L20__tail-side__r2,NPT,01_simulation/configurations/mdp/LCC/L20/tail/rep02/NPT.mdp,d89d08d7b14ce1883b1c85934388d8c65febc6043f934ba94add507f481bb9d8
Pro00062__PET_L20__tail-side__r2,NVT,01_simulation/configurations/mdp/LCC/L20/tail/rep02/NVT.mdp,e6f80410aec2161f054cdeba6a38ba1f548d09f1d09692bf3cefac71ad59a1f5
Pro00062__PET_L20__tail-side__r3,MD,01_simulation/configurations/mdp/LCC/L20/tail/rep03/MD.mdp,f7aaa854a3d544738f8c2ef0c8928839ce4cc3cbc6bfcaade2411e2f8fc8bb06
Pro00062__PET_L20__tail-side__r3,NPT,01_simulation/configurations/mdp/LCC/L20/tail/rep03/NPT.mdp,3879de29cc1f72e8c38af35e465e1ed8f1fc77330a9425aacdf296ead9eff379
Pro00062__PET_L20__tail-side__r3,NVT,01_simulation/configurations/mdp/LCC/L20/tail/rep03/NVT.mdp,0581ef6e719aef67afa6471a77608a1d42e12a0bfbf699fc700003513bf3a91f
Pro00062__PET_L4__single__r1,MD,01_simulation/configurations/mdp/LCC/L4/single/rep01/MD.mdp,9dafec409d64191add9450e3089f3ede9553c67d1b047d75b2a10509d63e2f44
Pro00062__PET_L4__single__r1,NPT,01_simulation/configurations/mdp/LCC/L4/single/rep01/NPT.mdp,1597991d627b806e785b5064f999cb93dd93cf1ef805e41c0dde5a3a34756e61
Pro00062__PET_L4__single__r1,NVT,01_simulation/configurations/mdp/LCC/L4/single/rep01/NVT.mdp,ee7320083a11d9934a987d7d4490bed55016d33f69900d72a5e6e0ed0ae48298
Pro00062__PET_L4__single__r2,MD,01_simulation/configurations/mdp/LCC/L4/single/rep02/MD.mdp,9b523ae58cdddccd9419cd4182de79ff433aa8892fb62ee50996f81964d37952
Pro00062__PET_L4__single__r2,NPT,01_simulation/configurations/mdp/LCC/L4/single/rep02/NPT.mdp,d7bbbdfcc09727f0f3810d25952d91c748b815238f707cb9c92af2471c0e7be9
Pro00062__PET_L4__single__r2,NVT,01_simulation/configurations/mdp/LCC/L4/single/rep02/NVT.mdp,a9b2f35fafdbf5384589fdf1c1870fa54e933481a617af13e16a61f774b22f0b
Pro00062__PET_L4__single__r3,MD,01_simulation/configurations/mdp/LCC/L4/single/rep03/MD.mdp,1ccbfd85ae845eb265c33454c37ab4ea4afaa1e123089c57ea833f5f1926cfd9
Pro00062__PET_L4__single__r3,NPT,01_simulation/configurations/mdp/LCC/L4/single/rep03/NPT.mdp,a9b2378729f90757d850a7c72b97dce5538ac8d7c52310ca0c94379d7d968c9b
Pro00062__PET_L4__single__r3,NVT,01_simulation/configurations/mdp/LCC/L4/single/rep03/NVT.mdp,fd82efc87c3de96121351ce3fafdb159057dd4d2cbd7272c929a8347e7ff8b8f
Pro00075__PET_L10__bidirectional__r1,MD,01_simulation/configurations/mdp/FoCut5a/L10/bi/rep01/MD.mdp,3da6af12633204edb942d65e1b3a44f1cc4e9936c9b2719fff55d58c77961c09
Pro00075__PET_L10__bidirectional__r1,NPT,01_simulation/configurations/mdp/FoCut5a/L10/bi/rep01/NPT.mdp,cb13dacae6d4804b2f9065e146300cc4beb9fb0b035d1254de6bf6d83c0a758a
Pro00075__PET_L10__bidirectional__r1,NVT,01_simulation/configurations/mdp/FoCut5a/L10/bi/rep01/NVT.mdp,ddec5d8fdddbd3f35b618c7130235d615388bcbd1b40b4e89eb25e9c438b5fbe
Pro00075__PET_L10__bidirectional__r2,MD,01_simulation/configurations/mdp/FoCut5a/L10/bi/rep02/MD.mdp,a7f62fae688b96db354ce58f8cd12b28291b5356cd43b3c35e96a8b6624dac5e
Pro00075__PET_L10__bidirectional__r2,NPT,01_simulation/configurations/mdp/FoCut5a/L10/bi/rep02/NPT.mdp,aa8169cd9f77bee482ca6a19c3b33aa4974c61d7e7330834d46cbdf53cd818cc
Pro00075__PET_L10__bidirectional__r2,NVT,01_simulation/configurations/mdp/FoCut5a/L10/bi/rep02/NVT.mdp,c8aaf8be54322548c44777539662b5fc6d6237a5eadc1be9ac5b6fe8d3f3eb4f
Pro00075__PET_L10__bidirectional__r3,MD,01_simulation/configurations/mdp/FoCut5a/L10/bi/rep03/MD.mdp,88935a446a788875fcd35d05d58c1bd178ffd0742c95de6cac28a6d7f2ff20d6
Pro00075__PET_L10__bidirectional__r3,NPT,01_simulation/configurations/mdp/FoCut5a/L10/bi/rep03/NPT.mdp,c4284c2124a6894605c7f57e4180a558d30206e1ad02c16439a37c049125c9b7
Pro00075__PET_L10__bidirectional__r3,NVT,01_simulation/configurations/mdp/FoCut5a/L10/bi/rep03/NVT.mdp,fb52b40a8b67ce2654dfdbc682fa92e0d0a077cbe9feeccc5a71be91ea79fca3
Pro00075__PET_L10__head-side__r1,MD,01_simulation/configurations/mdp/FoCut5a/L10/head/rep01/MD.mdp,8fa97c54b01ab2e071425660c72727039e1cb01ddd37b2d2fc9220dc83e43f65
Pro00075__PET_L10__head-side__r1,NPT,01_simulation/configurations/mdp/FoCut5a/L10/head/rep01/NPT.mdp,df97c8e2808831e5bf76b8b2d48d79828960870e9ce39b80258c18fa97ed6a98
Pro00075__PET_L10__head-side__r1,NVT,01_simulation/configurations/mdp/FoCut5a/L10/head/rep01/NVT.mdp,7c7211e9be73f19777eea58c98cfc5edc733c48b818b8568802d349665677159
Pro00075__PET_L10__head-side__r2,MD,01_simulation/configurations/mdp/FoCut5a/L10/head/rep02/MD.mdp,c55b0594fe58cbc73259ab9354fca08d2d4bc999ded857650ffea9c7cd8f7052
Pro00075__PET_L10__head-side__r2,NPT,01_simulation/configurations/mdp/FoCut5a/L10/head/rep02/NPT.mdp,29b90b53ac48740749d880d826cc93c8c0cef87abfbeb32bb5cdeb4d69c0a682
Pro00075__PET_L10__head-side__r2,NVT,01_simulation/configurations/mdp/FoCut5a/L10/head/rep02/NVT.mdp,5139c7a760c5ce9673ee3153e40c57e16491f9fa1875a9d10871dd9e487b5715
Pro00075__PET_L10__head-side__r3,MD,01_simulation/configurations/mdp/FoCut5a/L10/head/rep03/MD.mdp,2d4d6f60a5769471940ad7aef20f79c0d9f1de1207bdb05a5b4c0f52c197a8c3
Pro00075__PET_L10__head-side__r3,NPT,01_simulation/configurations/mdp/FoCut5a/L10/head/rep03/NPT.mdp,bc4896198d59fcb54483902fc9585d3e3d8fe1c9b9dc0e2490c3341d5246e56b
Pro00075__PET_L10__head-side__r3,NVT,01_simulation/configurations/mdp/FoCut5a/L10/head/rep03/NVT.mdp,31b52d9716d61f80abd54872e12a3c2f19f27d86284c5e6a759cabfe192b8a15
Pro00075__PET_L10__tail-side__r1,MD,01_simulation/configurations/mdp/FoCut5a/L10/tail/rep01/MD.mdp,36ac042835dd5202cd3855b56635d525737a050f16e444fff9fea949eb8479b6
Pro00075__PET_L10__tail-side__r1,NPT,01_simulation/configurations/mdp/FoCut5a/L10/tail/rep01/NPT.mdp,5e295249292148c607f30a01a0974d910f37a40276572f1dadf22e067c62e96f
Pro00075__PET_L10__tail-side__r1,NVT,01_simulation/configurations/mdp/FoCut5a/L10/tail/rep01/NVT.mdp,fdc31eab8e6283c51837f662a63bb91f8e39240f7d7dbe929d7550a19fa1df5e
Pro00075__PET_L10__tail-side__r2,MD,01_simulation/configurations/mdp/FoCut5a/L10/tail/rep02/MD.mdp,651eabdaaadf4c29fb9463597893244d7351aaa09b27167f38663b71ab390918
Pro00075__PET_L10__tail-side__r2,NPT,01_simulation/configurations/mdp/FoCut5a/L10/tail/rep02/NPT.mdp,d330a85e908352204bd32efa2f92f141cdb9a7dd60c7d32741ea3392eb4b425c
Pro00075__PET_L10__tail-side__r2,NVT,01_simulation/configurations/mdp/FoCut5a/L10/tail/rep02/NVT.mdp,b8b55d23928b05f36bf624cf2b37afccb4c352e607f06ec0bc7644f4ee8dc529
Pro00075__PET_L10__tail-side__r3,MD,01_simulation/configurations/mdp/FoCut5a/L10/tail/rep03/MD.mdp,13a6ee48d58a0fc5b713b16b4b0502935b7ad902ecc6efd85019f922c4debb23
Pro00075__PET_L10__tail-side__r3,NPT,01_simulation/configurations/mdp/FoCut5a/L10/tail/rep03/NPT.mdp,9f6f7c6b087cdbb5f390f1fd034b54ff04d524d81536607090781cf5a6757b2d
Pro00075__PET_L10__tail-side__r3,NVT,01_simulation/configurations/mdp/FoCut5a/L10/tail/rep03/NVT.mdp,2e676680cf25b0397419661d7881dd8aa8996a69770a27cb83168740e13d4a5f
Pro00075__PET_L20__bidirectional__r1,MD,01_simulation/configurations/mdp/FoCut5a/L20/bi/rep01/MD.mdp,7083e710cca9f68733f824925d27050c931e6ab6db4e2c5247b64e5f6853c554
Pro00075__PET_L20__bidirectional__r1,NPT,01_simulation/configurations/mdp/FoCut5a/L20/bi/rep01/NPT.mdp,8e5edf6ad585448ec49c018f96a236a10b2e8d87817b6db4cef45ef02d690d9e
Pro00075__PET_L20__bidirectional__r1,NVT,01_simulation/configurations/mdp/FoCut5a/L20/bi/rep01/NVT.mdp,14713283e73fa1e325c23f48643bd145ee5e0fb1d48cdb28ee50bdb7eca1678d
Pro00075__PET_L20__bidirectional__r2,MD,01_simulation/configurations/mdp/FoCut5a/L20/bi/rep02/MD.mdp,f9de44bcd2fb6e2e02853f690e7773b5621588bfdc44dbf8f71182af328d9d22
Pro00075__PET_L20__bidirectional__r2,NPT,01_simulation/configurations/mdp/FoCut5a/L20/bi/rep02/NPT.mdp,0cba46ad8fe7f58b1309a344f6d453977db2cfad050c9635fd156a54dd0c3a95
Pro00075__PET_L20__bidirectional__r2,NVT,01_simulation/configurations/mdp/FoCut5a/L20/bi/rep02/NVT.mdp,ca197a12ff7b05d7c2a322e926b0174081e969188ed6dbcb9d22a94f9785b3b2
Pro00075__PET_L20__bidirectional__r3,MD,01_simulation/configurations/mdp/FoCut5a/L20/bi/rep03/MD.mdp,15d816265ced1db2cbb33080b7e863f8aa81da4a6f67aad0c0b8fac2140f72e9
Pro00075__PET_L20__bidirectional__r3,NPT,01_simulation/configurations/mdp/FoCut5a/L20/bi/rep03/NPT.mdp,d226d2bf1d422f53071947fcbcd00d1388c526322b9bcae43d2c936c7053aedf
Pro00075__PET_L20__bidirectional__r3,NVT,01_simulation/configurations/mdp/FoCut5a/L20/bi/rep03/NVT.mdp,d53c17cf3c8433342982e48a339e9b14179408b6356fc9bb2efdda5eae83f4eb
Pro00075__PET_L20__head-side__r1,MD,01_simulation/configurations/mdp/FoCut5a/L20/head/rep01/MD.mdp,3e1aca41098da5648d00778759e244b980a456c18b3daa1a8c604110b08e6514
Pro00075__PET_L20__head-side__r1,NPT,01_simulation/configurations/mdp/FoCut5a/L20/head/rep01/NPT.mdp,b6fe91d5353a4057c0475baadcef2548b1228d4edd571b6f458a4bd0c7c8a61d
Pro00075__PET_L20__head-side__r1,NVT,01_simulation/configurations/mdp/FoCut5a/L20/head/rep01/NVT.mdp,15c6c05789064002ef2efc2be4d5970ff9acc80e60f58d85e7e97369bfdc51ea
Pro00075__PET_L20__head-side__r2,MD,01_simulation/configurations/mdp/FoCut5a/L20/head/rep02/MD.mdp,462aa2dd3549171c036166b628a7fa110828b33a1d09baf77d1cc07f97cef97a
Pro00075__PET_L20__head-side__r2,NPT,01_simulation/configurations/mdp/FoCut5a/L20/head/rep02/NPT.mdp,8acdc57ca541b3fd5109178d0f7a7d1b06a5abec5aeebeab035026d7fabf08a8
Pro00075__PET_L20__head-side__r2,NVT,01_simulation/configurations/mdp/FoCut5a/L20/head/rep02/NVT.mdp,611955010e4b140fea63c402160a9dd0800e13692faa562a27dcc3138d2939d2
Pro00075__PET_L20__head-side__r3,MD,01_simulation/configurations/mdp/FoCut5a/L20/head/rep03/MD.mdp,803ee8d501417f890b856fb343736684e17a8a65e9ac38520963f2fa14f29c7f
Pro00075__PET_L20__head-side__r3,NPT,01_simulation/configurations/mdp/FoCut5a/L20/head/rep03/NPT.mdp,0f7c065ad09d973377236b4bcadd11e3eaf3c48be428ad871cbe6d8e1dc30c9e
Pro00075__PET_L20__head-side__r3,NVT,01_simulation/configurations/mdp/FoCut5a/L20/head/rep03/NVT.mdp,7785ad2a9fff88e42fe549bfb0fc0e74ac9ccb45644198b3feb701722f54ae54
Pro00075__PET_L20__tail-side__r1,MD,01_simulation/configurations/mdp/FoCut5a/L20/tail/rep01/MD.mdp,9a623ea541b7fc617d8cb0aecddd6e0277f18a482c0d41f7cdeec4774018c70e
Pro00075__PET_L20__tail-side__r1,NPT,01_simulation/configurations/mdp/FoCut5a/L20/tail/rep01/NPT.mdp,2d4d6860da6e43aa043fa15d2a1142427d6d1526eea1025c91813146371e51d9
Pro00075__PET_L20__tail-side__r1,NVT,01_simulation/configurations/mdp/FoCut5a/L20/tail/rep01/NVT.mdp,0577ffa8bbb0627094e35ecc133f5ce117a86c9ce3355a750d61082a2f17a846
Pro00075__PET_L20__tail-side__r2,MD,01_simulation/configurations/mdp/FoCut5a/L20/tail/rep02/MD.mdp,dd36d25a8e93ad6b4394cd9e02832dac532af3314132d9334e5fc12c23a34455
Pro00075__PET_L20__tail-side__r2,NPT,01_simulation/configurations/mdp/FoCut5a/L20/tail/rep02/NPT.mdp,df0156c59bde06d98db34c32e3ad187a2f937c651e3b4e06ce8a538444631279
Pro00075__PET_L20__tail-side__r2,NVT,01_simulation/configurations/mdp/FoCut5a/L20/tail/rep02/NVT.mdp,795d373fa211104a026de93c56ff85fc3c117b4e96e245836fd2f007ce8dfab3
Pro00075__PET_L20__tail-side__r3,MD,01_simulation/configurations/mdp/FoCut5a/L20/tail/rep03/MD.mdp,bcbc84217063a7d2b245c37a38f0558d55435e523f6339c49125aa31ac3036bf
Pro00075__PET_L20__tail-side__r3,NPT,01_simulation/configurations/mdp/FoCut5a/L20/tail/rep03/NPT.mdp,fb4f3449da523ede015de86a1e1309fb8b825d4f7a0dc98a09f1a04955f636b8
Pro00075__PET_L20__tail-side__r3,NVT,01_simulation/configurations/mdp/FoCut5a/L20/tail/rep03/NVT.mdp,aa0e7b58234df7878c5863dff061c04b678d15e63f30dc03b08a9c55cb375603
Pro00075__PET_L4__single__r1,MD,01_simulation/configurations/mdp/FoCut5a/L4/single/rep01/MD.mdp,08183421f8e0b5f3108b2ca00265265c13a987ef7fb9a78699c4132be1f6fa3b
Pro00075__PET_L4__single__r1,NPT,01_simulation/configurations/mdp/FoCut5a/L4/single/rep01/NPT.mdp,0090a51b7db4a620f5a4c11fe2fedb530c6afff691a51311e5b27c6aa4381041
Pro00075__PET_L4__single__r1,NVT,01_simulation/configurations/mdp/FoCut5a/L4/single/rep01/NVT.mdp,ee7320083a11d9934a987d7d4490bed55016d33f69900d72a5e6e0ed0ae48298
Pro00075__PET_L4__single__r2,MD,01_simulation/configurations/mdp/FoCut5a/L4/single/rep02/MD.mdp,5ef303cbbf44a960a6a482631e0d780faeda4720eee79c700d60d3acbd55b300
Pro00075__PET_L4__single__r2,NPT,01_simulation/configurations/mdp/FoCut5a/L4/single/rep02/NPT.mdp,d7bd295600a35227be81ac30573612e3240b7f06018db9214e5ce4bde3bb58f6
Pro00075__PET_L4__single__r2,NVT,01_simulation/configurations/mdp/FoCut5a/L4/single/rep02/NVT.mdp,a9b2f35fafdbf5384589fdf1c1870fa54e933481a617af13e16a61f774b22f0b
Pro00075__PET_L4__single__r3,MD,01_simulation/configurations/mdp/FoCut5a/L4/single/rep03/MD.mdp,cb7cc2ed663d8cb5166360f4e2c5439297b421055ec021e8068d347706dba3b4
Pro00075__PET_L4__single__r3,NPT,01_simulation/configurations/mdp/FoCut5a/L4/single/rep03/NPT.mdp,ac0188d7c8a64cecb7be0d67c635af86a43eebe6ada6e254e8f81d5ad1c57544
Pro00075__PET_L4__single__r3,NVT,01_simulation/configurations/mdp/FoCut5a/L4/single/rep03/NVT.mdp,fd82efc87c3de96121351ce3fafdb159057dd4d2cbd7272c929a8347e7ff8b8f
Pro00083__PET_L10__bidirectional__r1,MD,01_simulation/configurations/mdp/IsPETase/L10/bi/rep01/MD.mdp,86ee1e9644feec6a37acd1acae700679b489d2694d8a7f3e25da0647b02b4961
Pro00083__PET_L10__bidirectional__r1,NPT,01_simulation/configurations/mdp/IsPETase/L10/bi/rep01/NPT.mdp,f3e2076afe0caa9c0f9f0490e19f0c2d63f98e471de197c60f11d0d07b0599d4
Pro00083__PET_L10__bidirectional__r1,NVT,01_simulation/configurations/mdp/IsPETase/L10/bi/rep01/NVT.mdp,c59c9e6ed26ed177c4af3cc31ba9c83b045c56999e136c9e4ce4d53e5510bd93
Pro00083__PET_L10__bidirectional__r2,MD,01_simulation/configurations/mdp/IsPETase/L10/bi/rep02/MD.mdp,d50f2aeb7dc01faed6dcf68bd94596d0e68a3d1b04daf724537dd333f44b5301
Pro00083__PET_L10__bidirectional__r2,NPT,01_simulation/configurations/mdp/IsPETase/L10/bi/rep02/NPT.mdp,ee2ef931657bd5324bfdc37aa6f5c3cda7b615257c1e1a56a4af53fda8ca1f06
Pro00083__PET_L10__bidirectional__r2,NVT,01_simulation/configurations/mdp/IsPETase/L10/bi/rep02/NVT.mdp,9dc13b1f414c9ad6611fc349a76db78d024d6d146289e1f335c021a2409f6c3f
Pro00083__PET_L10__bidirectional__r3,MD,01_simulation/configurations/mdp/IsPETase/L10/bi/rep03/MD.mdp,2a1e3c435996e3282f85454dd640f814fecae3c917149e217ff79e9e7bc3d5b4
Pro00083__PET_L10__bidirectional__r3,NPT,01_simulation/configurations/mdp/IsPETase/L10/bi/rep03/NPT.mdp,93f2a17352054021456d9a32c240f68413fbd64dd2ee9fd824c6b0bd62920d2b
Pro00083__PET_L10__bidirectional__r3,NVT,01_simulation/configurations/mdp/IsPETase/L10/bi/rep03/NVT.mdp,638f79c92d884ea026d224dd4a8e63624fae28e4aac3d4f0d83e696138c1041a
Pro00083__PET_L10__head-side__r1,MD,01_simulation/configurations/mdp/IsPETase/L10/head/rep01/MD.mdp,29b2f9cbf198c832dde7162519ab96a419663e498079e8e41c46d36db77adac0
Pro00083__PET_L10__head-side__r1,NPT,01_simulation/configurations/mdp/IsPETase/L10/head/rep01/NPT.mdp,dd8b376e15ad866066eb64dfe4b48c900666e6bf23cb1dd92bf7a5788c9559d2
Pro00083__PET_L10__head-side__r1,NVT,01_simulation/configurations/mdp/IsPETase/L10/head/rep01/NVT.mdp,d7caae9555f9d5015d8cd72d676ed71f131117b7a008c7f56367ca3f0ca76354
Pro00083__PET_L10__head-side__r2,MD,01_simulation/configurations/mdp/IsPETase/L10/head/rep02/MD.mdp,22e52be2149f3342b093b58f4b33161c9255341aaa331018476409470527bede
Pro00083__PET_L10__head-side__r2,NPT,01_simulation/configurations/mdp/IsPETase/L10/head/rep02/NPT.mdp,1e67d5b267e842fa17ddf29841797b891fd51cd88552cd1428a34059af910bed
Pro00083__PET_L10__head-side__r2,NVT,01_simulation/configurations/mdp/IsPETase/L10/head/rep02/NVT.mdp,68e225b297940155c67c692d9ffaca77adabd46b02fe80a0efbad335c8f790ee
Pro00083__PET_L10__head-side__r3,MD,01_simulation/configurations/mdp/IsPETase/L10/head/rep03/MD.mdp,5fb85fdeea602bee2df1ec54877fce657cdb29a5baff632ae9a29883a5afe474
Pro00083__PET_L10__head-side__r3,NPT,01_simulation/configurations/mdp/IsPETase/L10/head/rep03/NPT.mdp,d0dcf70a567805cb280d6db3742597cd04a66544cd831247c635439fa8a05e3f
Pro00083__PET_L10__head-side__r3,NVT,01_simulation/configurations/mdp/IsPETase/L10/head/rep03/NVT.mdp,d3d126101d579f5d801087fcc49373adac85332b84b461dee8d2886b173f595d
Pro00083__PET_L10__tail-side__r1,MD,01_simulation/configurations/mdp/IsPETase/L10/tail/rep01/MD.mdp,c1225ac61a457415634004e046560e97db3d09294c4bedd63e0df54792c87156
Pro00083__PET_L10__tail-side__r1,NPT,01_simulation/configurations/mdp/IsPETase/L10/tail/rep01/NPT.mdp,d52a246898dd1ba830f0e48b6a37b5885d80b835e88ee335a3166bc0ec2f747e
Pro00083__PET_L10__tail-side__r1,NVT,01_simulation/configurations/mdp/IsPETase/L10/tail/rep01/NVT.mdp,07da4ddbd073b14169a7b0734678d04a604da8595215efc842bcc0e78161e3ce
Pro00083__PET_L10__tail-side__r2,MD,01_simulation/configurations/mdp/IsPETase/L10/tail/rep02/MD.mdp,9d3f8e12080a6bb7c76f24b84d54aa2bc31a111120949feb60b626bc36166f0b
Pro00083__PET_L10__tail-side__r2,NPT,01_simulation/configurations/mdp/IsPETase/L10/tail/rep02/NPT.mdp,f1a47057c12a72645e03d6550e2a60994c520b2bda78f4ca4560414c703dcf88
Pro00083__PET_L10__tail-side__r2,NVT,01_simulation/configurations/mdp/IsPETase/L10/tail/rep02/NVT.mdp,f3f76b93d9ef4cd8bb663b9d70c9132ed166464142266dac88fff1d01bab2ead
Pro00083__PET_L10__tail-side__r3,MD,01_simulation/configurations/mdp/IsPETase/L10/tail/rep03/MD.mdp,e3a1be0720eb2c06b19851a8e7245fa581a6461905e6e5a150f3f4d91afcbd91
Pro00083__PET_L10__tail-side__r3,NPT,01_simulation/configurations/mdp/IsPETase/L10/tail/rep03/NPT.mdp,6297106af0a8bc35867664a046b96a8d3054c6b00f4527353eff9e1c25207e0b
Pro00083__PET_L10__tail-side__r3,NVT,01_simulation/configurations/mdp/IsPETase/L10/tail/rep03/NVT.mdp,41ae5110aeb572f89eca302d4a3e6b56c38828d1c703e1b654cb9dd43ba36b9d
Pro00083__PET_L20__bidirectional__r1,MD,01_simulation/configurations/mdp/IsPETase/L20/bi/rep01/MD.mdp,a1e5d448c3622254b9dd6d7bd14bf6e7bd41d9562b985ba7c9cf7006f9252120
Pro00083__PET_L20__bidirectional__r1,NPT,01_simulation/configurations/mdp/IsPETase/L20/bi/rep01/NPT.mdp,e01cb497cd152cc185b7075a66b136fc1ae8f15eaaf0bca1e27af61891fb0562
Pro00083__PET_L20__bidirectional__r1,NVT,01_simulation/configurations/mdp/IsPETase/L20/bi/rep01/NVT.mdp,18e286283bac1a3f9785c1ae4af02f380eb1fbcdb05a2a666c4efcda5bf5a808
Pro00083__PET_L20__bidirectional__r2,MD,01_simulation/configurations/mdp/IsPETase/L20/bi/rep02/MD.mdp,428b4648721e4afeb4d41f1350ac5fbe46dd6435f4096b3d8a853a1c11c41abc
Pro00083__PET_L20__bidirectional__r2,NPT,01_simulation/configurations/mdp/IsPETase/L20/bi/rep02/NPT.mdp,b6864720d8be90a98a0141d016156639b1d5c6526c32c0d7470eb29667962c2e
Pro00083__PET_L20__bidirectional__r2,NVT,01_simulation/configurations/mdp/IsPETase/L20/bi/rep02/NVT.mdp,4a50475c7b8e77b46edc19415017bab1854828ff099ef79ed51d2f23e7350d49
Pro00083__PET_L20__bidirectional__r3,MD,01_simulation/configurations/mdp/IsPETase/L20/bi/rep03/MD.mdp,f09604305b428034bd1cab3c1e39cd59b8545ff5dc58d508edf8b19e688211da
Pro00083__PET_L20__bidirectional__r3,NPT,01_simulation/configurations/mdp/IsPETase/L20/bi/rep03/NPT.mdp,ff3c04600754c8a960fd0bdcad4a5acc2cbfa668f3dbf4ef110717a0feb8b4ee
Pro00083__PET_L20__bidirectional__r3,NVT,01_simulation/configurations/mdp/IsPETase/L20/bi/rep03/NVT.mdp,4f4757640c3dba7f8bf4d8887a3c90497dd4ad2b3da8c5dcf57d75f4aa706e82
Pro00083__PET_L20__head-side__r1,MD,01_simulation/configurations/mdp/IsPETase/L20/head/rep01/MD.mdp,22df8921897acaebb91a5ef2fed468290cc825447a8e7ffbee99fea87a6cf683
Pro00083__PET_L20__head-side__r1,NPT,01_simulation/configurations/mdp/IsPETase/L20/head/rep01/NPT.mdp,f290ce0046869508d918fed53ae4b5f88e7f5060f781140f21d04cf25fdd4404
Pro00083__PET_L20__head-side__r1,NVT,01_simulation/configurations/mdp/IsPETase/L20/head/rep01/NVT.mdp,38b9ad7d2a450e2e0552226f581b7a0b675bf02e7fd549f0ac357f9daa884778
Pro00083__PET_L20__head-side__r2,MD,01_simulation/configurations/mdp/IsPETase/L20/head/rep02/MD.mdp,4c7ba8b27b9b7733bf9a7ed6ca6209c288af4d184c69cfef70428706fe8eba3f
Pro00083__PET_L20__head-side__r2,NPT,01_simulation/configurations/mdp/IsPETase/L20/head/rep02/NPT.mdp,7cd27623598ea01ea2ec0f48dbcc26038879fa3caaf27d327b4cd281e84ddf38
Pro00083__PET_L20__head-side__r2,NVT,01_simulation/configurations/mdp/IsPETase/L20/head/rep02/NVT.mdp,f1289d4b3034fda20e9d4e0326bc5a8cd5ac606b1a48f0edaaf0f9ec63f45d94
Pro00083__PET_L20__head-side__r3,MD,01_simulation/configurations/mdp/IsPETase/L20/head/rep03/MD.mdp,d6cf12081e189d7601f6729248634fc26e6238a448a9255408988fd36709d347
Pro00083__PET_L20__head-side__r3,NPT,01_simulation/configurations/mdp/IsPETase/L20/head/rep03/NPT.mdp,b9d56305055da4b016e0af15e6e066e150dbbc976d874104207139dc5db5dd0c
Pro00083__PET_L20__head-side__r3,NVT,01_simulation/configurations/mdp/IsPETase/L20/head/rep03/NVT.mdp,1d1206b563c9024de3fe5d48dd5a861629c61e098c12805bad8a15e05541dea3
Pro00083__PET_L20__tail-side__r1,MD,01_simulation/configurations/mdp/IsPETase/L20/tail/rep01/MD.mdp,86b96f09626f1dcfab9abdfa00eae2a1f685a8ca31185628e57915a7e968fd60
Pro00083__PET_L20__tail-side__r1,NPT,01_simulation/configurations/mdp/IsPETase/L20/tail/rep01/NPT.mdp,5ed005c87242969db6d2aa6545fa739803975940441628c5a2cbce304df67fd1
Pro00083__PET_L20__tail-side__r1,NVT,01_simulation/configurations/mdp/IsPETase/L20/tail/rep01/NVT.mdp,e3c2950a0695ac21910721fca562636f6af1fdefb432af4b30362e5c09a4d5b7
Pro00083__PET_L20__tail-side__r2,MD,01_simulation/configurations/mdp/IsPETase/L20/tail/rep02/MD.mdp,1a3f922bf686fece9a964cf369e8e69b6cc5a2ea92d179b5466cc63f25fde8d7
Pro00083__PET_L20__tail-side__r2,NPT,01_simulation/configurations/mdp/IsPETase/L20/tail/rep02/NPT.mdp,4040bed551f7b0bcb36c02a4fa905b444034a521badf78d84d1d83e69c610b61
Pro00083__PET_L20__tail-side__r2,NVT,01_simulation/configurations/mdp/IsPETase/L20/tail/rep02/NVT.mdp,199c1ac3fe3e465481cee209d66a18b5ad1e9a3a311b48658f9e2cec412c98ae
Pro00083__PET_L20__tail-side__r3,MD,01_simulation/configurations/mdp/IsPETase/L20/tail/rep03/MD.mdp,1d66e970d5300f6a4b25713912a1ce27172d55d176e96fe86886bab33ce857d1
Pro00083__PET_L20__tail-side__r3,NPT,01_simulation/configurations/mdp/IsPETase/L20/tail/rep03/NPT.mdp,3a468a1a55636a4460d8617b388de2cd1498b68fc8f6459583190a6db458c772
Pro00083__PET_L20__tail-side__r3,NVT,01_simulation/configurations/mdp/IsPETase/L20/tail/rep03/NVT.mdp,b6e7842694724b749e4e6fae54e8f3937a781d66654de0fe493ac2a74fdebe93
Pro00083__PET_L4__single__r1,MD,01_simulation/configurations/mdp/IsPETase/L4/single/rep01/MD.mdp,5d0c94da80079efcb8b2012ff526455296688c91b602a29b358bede0180ab871
Pro00083__PET_L4__single__r1,NPT,01_simulation/configurations/mdp/IsPETase/L4/single/rep01/NPT.mdp,e862534959c1883b586dfeacf7ac29cc713ba5661b91e13a68e9570ba527030a
Pro00083__PET_L4__single__r1,NVT,01_simulation/configurations/mdp/IsPETase/L4/single/rep01/NVT.mdp,f09cf1e19cdb333c8c92f5ce4976d4f7bf807159fe768e13b871801a5dce51eb
Pro00083__PET_L4__single__r2,MD,01_simulation/configurations/mdp/IsPETase/L4/single/rep02/MD.mdp,ee2ca516bb22a76763eb37c5888a044a8fe16d7787b2372f1c1ab6520ab7ab7e
Pro00083__PET_L4__single__r2,NPT,01_simulation/configurations/mdp/IsPETase/L4/single/rep02/NPT.mdp,0cd0da80c972bd6f11fcb9acc2687b6ed28802234958f992b2f9c4d44a9593c1
Pro00083__PET_L4__single__r2,NVT,01_simulation/configurations/mdp/IsPETase/L4/single/rep02/NVT.mdp,8d1c7aea85d53bbf7a31f5643e6fce84f350f2b57cb1d6b6ed4eef8eeec54ead
Pro00083__PET_L4__single__r3,MD,01_simulation/configurations/mdp/IsPETase/L4/single/rep03/MD.mdp,22432eaf9d3a3b263209d7f4084e2f3d4d58b85ff8e7215ab11a11490f855f3e
Pro00083__PET_L4__single__r3,NPT,01_simulation/configurations/mdp/IsPETase/L4/single/rep03/NPT.mdp,733cbbe67c6b2f769c685f5fa53405eddec808f86648174cf89ddcce97702ac2
Pro00083__PET_L4__single__r3,NVT,01_simulation/configurations/mdp/IsPETase/L4/single/rep03/NVT.mdp,2aefbd085c8482586b94efb162d64ff7f46fbd233455be3a9a2dda4de6c2fa19
Pro00121__PET_L10__bidirectional__r1,MD,01_simulation/configurations/mdp/HiC/L10/bi/rep01/MD.mdp,f60c5ffd64d8dcb3dda4998e273c94b964a42b1948a2d0f799befd297b9bf614
Pro00121__PET_L10__bidirectional__r1,NPT,01_simulation/configurations/mdp/HiC/L10/bi/rep01/NPT.mdp,ba52ea5abb803f6aa6f0a71ba574b52d46ead79f3cfc2b0ebd22d3adffa53938
Pro00121__PET_L10__bidirectional__r1,NVT,01_simulation/configurations/mdp/HiC/L10/bi/rep01/NVT.mdp,8deb496f0c494a011bbe4d11ccf866c3822ac464ac336d00253119fd4b907865
Pro00121__PET_L10__bidirectional__r2,MD,01_simulation/configurations/mdp/HiC/L10/bi/rep02/MD.mdp,56d8e9cbc16bbea254861ad8e3a177d501a8dc6c69db0e2c7c938a726eb61801
Pro00121__PET_L10__bidirectional__r2,NPT,01_simulation/configurations/mdp/HiC/L10/bi/rep02/NPT.mdp,90bc6798c9e1007589373d065845e6c876149aab21b597379d59babe3209ce5f
Pro00121__PET_L10__bidirectional__r2,NVT,01_simulation/configurations/mdp/HiC/L10/bi/rep02/NVT.mdp,8cafcd4d7c2fd0a82b7c0455185956c2eadcb119a0222447bcabed8b932a21fa
Pro00121__PET_L10__bidirectional__r3,MD,01_simulation/configurations/mdp/HiC/L10/bi/rep03/MD.mdp,95e2fcfbada858cd589697f7421be25c830c0528c88e859e010b46ad01965ba8
Pro00121__PET_L10__bidirectional__r3,NPT,01_simulation/configurations/mdp/HiC/L10/bi/rep03/NPT.mdp,bb52dd05f63951f5e40826c484993afc094a780050ad7f9cc44a2237283482ed
Pro00121__PET_L10__bidirectional__r3,NVT,01_simulation/configurations/mdp/HiC/L10/bi/rep03/NVT.mdp,8d71b2e0cd4d56d7c36365615a4193a217be13156b39927bbabae039b48d9b97
Pro00121__PET_L10__head-side__r1,MD,01_simulation/configurations/mdp/HiC/L10/head/rep01/MD.mdp,67b6026b346dda3bc99462e4df9462f182c0864cdab38baf1f76e0752335a232
Pro00121__PET_L10__head-side__r1,NPT,01_simulation/configurations/mdp/HiC/L10/head/rep01/NPT.mdp,7e7c6ca7287efd233eb617d865338845bea7cbc224606f86b9d34811c0e4480a
Pro00121__PET_L10__head-side__r1,NVT,01_simulation/configurations/mdp/HiC/L10/head/rep01/NVT.mdp,d3c5d8f4ba4c816f76041205a02050bd0c30c366befc9916a626e0c26dad69c1
Pro00121__PET_L10__head-side__r2,MD,01_simulation/configurations/mdp/HiC/L10/head/rep02/MD.mdp,8a8ca4a85d5fa2dc909ace0ed8afb2bae9b8a7ccd5e8c7ba74f318acd9ac8172
Pro00121__PET_L10__head-side__r2,NPT,01_simulation/configurations/mdp/HiC/L10/head/rep02/NPT.mdp,eade942f8c458ff9357539cc770193721afdeeca7103ec58d09d533153a0b5db
Pro00121__PET_L10__head-side__r2,NVT,01_simulation/configurations/mdp/HiC/L10/head/rep02/NVT.mdp,17803e217dfe3c10a377d01fea870d95831a7c0d015fc7b39499a0c5b8944ce8
Pro00121__PET_L10__head-side__r3,MD,01_simulation/configurations/mdp/HiC/L10/head/rep03/MD.mdp,0556be5f31a393c3718a4586cd30ad1e59ecec66e1ceeb4b53c85100b972c7dc
Pro00121__PET_L10__head-side__r3,NPT,01_simulation/configurations/mdp/HiC/L10/head/rep03/NPT.mdp,c274a7f99afa16bcf8c8506b5d4deb6df49c64289a312280c2036f83de3ec285
Pro00121__PET_L10__head-side__r3,NVT,01_simulation/configurations/mdp/HiC/L10/head/rep03/NVT.mdp,ae3211f95d259b15bca2ddcf52cd4984e22a6fdb35e508c5261a0747a3f81299
Pro00121__PET_L10__tail-side__r1,MD,01_simulation/configurations/mdp/HiC/L10/tail/rep01/MD.mdp,d561987e00647442bbe1dac54a331740da38caf1a3b05f911d4ce5420a7cdfb1
Pro00121__PET_L10__tail-side__r1,NPT,01_simulation/configurations/mdp/HiC/L10/tail/rep01/NPT.mdp,302eb0505174df170fe47dd874870d2c178a33f2f7bb63b7f41f8bc5438e2782
Pro00121__PET_L10__tail-side__r1,NVT,01_simulation/configurations/mdp/HiC/L10/tail/rep01/NVT.mdp,6486dbf87c265699b89cc63a6ecf8c056102ba1f3612b74fada0624a84bfb7a8
Pro00121__PET_L10__tail-side__r2,MD,01_simulation/configurations/mdp/HiC/L10/tail/rep02/MD.mdp,5e3324b8a72b58b0ed140658579424615b5d297869668279c9ec8c233b9b6763
Pro00121__PET_L10__tail-side__r2,NPT,01_simulation/configurations/mdp/HiC/L10/tail/rep02/NPT.mdp,ba6056de676aa11e7efc19fcec01c934891962ed38cdc2bba0bd8ca7d587fca0
Pro00121__PET_L10__tail-side__r2,NVT,01_simulation/configurations/mdp/HiC/L10/tail/rep02/NVT.mdp,9016f167afcf183260e3a51f5f294eb9487f63dcb81420535bd72add37f94f06
Pro00121__PET_L10__tail-side__r3,MD,01_simulation/configurations/mdp/HiC/L10/tail/rep03/MD.mdp,1b290e25c7a2821d03429f70686e2ae37de2d1f30b1e50ef4beab3759c93271a
Pro00121__PET_L10__tail-side__r3,NPT,01_simulation/configurations/mdp/HiC/L10/tail/rep03/NPT.mdp,624eddbea98ad358e6d998fdae59080dba30fb8c04a67f9edf99350419a52179
Pro00121__PET_L10__tail-side__r3,NVT,01_simulation/configurations/mdp/HiC/L10/tail/rep03/NVT.mdp,2ccc0a85a701dda509b20349a2e2dd961c47c4c3cd415d23d5ead86e756c39ab
Pro00121__PET_L20__bidirectional__r1,MD,01_simulation/configurations/mdp/HiC/L20/bi/rep01/MD.mdp,9fd8475ae98fe2a6093c5d65cb5ce67136072ab15d52941dd19ee3ae6420f6b8
Pro00121__PET_L20__bidirectional__r1,NPT,01_simulation/configurations/mdp/HiC/L20/bi/rep01/NPT.mdp,931df671253bdca72b9ec3b5ed8fbb0d98561dcfeb28886c0891c914fae5a32c
Pro00121__PET_L20__bidirectional__r1,NVT,01_simulation/configurations/mdp/HiC/L20/bi/rep01/NVT.mdp,7e07b33c8a405e25f40f1879aedeec4c40651367b4ecb03ae931d0ad2b13d5c5
Pro00121__PET_L20__bidirectional__r2,MD,01_simulation/configurations/mdp/HiC/L20/bi/rep02/MD.mdp,b14ca2485b53bcc5076580e56ccdfc46d5fdffc37ac8b80d87386624c98189bd
Pro00121__PET_L20__bidirectional__r2,NPT,01_simulation/configurations/mdp/HiC/L20/bi/rep02/NPT.mdp,f03a5fd5362cc398c96de0d141bb08a7f57876000de9aad083cb13a5de615454
Pro00121__PET_L20__bidirectional__r2,NVT,01_simulation/configurations/mdp/HiC/L20/bi/rep02/NVT.mdp,e00c00f863a90449f6dedab39b67a9952f215748a8a902d0ed592f9a6306b650
Pro00121__PET_L20__bidirectional__r3,MD,01_simulation/configurations/mdp/HiC/L20/bi/rep03/MD.mdp,ec89c31e7efd2411df349673da8970b529c509d4063abae03430ab920ec7005d
Pro00121__PET_L20__bidirectional__r3,NPT,01_simulation/configurations/mdp/HiC/L20/bi/rep03/NPT.mdp,46fd2eb94c98b08cfbef7fede908b2a9436e4b7429dd3a2b5e4cc6b7689cf33e
Pro00121__PET_L20__bidirectional__r3,NVT,01_simulation/configurations/mdp/HiC/L20/bi/rep03/NVT.mdp,982eca2270c8b340af4283b2b9de366403a1549a0ae6ddd963abef1fd698a4d2
Pro00121__PET_L20__head-side__r1,MD,01_simulation/configurations/mdp/HiC/L20/head/rep01/MD.mdp,c4f26f7cde31fa54838dfaf611920b7ff15d33a7432a8c73c46240606cf68f4b
Pro00121__PET_L20__head-side__r1,NPT,01_simulation/configurations/mdp/HiC/L20/head/rep01/NPT.mdp,71104a85146403fbb6514b7b2aaa70d826cf1c8dc802c3c3c91abad8b9b1d723
Pro00121__PET_L20__head-side__r1,NVT,01_simulation/configurations/mdp/HiC/L20/head/rep01/NVT.mdp,d6b69daec0f4c0c96722e9cbc9f53323a5b06c08aaff8f15fc614258a63eb641
Pro00121__PET_L20__head-side__r2,MD,01_simulation/configurations/mdp/HiC/L20/head/rep02/MD.mdp,d2d8700418848dc639358076e308d82099cc596159fd79601a65e2376ef455fa
Pro00121__PET_L20__head-side__r2,NPT,01_simulation/configurations/mdp/HiC/L20/head/rep02/NPT.mdp,bf5439bcc2e10bc7f5bcd2b75d600f7e85b007700189dd7ecc3f6c9f1aa46f0d
Pro00121__PET_L20__head-side__r2,NVT,01_simulation/configurations/mdp/HiC/L20/head/rep02/NVT.mdp,f2058cb4311c28708149ea94b8954cf4d7b61b29873ec06b5dc2ca465b6d4f29
Pro00121__PET_L20__head-side__r3,MD,01_simulation/configurations/mdp/HiC/L20/head/rep03/MD.mdp,5ece8aa7dc29e288fd8d87dea2fbe3a8adb67737dfc67a0c97d17e26c0fd9d3d
Pro00121__PET_L20__head-side__r3,NPT,01_simulation/configurations/mdp/HiC/L20/head/rep03/NPT.mdp,4ca43f5148b2d52c604bc4f7d6d39bfaf80e4437f021b7ad963245d2575ec55d
Pro00121__PET_L20__head-side__r3,NVT,01_simulation/configurations/mdp/HiC/L20/head/rep03/NVT.mdp,c85b3878a0be1c461bb7ce15017a2140a65cdc84d0c2f409c24f8f62cc398e0e
Pro00121__PET_L20__tail-side__r1,MD,01_simulation/configurations/mdp/HiC/L20/tail/rep01/MD.mdp,08698d85a4d9c791566fbd2a68b050da11e43b07fd32d0ed4847bae0228fa954
Pro00121__PET_L20__tail-side__r1,NPT,01_simulation/configurations/mdp/HiC/L20/tail/rep01/NPT.mdp,bb8a16dd98298bc2377586fd94415bcc43560aa31633ac2eb36334f41a370099
Pro00121__PET_L20__tail-side__r1,NVT,01_simulation/configurations/mdp/HiC/L20/tail/rep01/NVT.mdp,7c3cf2788ea58bae0e13d5a3d987dfb5507ce5a218710d3c20426dd320aa7295
Pro00121__PET_L20__tail-side__r2,MD,01_simulation/configurations/mdp/HiC/L20/tail/rep02/MD.mdp,f89a2ebd24e32cf4e15f5629c88b9ed449fba1ca5c028e0c21b48f369d3a4eef
Pro00121__PET_L20__tail-side__r2,NPT,01_simulation/configurations/mdp/HiC/L20/tail/rep02/NPT.mdp,3d121ac864fab35abe4e67bf9e8999d1f018d69882145c0dfa1faacce3a17f65
Pro00121__PET_L20__tail-side__r2,NVT,01_simulation/configurations/mdp/HiC/L20/tail/rep02/NVT.mdp,255f1ff42a0e8aa1d109a3f29962139b809c3a081252b82d5124e04e6db53212
Pro00121__PET_L20__tail-side__r3,MD,01_simulation/configurations/mdp/HiC/L20/tail/rep03/MD.mdp,d0d8a870f0eb6e2d23b801a9673b0866bc8087d823a1dd252104b84dbaa8e49a
Pro00121__PET_L20__tail-side__r3,NPT,01_simulation/configurations/mdp/HiC/L20/tail/rep03/NPT.mdp,7f0830b4b9e3086030119bce920cfdf8d59294a8ed09fd2272eaedffef14f9d2
Pro00121__PET_L20__tail-side__r3,NVT,01_simulation/configurations/mdp/HiC/L20/tail/rep03/NVT.mdp,99d73c7cdb7d88c05d8a43ad3da7c8b4d6ac9efcaf73923737f468e1661a4292
Pro00121__PET_L4__single__r1,MD,01_simulation/configurations/mdp/HiC/L4/single/rep01/MD.mdp,4252e896c7aba71a98d21a380e193e43bb3a14c0d21c427f3616461d92729047
Pro00121__PET_L4__single__r1,NPT,01_simulation/configurations/mdp/HiC/L4/single/rep01/NPT.mdp,b29747236c25ce8100ae6e4b7d3c41124692925b0e6d806e6f41c62455b9f9e3
Pro00121__PET_L4__single__r1,NVT,01_simulation/configurations/mdp/HiC/L4/single/rep01/NVT.mdp,bfafbb03c29bf47d653a1fffdb8c2d4f59445882d78e03bcf9201e855b72911a
Pro00121__PET_L4__single__r2,MD,01_simulation/configurations/mdp/HiC/L4/single/rep02/MD.mdp,00ff1beb86df211e3094664b90c947f7a25ffe28a539f42e28040fbc65590023
Pro00121__PET_L4__single__r2,NPT,01_simulation/configurations/mdp/HiC/L4/single/rep02/NPT.mdp,9746af914396719b8074cbe3a86ca19ee34075e2ea13ec97178427a372162fa2
Pro00121__PET_L4__single__r2,NVT,01_simulation/configurations/mdp/HiC/L4/single/rep02/NVT.mdp,806e9ecbf2bbf27f7df14002df4bc578abfe56861324aea80d7a5b7bbe458cd0
Pro00121__PET_L4__single__r3,MD,01_simulation/configurations/mdp/HiC/L4/single/rep03/MD.mdp,f417b2a4b2058bf210a368a2fdf7ede592379a6acce9b8c1ae6a0e229997fda1
Pro00121__PET_L4__single__r3,NPT,01_simulation/configurations/mdp/HiC/L4/single/rep03/NPT.mdp,acfe8918e02a85f039d2a4f0d06b87c639d1d8857067a552bebfa19fb14f4287
Pro00121__PET_L4__single__r3,NVT,01_simulation/configurations/mdp/HiC/L4/single/rep03/NVT.mdp,70c92067b3a03a57f53252557677c22c4b74e04c27125ccfb55cbc6541267cfc
Pro00137__PET_L10__bidirectional__r1,MD,01_simulation/configurations/mdp/PHL7/L10/bi/rep01/MD.mdp,e7c5f7bd99f52356f20b6e6c2bc489f1fef550585658975080fa06d233f0342c
Pro00137__PET_L10__bidirectional__r1,NPT,01_simulation/configurations/mdp/PHL7/L10/bi/rep01/NPT.mdp,b0fcbd97abc8473b74f5ef0c318d7487d06877384051e48050059eeb9f2bda37
Pro00137__PET_L10__bidirectional__r1,NVT,01_simulation/configurations/mdp/PHL7/L10/bi/rep01/NVT.mdp,71a0ddcd80717b856119eba0ce1a3e391a7ec28b2cb6406d80ce6953abe2153a
Pro00137__PET_L10__bidirectional__r2,MD,01_simulation/configurations/mdp/PHL7/L10/bi/rep02/MD.mdp,96db01db95ee5b3ebe4286ffd8491da1096bcd0553eade48d897494354cf91c6
Pro00137__PET_L10__bidirectional__r2,NPT,01_simulation/configurations/mdp/PHL7/L10/bi/rep02/NPT.mdp,b6054cd4f41741008400a85a1d7e04d43500a78c9fe2637e57ea70c23a9d4ffe
Pro00137__PET_L10__bidirectional__r2,NVT,01_simulation/configurations/mdp/PHL7/L10/bi/rep02/NVT.mdp,72f3a2d64f9831705541c00dd9151bf227f3c4cd1ce4ffbf897e48f131053eb4
Pro00137__PET_L10__bidirectional__r3,MD,01_simulation/configurations/mdp/PHL7/L10/bi/rep03/MD.mdp,30e10cfbd74a114ebbf1b68f5b4514d653d3e9a0ce44e8d7b9b920750fb5ba23
Pro00137__PET_L10__bidirectional__r3,NPT,01_simulation/configurations/mdp/PHL7/L10/bi/rep03/NPT.mdp,2899d8d943d07c5b05843349da5b9efd2ff20957066041c69fec015b4502040b
Pro00137__PET_L10__bidirectional__r3,NVT,01_simulation/configurations/mdp/PHL7/L10/bi/rep03/NVT.mdp,ed5ac248ab4de29643880d90a4fb6eba76956de250f068265baf5ea9c3028456
Pro00137__PET_L10__head-side__r1,MD,01_simulation/configurations/mdp/PHL7/L10/head/rep01/MD.mdp,478d3828bbcb69d28978e7f9bac06287dd94509b7233aeedf0f1c262cac4dafa
Pro00137__PET_L10__head-side__r1,NPT,01_simulation/configurations/mdp/PHL7/L10/head/rep01/NPT.mdp,844cb19084c7c7523b559dd75d86610732995a0dc34a22c2278bd075757d875e
Pro00137__PET_L10__head-side__r1,NVT,01_simulation/configurations/mdp/PHL7/L10/head/rep01/NVT.mdp,d2215098d132db9acb50d40c8f050fe08cfde41180171fb822180d6d4846125b
Pro00137__PET_L10__head-side__r2,MD,01_simulation/configurations/mdp/PHL7/L10/head/rep02/MD.mdp,2e35bc3a0817abc0e3e079c6dfc4e75d42787294456bd783da6c0d3ec8f7ec1e
Pro00137__PET_L10__head-side__r2,NPT,01_simulation/configurations/mdp/PHL7/L10/head/rep02/NPT.mdp,a9f177ea58393ee726cf698f7d2147afc97e462417de3d35ad6ecb75a3331d41
Pro00137__PET_L10__head-side__r2,NVT,01_simulation/configurations/mdp/PHL7/L10/head/rep02/NVT.mdp,4e35b7e0ef78df7518822e0e6e4b1082407eac910da0c16b4c95c94198fa5155
Pro00137__PET_L10__head-side__r3,MD,01_simulation/configurations/mdp/PHL7/L10/head/rep03/MD.mdp,ead12a7b44f04ded096f88f332224177a268cf09588b0084288f8e923abe24b1
Pro00137__PET_L10__head-side__r3,NPT,01_simulation/configurations/mdp/PHL7/L10/head/rep03/NPT.mdp,c548f000152fb5c97ec89266eca7239e0ce07fb7706b57373646c7844eda161d
Pro00137__PET_L10__head-side__r3,NVT,01_simulation/configurations/mdp/PHL7/L10/head/rep03/NVT.mdp,a62c9767ecacfc210efc3edf38faf9de31e825f4ae837ba0c1d857b4997707b2
Pro00137__PET_L10__tail-side__r1,MD,01_simulation/configurations/mdp/PHL7/L10/tail/rep01/MD.mdp,0d825da513a0889524b289f1cd28fc8ddb76d76f1cf7afcc52b915b6e973b525
Pro00137__PET_L10__tail-side__r1,NPT,01_simulation/configurations/mdp/PHL7/L10/tail/rep01/NPT.mdp,98e25bc43018b66162fa53af56feb10c729db0952446faa980c95915637a4dd3
Pro00137__PET_L10__tail-side__r1,NVT,01_simulation/configurations/mdp/PHL7/L10/tail/rep01/NVT.mdp,b6b471bd10ef9845eef8844587675cb3b79bbd2e21690d9860f19bf8cce90360
Pro00137__PET_L10__tail-side__r2,MD,01_simulation/configurations/mdp/PHL7/L10/tail/rep02/MD.mdp,213dbc0d39be255d967249530a47369b50c054461041389ba1ae1ff00ea6bd0b
Pro00137__PET_L10__tail-side__r2,NPT,01_simulation/configurations/mdp/PHL7/L10/tail/rep02/NPT.mdp,1421288575d4ed409328f7f3e54fde0b23346a61ee92fe8f55ea49c5a53482d3
Pro00137__PET_L10__tail-side__r2,NVT,01_simulation/configurations/mdp/PHL7/L10/tail/rep02/NVT.mdp,4fb21856bd3e9e50fa8e53585f702e671c3077c6c318bd7d6b42476fbd0aa7ad
Pro00137__PET_L10__tail-side__r3,MD,01_simulation/configurations/mdp/PHL7/L10/tail/rep03/MD.mdp,fc2e27a9c83bb4445977064d89b3fa56c46cf4a620db17fea1c87e002d730034
Pro00137__PET_L10__tail-side__r3,NPT,01_simulation/configurations/mdp/PHL7/L10/tail/rep03/NPT.mdp,d3b5b17d4ac4ede44631410ca452498b95b50a5f569ef4d63d85a95456e43f56
Pro00137__PET_L10__tail-side__r3,NVT,01_simulation/configurations/mdp/PHL7/L10/tail/rep03/NVT.mdp,a97ca4ccb469a6563ad7a111e24fe6573639ec9ffbdd525e0afd48b0a9fee381
Pro00137__PET_L20__bidirectional__r1,MD,01_simulation/configurations/mdp/PHL7/L20/bi/rep01/MD.mdp,fbe110ef064d6a6a0de0824ab2a95896cdcefdf8a79f31c5bcaa1e63154c2341
Pro00137__PET_L20__bidirectional__r1,NPT,01_simulation/configurations/mdp/PHL7/L20/bi/rep01/NPT.mdp,afe90745b2329a3fde6ee656d96a9ac327cb9bc8a291e004b9e803dffab54ca8
Pro00137__PET_L20__bidirectional__r1,NVT,01_simulation/configurations/mdp/PHL7/L20/bi/rep01/NVT.mdp,4957fa2d3bc22939f949a6839c02167db6f7d9be9d78a1565f0f3bb39a47a3e3
Pro00137__PET_L20__bidirectional__r2,MD,01_simulation/configurations/mdp/PHL7/L20/bi/rep02/MD.mdp,159fede9b965dc427e7050f377c66f7cf2c8363d9f1ed2f2cfe28f64133e05b1
Pro00137__PET_L20__bidirectional__r2,NPT,01_simulation/configurations/mdp/PHL7/L20/bi/rep02/NPT.mdp,6fb930358c161f83b4331472ad9ab63734fdf1790c4744510131a493d8ef8656
Pro00137__PET_L20__bidirectional__r2,NVT,01_simulation/configurations/mdp/PHL7/L20/bi/rep02/NVT.mdp,4be628a3af9782813d378a9176a73e33e119238e3e071c2b10b72bde1948c2db
Pro00137__PET_L20__bidirectional__r3,MD,01_simulation/configurations/mdp/PHL7/L20/bi/rep03/MD.mdp,007d8465cc9c967a5a4d33ff98c0379bda325aea5f7774c203f3592ed6c2693b
Pro00137__PET_L20__bidirectional__r3,NPT,01_simulation/configurations/mdp/PHL7/L20/bi/rep03/NPT.mdp,a4eb70e4fa5a59ae692d6ad50d5b97bae001c4f0160157d50458c8bb98fc69be
Pro00137__PET_L20__bidirectional__r3,NVT,01_simulation/configurations/mdp/PHL7/L20/bi/rep03/NVT.mdp,af1788db5d9ae6a098abc8dacd73d668c2c030660615fabfeef59ff02b6c3f53
Pro00137__PET_L20__head-side__r1,MD,01_simulation/configurations/mdp/PHL7/L20/head/rep01/MD.mdp,23b3e783071290018689fb6f025370d08993d2495e7aa475cbff9740b4132683
Pro00137__PET_L20__head-side__r1,NPT,01_simulation/configurations/mdp/PHL7/L20/head/rep01/NPT.mdp,81c962c4a66761c1b51568e441203cffa98b1e2cacd4f057c7213c0bd313654d
Pro00137__PET_L20__head-side__r1,NVT,01_simulation/configurations/mdp/PHL7/L20/head/rep01/NVT.mdp,035338a5850e113215ecc90ed30f6501e069fc259bba045155806191ba300260
Pro00137__PET_L20__head-side__r2,MD,01_simulation/configurations/mdp/PHL7/L20/head/rep02/MD.mdp,063947be6746999466db1fb4ec2770820f228f8a0065a3ef458764cd68406779
Pro00137__PET_L20__head-side__r2,NPT,01_simulation/configurations/mdp/PHL7/L20/head/rep02/NPT.mdp,6c5d9f3cb5ffd8d035dc579e6f203efbd120cf417d1524a3a526f6f5c79dbb79
Pro00137__PET_L20__head-side__r2,NVT,01_simulation/configurations/mdp/PHL7/L20/head/rep02/NVT.mdp,8d1a6c15fac99185b2596ea87e7177825d2c68a5434bf15ee4109772072050b7
Pro00137__PET_L20__head-side__r3,MD,01_simulation/configurations/mdp/PHL7/L20/head/rep03/MD.mdp,442925cb3359c975c817e4a36cbcc78c4b5e9910a2f50f67ebc4a502fca33b09
Pro00137__PET_L20__head-side__r3,NPT,01_simulation/configurations/mdp/PHL7/L20/head/rep03/NPT.mdp,405d1ff4c1b59766d08a4f2cdd7252cf17398f668e0f1a2b3e216226feffdc60
Pro00137__PET_L20__head-side__r3,NVT,01_simulation/configurations/mdp/PHL7/L20/head/rep03/NVT.mdp,3c432ef73eea71fb902e83a2b27fd069e243b0e68c9badead88b4f73b23a7861
Pro00137__PET_L20__tail-side__r1,MD,01_simulation/configurations/mdp/PHL7/L20/tail/rep01/MD.mdp,596ea4504a44c706ae4c2116c6df052ea41e16bdf8e8db3bae14f587a9cf6f46
Pro00137__PET_L20__tail-side__r1,NPT,01_simulation/configurations/mdp/PHL7/L20/tail/rep01/NPT.mdp,f7189f90d84f38ede02a3534fa1f2d73b09a250cf5228d87f7bd8272a086b698
Pro00137__PET_L20__tail-side__r1,NVT,01_simulation/configurations/mdp/PHL7/L20/tail/rep01/NVT.mdp,dd8987f061b5adf4c365ee6885542d4309137743996da9a5ca552f710a3143c2
Pro00137__PET_L20__tail-side__r2,MD,01_simulation/configurations/mdp/PHL7/L20/tail/rep02/MD.mdp,37ead1b5b5976dbf92c0bcfb9cda940065fa0471e3182c1c2b2fc6275a7448e8
Pro00137__PET_L20__tail-side__r2,NPT,01_simulation/configurations/mdp/PHL7/L20/tail/rep02/NPT.mdp,022d47dc1d43c2d6c6a8cdc9cadfc0b3622a6f4ab24980c41b0eaa2efd8b95e0
Pro00137__PET_L20__tail-side__r2,NVT,01_simulation/configurations/mdp/PHL7/L20/tail/rep02/NVT.mdp,eb08292a64dfbfd000be764bff1f16875f5a09d75eb7b9e489e4b83f56848466
Pro00137__PET_L20__tail-side__r3,MD,01_simulation/configurations/mdp/PHL7/L20/tail/rep03/MD.mdp,1baeac6d885fb5cb36cf4645e15eeb689b21a11f90a551b28a86ecc4bce12f93
Pro00137__PET_L20__tail-side__r3,NPT,01_simulation/configurations/mdp/PHL7/L20/tail/rep03/NPT.mdp,429b245d1e4718041c3709c4314313dcbbaa1919316bf1f1401bf4edc8e93216
Pro00137__PET_L20__tail-side__r3,NVT,01_simulation/configurations/mdp/PHL7/L20/tail/rep03/NVT.mdp,ce927808e577ba1672673c4fcf4ba38efb06de85e7f684c8661b25ab90f8dd81
Pro00137__PET_L4__single__r1,MD,01_simulation/configurations/mdp/PHL7/L4/single/rep01/MD.mdp,f36eaad7fc8963c8ffbac71a7f2a13f26de8a8a02ea6262d9f93abf88f190f20
Pro00137__PET_L4__single__r1,NPT,01_simulation/configurations/mdp/PHL7/L4/single/rep01/NPT.mdp,92fb1107d724d4f6d27ad75b8c6d74c6a895995cc6bc2ce5a558ec5675a821d4
Pro00137__PET_L4__single__r1,NVT,01_simulation/configurations/mdp/PHL7/L4/single/rep01/NVT.mdp,2760d006a68cf01ece7d2f8da477276b9bda395d81c85fd209d39234e35b5954
Pro00137__PET_L4__single__r2,MD,01_simulation/configurations/mdp/PHL7/L4/single/rep02/MD.mdp,292b2c2b6eab004ce88fed54efcb241caa871c226ffe8971024ad0cab36a7841
Pro00137__PET_L4__single__r2,NPT,01_simulation/configurations/mdp/PHL7/L4/single/rep02/NPT.mdp,be4c8774921ce9a1156a7b2308b61c423d76cd690160a3e230a03efa89478b92
Pro00137__PET_L4__single__r2,NVT,01_simulation/configurations/mdp/PHL7/L4/single/rep02/NVT.mdp,9e686f3e33d8aacd7e230c8f9632b25e07593c005c2e4599a8bfc03acaa72f53
Pro00137__PET_L4__single__r3,MD,01_simulation/configurations/mdp/PHL7/L4/single/rep03/MD.mdp,dd6f41e07ef88aa5b8af5ba4b579d2d1f0a18baa008e254b724a57dba2daf841
Pro00137__PET_L4__single__r3,NPT,01_simulation/configurations/mdp/PHL7/L4/single/rep03/NPT.mdp,69c1af7770276d42cfca04f53719d06d4e4ee4f8b58ebd75ac9bfd8b644045a0
Pro00137__PET_L4__single__r3,NVT,01_simulation/configurations/mdp/PHL7/L4/single/rep03/NVT.mdp,bfafbb03c29bf47d653a1fffdb8c2d4f59445882d78e03bcf9201e855b72911a
