trajectory_id,log_sha256,nominal_fourier_spacing_nm,input_coulomb_cutoff_nm,final_logged_optimal_grid,final_logged_optimal_cutoff_nm,final_optimal_line
Pro00057__PET_L4__single__r1,c0cb9f4697d8a412a5e74da2fcd017b36ad0bda3827fffc4a0b88ac19461333e,0.16,1.2,64 64 64,1.2,478
Pro00057__PET_L4__single__r2,820416ca21281e7285b65005d4e8d98bc43830b073f779ed04e9db94b20e669a,0.16,1.2,64 64 64,1.2,475
Pro00057__PET_L4__single__r3,600c4a0b1afc665aef9e34f4e7612119002f35b1b85e790c3c4506fde4f02d9f,0.16,1.2,64 64 64,1.2,478
Pro00057__PET_L10__bidirectional__r1,e9d58b2f6b86683915f7a7440c4d1145693280d17adb023f78949f922c3f2620,0.16,1.2,84 84 84,1.2,7827
Pro00057__PET_L10__bidirectional__r2,c565b0b3e03ca69dcddfaf034f683173457d34d9983acc85538b7b148516e4b0,0.16,1.2,84 84 84,1.2,7800
Pro00057__PET_L10__bidirectional__r3,20cbcdb57082074518d8822a0367500432a6df45f5248844887c52940cc5f653,0.16,1.2,84 84 84,1.2,490
Pro00057__PET_L10__head-side__r1,2e6bafd928ed0d8ccafb2e6e1e4c3fb9d987b61c938f76a64989a4ca3cbc6d88,0.16,1.2,84 84 84,1.2,7954
Pro00057__PET_L10__head-side__r2,5cb1e75aa20fa65613200e5983701b0298bb99e1aa6f406caf9a79841e38df13,0.16,1.2,84 84 84,1.2,7733
Pro00057__PET_L10__head-side__r3,8ca43d4b9d05c548c5fa5af91b06672a5618a986a181fa2c3e571433236ea608,0.16,1.2,84 84 84,1.2,7870
Pro00057__PET_L10__tail-side__r1,46e16694476832f918fcdce677b83f03949c51258903fd432f7be764cf7c6849,0.16,1.2,84 84 84,1.2,7761
Pro00057__PET_L10__tail-side__r2,e3e88a1d0715b2ad72c38d54dc282028a7a8972aeca152ce65f426bef06d287d,0.16,1.2,84 84 84,1.2,7772
Pro00057__PET_L10__tail-side__r3,691d396b036297e44fbe21a689c4744188bc45da212dd47bc9db21af1a9639a9,0.16,1.2,84 84 84,1.2,7785
Pro00057__PET_L20__bidirectional__r1,0355d7b79b0029f700146ee3175f86aa038f9128007f231ea08a596d2a05212c,0.16,1.2,96 96 96,1.2,473
Pro00057__PET_L20__bidirectional__r2,25fc42b9a5fbf9bd2b6ae7d8b24a5f19e9f781d01484ed2c5076b7b8c60d36e9,0.16,1.2,96 96 96,1.2,473
Pro00057__PET_L20__bidirectional__r3,4db46caf6c8502337686477a0444a44359eded5a465d3f77e70ffabae1fb7a64,0.16,1.2,96 96 96,1.2,473
Pro00057__PET_L20__head-side__r1,0604c86177d32871b661165e70102bcc29e417bc5fbde91095abbf5fd4994f69,0.16,1.2,96 96 96,1.2,473
Pro00057__PET_L20__head-side__r2,61b9e5a5631fef0a160e4f9e99f93f3b2d1862c581f698a8851d613d00421fba,0.16,1.2,96 96 96,1.2,473
Pro00057__PET_L20__head-side__r3,575b2088fbac64f0cf765854c85e07702d082695d9be39e44805cc6d4074e44f,0.16,1.2,96 96 96,1.2,473
Pro00057__PET_L20__tail-side__r1,9a8abd6995ee6892c6ed331dac0c6d9188450ee6421f7d090b59f01bd98bdc4b,0.16,1.2,96 96 96,1.2,473
Pro00057__PET_L20__tail-side__r2,87c3baaed9e120ac3bfa26c54e950713223ca43094b9b10a03a5a572d5927584,0.16,1.2,96 96 96,1.2,473
Pro00057__PET_L20__tail-side__r3,880d25b8437fda7924222cd724e9432a68962dae016086483cb8250c125b6065,0.16,1.2,96 96 96,1.2,473
Pro00062__PET_L4__single__r1,4b7c79155e5aba4918449886a60b8ab275457b4e4491f082e7704c4d8d08b829,0.16,1.2,64 64 64,1.2,499
Pro00062__PET_L4__single__r2,b284d615e849b4073a891c11019e7f76a96a3ff7608e13868c1505c9224e6e4c,0.16,1.2,64 64 64,1.2,499
Pro00062__PET_L4__single__r3,d5e8d48f757ac7034aa19b93a8beda5c7b8685648ed4a7c20f598b776f36bf7d,0.16,1.2,64 64 64,1.2,504
Pro00062__PET_L10__bidirectional__r1,cb9f56e790ddb88fc5f0fc45044ab90738a94b5abe293d7388f7a48b6a524c03,0.16,1.2,84 84 84,1.2,490
Pro00062__PET_L10__bidirectional__r2,3b14f361940304adc7bf5c55eabbcf3132a96e85d2e2edc6f0a6a3cf0cb367f2,0.16,1.2,84 84 84,1.2,490
Pro00062__PET_L10__bidirectional__r3,13af05c869f33f1535a252f6ce0daf9fec5ccdfa711db16cc4935f42313c9385,0.16,1.2,84 84 84,1.2,125025
Pro00062__PET_L10__head-side__r1,945fe0b09ccc9cc4e39b5dd21ce276030e73e5bf5b122eeb615bdd8aaa78d053,0.16,1.2,84 84 84,1.2,486
Pro00062__PET_L10__head-side__r2,8ca102055d5b8d6b2985c0354bfb8ed0b44cd988f714a4c3793b641d28848653,0.16,1.2,84 84 84,1.2,492
Pro00062__PET_L10__head-side__r3,fec946502c23185ea251a1146969cfea5702ada11fd754020dd4617d1cd1562f,0.16,1.2,84 84 84,1.2,486
Pro00062__PET_L10__tail-side__r1,9eb57fe7c543ac37c4e13240fc0953c7e9b2e910bec98f42ed10851e1e003ea6,0.16,1.2,84 84 84,1.2,486
Pro00062__PET_L10__tail-side__r2,39fab7b28dfe22722d206d61f3a91da1719552bd99f5344179e0f3b6955c9892,0.16,1.2,84 84 84,1.2,486
Pro00062__PET_L10__tail-side__r3,784091680b70b749d78d6d086b856ca27f6363fc76d41bdc41fb47025127dfaa,0.16,1.2,84 84 84,1.2,490
Pro00062__PET_L20__bidirectional__r1,c1ffce5dbc446c23ff47d78b6457f021c4dd7922f0f38ef70f42651daa1c100b,0.16,1.2,96 96 96,1.2,473
Pro00062__PET_L20__bidirectional__r2,475e9e47d42fd3d2281afd8d444e8df4e215c7777c6cfd0ed95790f321d979b1,0.16,1.2,96 96 96,1.2,474
Pro00062__PET_L20__bidirectional__r3,3946ef86975043aabcbf3f366a6de8f524ca170e96b3d10c652c2b97792abedd,0.16,1.2,96 96 96,1.2,476
Pro00062__PET_L20__head-side__r1,e40eadf99f3a7604937153acf5bdf35f37efd6a53978b376e6cae7d9d38a097d,0.16,1.2,96 96 96,1.2,473
Pro00062__PET_L20__head-side__r2,91ec583ca9b72e5f7fdac687f0df6ae9b5fd7c3f3e9d1fd7be4a6250fb5bd571,0.16,1.2,96 96 96,1.2,473
Pro00062__PET_L20__head-side__r3,768648723aa3f06b5464df6ab7ac6ed4f2d4e714e344b50d7ee7dd9a24bb7297,0.16,1.2,96 96 96,1.2,473
Pro00062__PET_L20__tail-side__r1,4f785d3f616ee22851ec856944aab355940c6951b902af4ba4da99fe47f8e615,0.16,1.2,96 96 96,1.2,473
Pro00062__PET_L20__tail-side__r2,d6d30d9837d9fd90655e7213154fc74b232b0444db2fe1a2c48d42731cf32f61,0.16,1.2,96 96 96,1.2,473
Pro00062__PET_L20__tail-side__r3,dde3241527b6a6c276ef874de361ff45304adb9ca69c94c517e5770323ac1e5b,0.16,1.2,96 96 96,1.2,473
Pro00075__PET_L4__single__r1,3bae0a97b5cb9baa9cf18da6528ea5bca6fc99a61012705dad2e6dda1bdc53b3,0.16,1.2,64 64 64,1.2,487
Pro00075__PET_L4__single__r2,d48f470194e4e97fa0affc950eb5e63ed81251828539c542b0ada620a72c36cd,0.16,1.2,64 64 64,1.2,504
Pro00075__PET_L4__single__r3,1908c41e8ce8fe150750fecf515764c54c7a43f2527f0fb950bf76a781613a54,0.16,1.2,64 64 64,1.2,486
Pro00075__PET_L10__bidirectional__r1,d89451a81435b58bfc63d78caae106a895b646787430bb0bad2560c4b379d606,0.16,1.2,84 84 84,1.2,486
Pro00075__PET_L10__bidirectional__r2,663388d1a159a731ba4fe02eef3d67eba212bd88759e3f2dd163ab38dca96f02,0.16,1.2,84 84 84,1.2,486
Pro00075__PET_L10__bidirectional__r3,fcaa23b2027901e2d3a9dd446f569124f253c60839eeca3fcf272cc1c3b8a9cb,0.16,1.2,84 84 84,1.2,67028
Pro00075__PET_L10__head-side__r1,adb17104dc1821a1d050bd6b4d6b7f98e08b36ce6cda71f7535f797680f7fc5c,0.16,1.2,84 84 84,1.2,486
Pro00075__PET_L10__head-side__r2,ca0b32b28cc0f5989567d06b95e0b0bbd5579ee5fd579f0bd8853a8a86b25e69,0.16,1.2,84 84 84,1.2,486
Pro00075__PET_L10__head-side__r3,f713dbceda51d0875c7efb1457b3686a2742d57b255f4191e98fce781829461e,0.16,1.2,84 84 84,1.2,486
Pro00075__PET_L10__tail-side__r1,76c30f9a768932c3d7ef119bd2199e8387604e5d4027d5b8ed782a2878b0483e,0.16,1.2,84 84 84,1.2,486
Pro00075__PET_L10__tail-side__r2,386539cbc6d10951c2357ec39d048ca558d11ea8a09e25555fc788d5872b0fc2,0.16,1.2,84 84 84,1.2,486
Pro00075__PET_L10__tail-side__r3,586b90518198b1177cd758334c729e7889eedd7e95f779ea0cf192c438beed23,0.16,1.2,84 84 84,1.2,486
Pro00075__PET_L20__bidirectional__r1,ed0a6562abf48de716fcffc90e29b3f85e89297ef8b76ca8a6a4c94576fbc256,0.16,1.2,96 96 96,1.2,474
Pro00075__PET_L20__bidirectional__r2,9d2864d7f312fb4b0f6d6fd48df9527cd5d77060021e4e9e27afd790db98897a,0.16,1.2,96 96 96,1.2,473
Pro00075__PET_L20__bidirectional__r3,1e48186d96f2808ec656853da5fc841f23a7b22024e7808a5b4bdb90aff975c2,0.16,1.2,96 96 96,1.2,473
Pro00075__PET_L20__head-side__r1,829d8817448584da657f855fd3e294c4d8c12f960123fb933d246afda93462b5,0.16,1.2,96 96 96,1.2,473
Pro00075__PET_L20__head-side__r2,2fa93da5db123b6b878d793461fa10afb4d1dd8b93b14614c04ad41c77cd7fdb,0.16,1.2,96 96 96,1.2,476
Pro00075__PET_L20__head-side__r3,3bfa616bff705f66c146d6fd120d299e3a59236dbbeaf395ac97f36fd5ee60fd,0.16,1.2,96 96 96,1.2,473
Pro00075__PET_L20__tail-side__r1,e5117835e142ef7cee259732b472dc5fd43ecdcb92b1fb92a1bd5148f966e3f8,0.16,1.2,96 96 96,1.2,473
Pro00075__PET_L20__tail-side__r2,067c8e78d6d938f84be9dd068a91b3cb54ab0bf22d8ad1a8ac801ba03f11980d,0.16,1.2,96 96 96,1.2,473
Pro00075__PET_L20__tail-side__r3,ffd51108b3178671c6bf636bac0d93e8688c1eee7069f5ec5cfdc39625c9403a,0.16,1.2,96 96 96,1.2,473
Pro00083__PET_L4__single__r1,4b68a74dd0cdd3278f1fc98198cedbd5b9293f4a1f80fb91cbe1599c6d350d2c,0.16,1.2,64 64 64,1.2,504
Pro00083__PET_L4__single__r2,3fd2861149bcfa4636e50483086379954f0e14c1f28da1654a30685e8a86c9be,0.16,1.2,64 64 64,1.2,499
Pro00083__PET_L4__single__r3,9fcb207ef77a3bfa2ddea8b98da3f0cac4f546f2a6a89e6347878f9c47f46e0d,0.16,1.2,60 60 60,1.239,476
Pro00083__PET_L10__bidirectional__r1,8ea9b9809781db90f4a1af0fbc0b0b0c5c0d3110892da5724de5c27d5eaf74a5,0.16,1.2,84 84 84,1.2,486
Pro00083__PET_L10__bidirectional__r2,610a57f9e0f40da4d4d6bc3f4b90c2f5ff997b68d1350c444c852553a6c67ffe,0.16,1.2,84 84 84,1.2,486
Pro00083__PET_L10__bidirectional__r3,13903a9bc42d775ce9fcc1682d05c3a64cd4faa9b4e208905d20ee5f7fd0921c,0.16,1.2,84 84 84,1.2,488
Pro00083__PET_L10__head-side__r1,21f575b8c049f4d07b6b13e7b741bae97ef95f20a6ef12b89394a9c987c70c36,0.16,1.2,84 84 84,1.2,486
Pro00083__PET_L10__head-side__r2,3bdaf2d4d1b2efe869fe0fea8be85ffd769b34761b63fc9540d6f8a814f15718,0.16,1.2,84 84 84,1.2,487
Pro00083__PET_L10__head-side__r3,087e7908a304b0261098730ce2c4d9fc4506deb0e104e1aa41d8d7a056edf855,0.16,1.2,84 84 84,1.2,488
Pro00083__PET_L10__tail-side__r1,4e8d34b0f6f51e54e4697ec93300b4e8412c8b9735944b97238c4326e4892679,0.16,1.2,84 84 84,1.2,486
Pro00083__PET_L10__tail-side__r2,6d806bef824edfea6520fb10e9869bfa505412b4b727b4a91c9b1567ecb89279,0.16,1.2,84 84 84,1.2,486
Pro00083__PET_L10__tail-side__r3,0b5f74d8cdff226dfe0de186e8fbdabef1354340d4c80155a704bbcd572fc599,0.16,1.2,84 84 84,1.2,486
Pro00083__PET_L20__bidirectional__r1,a5c995da33e5579efd8f98a0385473bba651da758f4718b35e809bc5c74e98a1,0.16,1.2,96 96 96,1.2,473
Pro00083__PET_L20__bidirectional__r2,286ca2c26b7dc5265755a89b6fd04cda34aae6f5611435b95c6e22aaae28bda8,0.16,1.2,96 96 96,1.2,474
Pro00083__PET_L20__bidirectional__r3,63f5e1d7d085b30ede6106fbeaadbb346a83bce809d241180ae61e7ecec35601,0.16,1.2,96 96 96,1.2,473
Pro00083__PET_L20__head-side__r1,987b0eeede2f63f29182906e832c40391849d0b14820892573b61069f6c58a73,0.16,1.2,96 96 96,1.2,473
Pro00083__PET_L20__head-side__r2,1d0df05aacdab0c3cdcaa1ab1ebe824b0def5c6d264d0bf085bae55afdcba478,0.16,1.2,96 96 96,1.2,473
Pro00083__PET_L20__head-side__r3,c08df621e291a1a1d91a03d65d2a9babd1272c57e4b2ca1138650c8178b25bc3,0.16,1.2,96 96 96,1.2,473
Pro00083__PET_L20__tail-side__r1,4bd1d0a6bbd670cbf72206cfec798566ef0fc82cd78c0602cb0335f510875dc4,0.16,1.2,96 96 96,1.2,473
Pro00083__PET_L20__tail-side__r2,7b003b92cd9037a845b6133abfe1026cfa581376096f5d1500d1154caedb1249,0.16,1.2,96 96 96,1.2,473
Pro00083__PET_L20__tail-side__r3,a5c0326c4f95cd86cdbf1b546eba73ed9edef5e37fddf1ae0085e254772b2b74,0.16,1.2,96 96 96,1.2,474
Pro00121__PET_L4__single__r1,7be415c7d0d4bfcea6901827a071a11b7079699f7a5577d830a2f42b42863b71,0.16,1.2,64 64 64,1.2,499
Pro00121__PET_L4__single__r2,657e152b0f717d0eff3d1e72a68c9d23b5a15811feec1a6d632e95ff9b371ce0,0.16,1.2,64 64 64,1.2,474
Pro00121__PET_L4__single__r3,e2e86bc082bd1264277a0defbc547db700277e0161dd4a9bf36251876efb4711,0.16,1.2,64 64 64,1.2,499
Pro00121__PET_L10__bidirectional__r1,91f91b26c68e32d15be852bae4cb494e12f603bb8ac4c6a50d43bad6e177e9e5,0.16,1.2,84 84 84,1.2,486
Pro00121__PET_L10__bidirectional__r2,bd1cdc7acd99a81eff838006bd536e358e7bfe6f4f89a645b2b05d125ffbd74c,0.16,1.2,84 84 84,1.2,113094
Pro00121__PET_L10__bidirectional__r3,086dd3e577f13f96ca33f19f2911f2fa4756effd18b1e64ae97ac4ffb6a73837,0.16,1.2,84 84 84,1.2,104560
Pro00121__PET_L10__head-side__r1,5c20729ec5e9853f2961546818f11673c22820d8a970fab6714cdcdb00393e3a,0.16,1.2,84 84 84,1.2,486
Pro00121__PET_L10__head-side__r2,10c196d35d3dc13fdb311ba0a79d4996282850977eac92b2367bc337079e9860,0.16,1.2,84 84 84,1.2,486
Pro00121__PET_L10__head-side__r3,8891a0f66b64f408ed88406f208a24e108d92ffbaed588775cd01e2dfe33d6f8,0.16,1.2,80 80 80,1.205,487
Pro00121__PET_L10__tail-side__r1,57a3ae8fbc5123d8f9152ef09066f8db950b68e59723d74e7d2d23f95dd89610,0.16,1.2,84 84 84,1.2,488
Pro00121__PET_L10__tail-side__r2,5f14f2082fae98881acf7dd73ad12b2dfc6ff8e003c21a73bc7d4b2fb74af8e0,0.16,1.2,84 84 84,1.2,486
Pro00121__PET_L10__tail-side__r3,ca3f7c0d4b5cdc156ecc90ca456efbd664dcee96cd54624d5388b878dbc98762,0.16,1.2,84 84 84,1.2,486
Pro00121__PET_L20__bidirectional__r1,27ca6733673e25959624b32507f70d8f15583ffa54bd784f4ab34c3144a23b11,0.16,1.2,96 96 96,1.2,106142
Pro00121__PET_L20__bidirectional__r2,f4d8299ecef0d7bd96b2d30b9cad89b7a36603487afaf44bc699bf1b92eafee1,0.16,1.2,96 96 96,1.2,72897
Pro00121__PET_L20__bidirectional__r3,2361297e399bd06861d0e994e6e89f0638d5b514b05d89952de6fb239e01dd6b,0.16,1.2,96 96 96,1.2,476
Pro00121__PET_L20__head-side__r1,3230ea234d4ca77238b7c243231dc33fcb8849bbfc2c0288de5b193c1831b48c,0.16,1.2,96 96 96,1.2,473
Pro00121__PET_L20__head-side__r2,cf6651037d85042ec4b82c6dc1edeb3fcc5c80533a9abe1fcbbcd2ef50e0e1f0,0.16,1.2,96 96 96,1.2,473
Pro00121__PET_L20__head-side__r3,463ce67a0ac958368cc885bf689514ea9877905a05bfb41ae3c4bf73d3227e63,0.16,1.2,96 96 96,1.2,473
Pro00121__PET_L20__tail-side__r1,6563ea1ddc2ff1f3a08c6b2ccfeb8af57d4177c644c5fa28753046384a327988,0.16,1.2,96 96 96,1.2,473
Pro00121__PET_L20__tail-side__r2,418869236b7205758eb38060cb0cb61de55d1c2312676e5983352e46d61d1ab3,0.16,1.2,96 96 96,1.2,129895
Pro00121__PET_L20__tail-side__r3,07efa2df92defb8c061a79fbda7cdf8b34923e94694f5669566f03e17e025979,0.16,1.2,96 96 96,1.2,474
Pro00137__PET_L4__single__r1,cb7ce6eea847b9d4e03f1b69ead527341217f90a5472f3956aaf77227b017a0f,0.16,1.2,64 64 64,1.2,504
Pro00137__PET_L4__single__r2,c345f0a944d5b8e2c6824b105c7f41d8f22f2c96345ed74cb9e1f2459be2c3d5,0.16,1.2,64 64 64,1.2,504
Pro00137__PET_L4__single__r3,bf6dce0b9be319819280ffdcafbb9e4bf849bb05a112c301cafaca4e20a13340,0.16,1.2,64 64 64,1.2,504
Pro00137__PET_L10__bidirectional__r1,e86ae24819a41cd2a06ff82f717328038b51532bad321d6407d6cc572bdbb24b,0.16,1.2,84 84 84,1.2,486
Pro00137__PET_L10__bidirectional__r2,fed9f4766aca666a94bb33a7f61ecd60ea69ad6ed74d18dae9d63c472528f1aa,0.16,1.2,84 84 84,1.2,488
Pro00137__PET_L10__bidirectional__r3,ca84b7a02653518a0b331681e784c9e280261746d008163c94f046bc3f0dd0c6,0.16,1.2,84 84 84,1.2,486
Pro00137__PET_L10__head-side__r1,d2811f8e0c1ee5e8d2de2f35ba151b448ca71ee8e44fbbce97d69aedf0521da5,0.16,1.2,84 84 84,1.2,490
Pro00137__PET_L10__head-side__r2,454bd974e0b3c04e787a284bc59ae16913c687729de740f0a8ec7a9e2421faca,0.16,1.2,84 84 84,1.2,486
Pro00137__PET_L10__head-side__r3,24b078abb98d8356277c3f482881236cbdbb8e50b69f697753c10c81667dc558,0.16,1.2,84 84 84,1.2,486
Pro00137__PET_L10__tail-side__r1,b883ae91a5ab46b9b1edcbbd635db86e18d2981f778a6cb5215a951b2504e4a7,0.16,1.2,84 84 84,1.2,486
Pro00137__PET_L10__tail-side__r2,e0bcb2915e3a8e293ce4d28e25092b1de7b3718433ae739173803c91ea1eaa12,0.16,1.2,84 84 84,1.2,486
Pro00137__PET_L10__tail-side__r3,ecd80524befbce6975475bb0afc53008f6568bf36e00338fbe0a3f07bf33d087,0.16,1.2,84 84 84,1.2,486
Pro00137__PET_L20__bidirectional__r1,1519433622b35dc5f5d6a16cb4db0e727ea1941dbadbea8202f8becabc29178c,0.16,1.2,96 96 96,1.2,473
Pro00137__PET_L20__bidirectional__r2,9712e79862e100107bdb44e32992c6cec2c54839f5d2a6f0ba2cc23d06fd0e5c,0.16,1.2,96 96 96,1.2,473
Pro00137__PET_L20__bidirectional__r3,5d247c3804a274a49e70a1ed94b42465601fc597ad0cac85af0018ecaa9c318f,0.16,1.2,96 96 96,1.2,473
Pro00137__PET_L20__head-side__r1,12512a9ab197326683ffb41b65a194207b9db2829aa045a0e770f30f366a216d,0.16,1.2,96 96 96,1.2,473
Pro00137__PET_L20__head-side__r2,d4d3986da81299c9dc3832779765cb5dfa487c92b5f817870d5d9fa44418b760,0.16,1.2,96 96 96,1.2,473
Pro00137__PET_L20__head-side__r3,396b08dc389beb81c6da794fcc75d3e0f67a724569ee7f5ce3083dc458cfdf5a,0.16,1.2,96 96 96,1.2,474
Pro00137__PET_L20__tail-side__r1,bf04582ac0ab323b08b0ddaf6b0e646d4bffb524d677c03c2307f0f2da351d95,0.16,1.2,96 96 96,1.2,473
Pro00137__PET_L20__tail-side__r2,374bdb58ae64f2183501274b43fb840d20c3e5e6c9ec248f57c215f34b0cd8ce,0.16,1.2,96 96 96,1.2,106227
Pro00137__PET_L20__tail-side__r3,5e25de17ca9cc029c1acd1e22b5a16223978ef7c3fef9ace7fe56646ee176579,0.16,1.2,96 96 96,1.2,473
