criterion,angle_definition,case,protein_id,protein_name,pet_kind,direction,replica_id,residue_number,residue_label,total_frames,frames_with_any_hbond,any_hbond_occupancy,sidechain_hbond_occupancy,backbone_hbond_occupancy,triplet_events
DHA_ge_150,D-H-A ≥ 150°,Pro00057_PET_L10_bidirectional_r02,Pro00057,CUT1,PET_L10,bidirectional,2,62,T62,8001,13,0.0016247969003874516,0.0016247969003874516,0.0,13
DHA_ge_150,D-H-A ≥ 150°,Pro00057_PET_L10_bidirectional_r03,Pro00057,CUT1,PET_L10,bidirectional,3,62,T62,8001,46,0.005749281339832521,0.005749281339832521,0.0,46
DHA_ge_150,D-H-A ≥ 150°,Pro00057_PET_L10_head_side_r02,Pro00057,CUT1,PET_L10,head_side,2,62,T62,8001,113,0.01412323459567554,0.01412323459567554,0.0,114
DHA_ge_150,D-H-A ≥ 150°,Pro00057_PET_L10_head_side_r03,Pro00057,CUT1,PET_L10,head_side,3,62,T62,8001,0,0.0,0.0,0.0,0
DHA_ge_150,D-H-A ≥ 150°,Pro00057_PET_L10_tail_side_r02,Pro00057,CUT1,PET_L10,tail_side,2,62,T62,8001,29,0.0036245469316335457,0.0027496562929633797,0.0008748906386701663,29
DHA_ge_150,D-H-A ≥ 150°,Pro00057_PET_L10_tail_side_r03,Pro00057,CUT1,PET_L10,tail_side,3,62,T62,8001,4,0.0004999375078115235,0.0004999375078115235,0.0,4
DHA_ge_150,D-H-A ≥ 150°,Pro00057_PET_L20_bidirectional_r01,Pro00057,CUT1,PET_L20,bidirectional,1,62,T62,8001,0,0.0,0.0,0.0,0
DHA_ge_150,D-H-A ≥ 150°,Pro00057_PET_L20_bidirectional_r02,Pro00057,CUT1,PET_L20,bidirectional,2,62,T62,8001,9,0.0011248593925759281,0.0011248593925759281,0.0,9
DHA_ge_150,D-H-A ≥ 150°,Pro00057_PET_L20_head_side_r01,Pro00057,CUT1,PET_L20,head_side,1,62,T62,8001,0,0.0,0.0,0.0,0
DHA_ge_150,D-H-A ≥ 150°,Pro00057_PET_L20_head_side_r02,Pro00057,CUT1,PET_L20,head_side,2,62,T62,8001,205,0.025621797275340582,0.025621797275340582,0.0,205
DHA_ge_150,D-H-A ≥ 150°,Pro00057_PET_L20_head_side_r03,Pro00057,CUT1,PET_L20,head_side,3,62,T62,8001,15,0.0018747656542932134,0.0018747656542932134,0.0,15
DHA_ge_150,D-H-A ≥ 150°,Pro00057_PET_L20_tail_side_r02,Pro00057,CUT1,PET_L20,tail_side,2,62,T62,8001,6,0.0007499062617172854,0.0007499062617172854,0.0,6
DHA_ge_150,D-H-A ≥ 150°,Pro00057_PET_L10_bidirectional_r02,Pro00057,CUT1,PET_L10,bidirectional,2,64,T64,8001,0,0.0,0.0,0.0,0
DHA_ge_150,D-H-A ≥ 150°,Pro00057_PET_L10_bidirectional_r03,Pro00057,CUT1,PET_L10,bidirectional,3,64,T64,8001,0,0.0,0.0,0.0,0
DHA_ge_150,D-H-A ≥ 150°,Pro00057_PET_L10_head_side_r02,Pro00057,CUT1,PET_L10,head_side,2,64,T64,8001,6,0.0007499062617172854,0.00012498437695288088,0.0006249218847644045,6
DHA_ge_150,D-H-A ≥ 150°,Pro00057_PET_L10_head_side_r03,Pro00057,CUT1,PET_L10,head_side,3,64,T64,8001,0,0.0,0.0,0.0,0
DHA_ge_150,D-H-A ≥ 150°,Pro00057_PET_L10_tail_side_r02,Pro00057,CUT1,PET_L10,tail_side,2,64,T64,8001,0,0.0,0.0,0.0,0
DHA_ge_150,D-H-A ≥ 150°,Pro00057_PET_L10_tail_side_r03,Pro00057,CUT1,PET_L10,tail_side,3,64,T64,8001,0,0.0,0.0,0.0,0
DHA_ge_150,D-H-A ≥ 150°,Pro00057_PET_L20_bidirectional_r01,Pro00057,CUT1,PET_L20,bidirectional,1,64,T64,8001,1808,0.22597175353080864,0.07499062617172854,0.1707286589176353,1966
DHA_ge_150,D-H-A ≥ 150°,Pro00057_PET_L20_bidirectional_r02,Pro00057,CUT1,PET_L20,bidirectional,2,64,T64,8001,0,0.0,0.0,0.0,0
DHA_ge_150,D-H-A ≥ 150°,Pro00057_PET_L20_head_side_r01,Pro00057,CUT1,PET_L20,head_side,1,64,T64,8001,796,0.09948756405449319,0.02924634420697413,0.07836520434945632,861
DHA_ge_150,D-H-A ≥ 150°,Pro00057_PET_L20_head_side_r02,Pro00057,CUT1,PET_L20,head_side,2,64,T64,8001,31,0.0038745156855393074,0.0,0.0038745156855393074,31
DHA_ge_150,D-H-A ≥ 150°,Pro00057_PET_L20_head_side_r03,Pro00057,CUT1,PET_L20,head_side,3,64,T64,8001,0,0.0,0.0,0.0,0
DHA_ge_150,D-H-A ≥ 150°,Pro00057_PET_L20_tail_side_r02,Pro00057,CUT1,PET_L20,tail_side,2,64,T64,8001,52,0.0064991876015498065,0.006374203224596925,0.00024996875390576176,53
DHA_ge_150,D-H-A ≥ 150°,Pro00057_PET_L10_bidirectional_r02,Pro00057,CUT1,PET_L10,bidirectional,2,67,S67,8001,54,0.006749156355455568,0.006749156355455568,0.0,54
DHA_ge_150,D-H-A ≥ 150°,Pro00057_PET_L10_bidirectional_r03,Pro00057,CUT1,PET_L10,bidirectional,3,67,S67,8001,95,0.011873515810523684,0.011873515810523684,0.0,95
DHA_ge_150,D-H-A ≥ 150°,Pro00057_PET_L10_head_side_r02,Pro00057,CUT1,PET_L10,head_side,2,67,S67,8001,0,0.0,0.0,0.0,0
DHA_ge_150,D-H-A ≥ 150°,Pro00057_PET_L10_head_side_r03,Pro00057,CUT1,PET_L10,head_side,3,67,S67,8001,0,0.0,0.0,0.0,0
DHA_ge_150,D-H-A ≥ 150°,Pro00057_PET_L10_tail_side_r02,Pro00057,CUT1,PET_L10,tail_side,2,67,S67,8001,8,0.000999875015623047,0.000999875015623047,0.0,8
DHA_ge_150,D-H-A ≥ 150°,Pro00057_PET_L10_tail_side_r03,Pro00057,CUT1,PET_L10,tail_side,3,67,S67,8001,8,0.000999875015623047,0.000999875015623047,0.0,8
DHA_ge_150,D-H-A ≥ 150°,Pro00057_PET_L20_bidirectional_r01,Pro00057,CUT1,PET_L20,bidirectional,1,67,S67,8001,114,0.014248218972628422,0.014248218972628422,0.0,114
DHA_ge_150,D-H-A ≥ 150°,Pro00057_PET_L20_bidirectional_r02,Pro00057,CUT1,PET_L20,bidirectional,2,67,S67,8001,169,0.02112235970503687,0.02112235970503687,0.0,169
DHA_ge_150,D-H-A ≥ 150°,Pro00057_PET_L20_head_side_r01,Pro00057,CUT1,PET_L20,head_side,1,67,S67,8001,33,0.004124484439445069,0.004124484439445069,0.0,33
DHA_ge_150,D-H-A ≥ 150°,Pro00057_PET_L20_head_side_r02,Pro00057,CUT1,PET_L20,head_side,2,67,S67,8001,620,0.07749031371078616,0.07749031371078616,0.0,620
DHA_ge_150,D-H-A ≥ 150°,Pro00057_PET_L20_head_side_r03,Pro00057,CUT1,PET_L20,head_side,3,67,S67,8001,0,0.0,0.0,0.0,0
DHA_ge_150,D-H-A ≥ 150°,Pro00057_PET_L20_tail_side_r02,Pro00057,CUT1,PET_L20,tail_side,2,67,S67,8001,72,0.008998875140607425,0.008998875140607425,0.0,72
DHA_ge_150,D-H-A ≥ 150°,Pro00057_PET_L10_bidirectional_r02,Pro00057,CUT1,PET_L10,bidirectional,2,213,N213,8001,0,0.0,0.0,0.0,0
DHA_ge_150,D-H-A ≥ 150°,Pro00057_PET_L10_bidirectional_r03,Pro00057,CUT1,PET_L10,bidirectional,3,213,N213,8001,114,0.014248218972628422,0.013623297087864018,0.0006249218847644045,114
DHA_ge_150,D-H-A ≥ 150°,Pro00057_PET_L10_head_side_r02,Pro00057,CUT1,PET_L10,head_side,2,213,N213,8001,309,0.0386201724784402,0.0386201724784402,0.0,309
DHA_ge_150,D-H-A ≥ 150°,Pro00057_PET_L10_head_side_r03,Pro00057,CUT1,PET_L10,head_side,3,213,N213,8001,0,0.0,0.0,0.0,0
DHA_ge_150,D-H-A ≥ 150°,Pro00057_PET_L10_tail_side_r02,Pro00057,CUT1,PET_L10,tail_side,2,213,N213,8001,126,0.015748031496062992,0.015748031496062992,0.0,126
DHA_ge_150,D-H-A ≥ 150°,Pro00057_PET_L10_tail_side_r03,Pro00057,CUT1,PET_L10,tail_side,3,213,N213,8001,1,0.00012498437695288088,0.00012498437695288088,0.0,1
DHA_ge_150,D-H-A ≥ 150°,Pro00057_PET_L20_bidirectional_r01,Pro00057,CUT1,PET_L20,bidirectional,1,213,N213,8001,89,0.0111236095488064,0.0111236095488064,0.0,89
DHA_ge_150,D-H-A ≥ 150°,Pro00057_PET_L20_bidirectional_r02,Pro00057,CUT1,PET_L20,bidirectional,2,213,N213,8001,0,0.0,0.0,0.0,0
DHA_ge_150,D-H-A ≥ 150°,Pro00057_PET_L20_head_side_r01,Pro00057,CUT1,PET_L20,head_side,1,213,N213,8001,0,0.0,0.0,0.0,0
DHA_ge_150,D-H-A ≥ 150°,Pro00057_PET_L20_head_side_r02,Pro00057,CUT1,PET_L20,head_side,2,213,N213,8001,209,0.026121734783152106,0.026121734783152106,0.0,209
DHA_ge_150,D-H-A ≥ 150°,Pro00057_PET_L20_head_side_r03,Pro00057,CUT1,PET_L20,head_side,3,213,N213,8001,0,0.0,0.0,0.0,0
DHA_ge_150,D-H-A ≥ 150°,Pro00057_PET_L20_tail_side_r02,Pro00057,CUT1,PET_L20,tail_side,2,213,N213,8001,356,0.0444944381952256,0.0444944381952256,0.0,356
DHA_ge_150,D-H-A ≥ 150°,Pro00121_PET_L10_bidirectional_r03,Pro00121,HiC,PET_L10,bidirectional,3,164,T164,8001,0,0.0,0.0,0.0,0
DHA_ge_150,D-H-A ≥ 150°,Pro00121_PET_L10_head_side_r02,Pro00121,HiC,PET_L10,head_side,2,164,T164,8001,172,0.021497312835895514,0.021372328458942633,0.00012498437695288088,172
DHA_ge_150,D-H-A ≥ 150°,Pro00121_PET_L10_tail_side_r01,Pro00121,HiC,PET_L10,tail_side,1,164,T164,8001,0,0.0,0.0,0.0,0
DHA_ge_150,D-H-A ≥ 150°,Pro00121_PET_L10_tail_side_r02,Pro00121,HiC,PET_L10,tail_side,2,164,T164,8001,0,0.0,0.0,0.0,0
DHA_ge_150,D-H-A ≥ 150°,Pro00121_PET_L10_tail_side_r03,Pro00121,HiC,PET_L10,tail_side,3,164,T164,8001,470,0.05874265716785402,0.05849268841394826,0.00024996875390576176,470
DHA_ge_150,D-H-A ≥ 150°,Pro00121_PET_L20_bidirectional_r01,Pro00121,HiC,PET_L20,bidirectional,1,164,T164,8001,329,0.04111986001749781,0.0386201724784402,0.0027496562929633797,331
DHA_ge_150,D-H-A ≥ 150°,Pro00121_PET_L20_bidirectional_r02,Pro00121,HiC,PET_L20,bidirectional,2,164,T164,8001,102,0.01274840644919385,0.01274840644919385,0.0,102
DHA_ge_150,D-H-A ≥ 150°,Pro00121_PET_L20_bidirectional_r03,Pro00121,HiC,PET_L20,bidirectional,3,164,T164,8001,7,0.0008748906386701663,0.0003749531308586427,0.0004999375078115235,7
DHA_ge_150,D-H-A ≥ 150°,Pro00121_PET_L20_head_side_r01,Pro00121,HiC,PET_L20,head_side,1,164,T164,8001,5,0.0006249218847644045,0.0006249218847644045,0.0,5
DHA_ge_150,D-H-A ≥ 150°,Pro00121_PET_L20_head_side_r02,Pro00121,HiC,PET_L20,head_side,2,164,T164,8001,46,0.005749281339832521,0.004749406324209474,0.000999875015623047,46
DHA_ge_150,D-H-A ≥ 150°,Pro00121_PET_L20_head_side_r03,Pro00121,HiC,PET_L20,head_side,3,164,T164,8001,163,0.020372453443319585,0.020372453443319585,0.0,163
DHA_ge_150,D-H-A ≥ 150°,Pro00121_PET_L20_tail_side_r01,Pro00121,HiC,PET_L20,tail_side,1,164,T164,8001,248,0.03099612548431446,0.03099612548431446,0.0,248
DHA_ge_150,D-H-A ≥ 150°,Pro00121_PET_L20_tail_side_r02,Pro00121,HiC,PET_L20,tail_side,2,164,T164,8001,1310,0.16372953380827396,0.16372953380827396,0.0,1310
DHA_ge_150,D-H-A ≥ 150°,Pro00121_PET_L10_bidirectional_r03,Pro00121,HiC,PET_L10,bidirectional,3,166,T166,8001,37,0.004624421947256593,0.004624421947256593,0.0,37
DHA_ge_150,D-H-A ≥ 150°,Pro00121_PET_L10_head_side_r02,Pro00121,HiC,PET_L10,head_side,2,166,T166,8001,841,0.10511186101737283,0.09361329833770779,0.011498562679665042,841
DHA_ge_150,D-H-A ≥ 150°,Pro00121_PET_L10_tail_side_r01,Pro00121,HiC,PET_L10,tail_side,1,166,T166,8001,75,0.009373828271466067,0.009373828271466067,0.0,75
DHA_ge_150,D-H-A ≥ 150°,Pro00121_PET_L10_tail_side_r02,Pro00121,HiC,PET_L10,tail_side,2,166,T166,8001,3,0.0003749531308586427,0.0003749531308586427,0.0,3
DHA_ge_150,D-H-A ≥ 150°,Pro00121_PET_L10_tail_side_r03,Pro00121,HiC,PET_L10,tail_side,3,166,T166,8001,631,0.07886514185726784,0.07886514185726784,0.0,631
DHA_ge_150,D-H-A ≥ 150°,Pro00121_PET_L20_bidirectional_r01,Pro00121,HiC,PET_L20,bidirectional,1,166,T166,8001,5202,0.6501687289088864,0.6501687289088864,0.0,5202
DHA_ge_150,D-H-A ≥ 150°,Pro00121_PET_L20_bidirectional_r02,Pro00121,HiC,PET_L20,bidirectional,2,166,T166,8001,1080,0.13498312710911137,0.13498312710911137,0.0,1080
DHA_ge_150,D-H-A ≥ 150°,Pro00121_PET_L20_bidirectional_r03,Pro00121,HiC,PET_L20,bidirectional,3,166,T166,8001,139,0.017372828396450445,0.017372828396450445,0.0,139
DHA_ge_150,D-H-A ≥ 150°,Pro00121_PET_L20_head_side_r01,Pro00121,HiC,PET_L20,head_side,1,166,T166,8001,1374,0.17172853393325835,0.1707286589176353,0.000999875015623047,1374
DHA_ge_150,D-H-A ≥ 150°,Pro00121_PET_L20_head_side_r02,Pro00121,HiC,PET_L20,head_side,2,166,T166,8001,113,0.01412323459567554,0.013748281464816898,0.0003749531308586427,113
DHA_ge_150,D-H-A ≥ 150°,Pro00121_PET_L20_head_side_r03,Pro00121,HiC,PET_L20,head_side,3,166,T166,8001,522,0.06524184476940383,0.06524184476940383,0.0,522
DHA_ge_150,D-H-A ≥ 150°,Pro00121_PET_L20_tail_side_r01,Pro00121,HiC,PET_L20,tail_side,1,166,T166,8001,1452,0.18147731533558306,0.18097737782777154,0.0008748906386701663,1496
DHA_ge_150,D-H-A ≥ 150°,Pro00121_PET_L20_tail_side_r02,Pro00121,HiC,PET_L20,tail_side,2,166,T166,8001,1680,0.2099737532808399,0.2099737532808399,0.0,1681
DHA_ge_160,D-H-A ≥ 160°,Pro00057_PET_L10_bidirectional_r02,Pro00057,CUT1,PET_L10,bidirectional,2,62,T62,8001,6,0.0007499062617172854,0.0007499062617172854,0.0,6
DHA_ge_160,D-H-A ≥ 160°,Pro00057_PET_L10_bidirectional_r03,Pro00057,CUT1,PET_L10,bidirectional,3,62,T62,8001,29,0.0036245469316335457,0.0036245469316335457,0.0,29
DHA_ge_160,D-H-A ≥ 160°,Pro00057_PET_L10_head_side_r02,Pro00057,CUT1,PET_L10,head_side,2,62,T62,8001,61,0.007624046994125735,0.007624046994125735,0.0,61
DHA_ge_160,D-H-A ≥ 160°,Pro00057_PET_L10_head_side_r03,Pro00057,CUT1,PET_L10,head_side,3,62,T62,8001,0,0.0,0.0,0.0,0
DHA_ge_160,D-H-A ≥ 160°,Pro00057_PET_L10_tail_side_r02,Pro00057,CUT1,PET_L10,tail_side,2,62,T62,8001,14,0.0017497812773403325,0.0016247969003874516,0.00012498437695288088,14
DHA_ge_160,D-H-A ≥ 160°,Pro00057_PET_L10_tail_side_r03,Pro00057,CUT1,PET_L10,tail_side,3,62,T62,8001,2,0.00024996875390576176,0.00024996875390576176,0.0,2
DHA_ge_160,D-H-A ≥ 160°,Pro00057_PET_L20_bidirectional_r01,Pro00057,CUT1,PET_L20,bidirectional,1,62,T62,8001,0,0.0,0.0,0.0,0
DHA_ge_160,D-H-A ≥ 160°,Pro00057_PET_L20_bidirectional_r02,Pro00057,CUT1,PET_L20,bidirectional,2,62,T62,8001,2,0.00024996875390576176,0.00024996875390576176,0.0,2
DHA_ge_160,D-H-A ≥ 160°,Pro00057_PET_L20_head_side_r01,Pro00057,CUT1,PET_L20,head_side,1,62,T62,8001,0,0.0,0.0,0.0,0
DHA_ge_160,D-H-A ≥ 160°,Pro00057_PET_L20_head_side_r02,Pro00057,CUT1,PET_L20,head_side,2,62,T62,8001,141,0.017622797150356206,0.017622797150356206,0.0,141
DHA_ge_160,D-H-A ≥ 160°,Pro00057_PET_L20_head_side_r03,Pro00057,CUT1,PET_L20,head_side,3,62,T62,8001,7,0.0008748906386701663,0.0008748906386701663,0.0,7
DHA_ge_160,D-H-A ≥ 160°,Pro00057_PET_L20_tail_side_r02,Pro00057,CUT1,PET_L20,tail_side,2,62,T62,8001,3,0.0003749531308586427,0.0003749531308586427,0.0,3
DHA_ge_160,D-H-A ≥ 160°,Pro00057_PET_L10_bidirectional_r02,Pro00057,CUT1,PET_L10,bidirectional,2,64,T64,8001,0,0.0,0.0,0.0,0
DHA_ge_160,D-H-A ≥ 160°,Pro00057_PET_L10_bidirectional_r03,Pro00057,CUT1,PET_L10,bidirectional,3,64,T64,8001,0,0.0,0.0,0.0,0
DHA_ge_160,D-H-A ≥ 160°,Pro00057_PET_L10_head_side_r02,Pro00057,CUT1,PET_L10,head_side,2,64,T64,8001,3,0.0003749531308586427,0.00012498437695288088,0.00024996875390576176,3
DHA_ge_160,D-H-A ≥ 160°,Pro00057_PET_L10_head_side_r03,Pro00057,CUT1,PET_L10,head_side,3,64,T64,8001,0,0.0,0.0,0.0,0
DHA_ge_160,D-H-A ≥ 160°,Pro00057_PET_L10_tail_side_r02,Pro00057,CUT1,PET_L10,tail_side,2,64,T64,8001,0,0.0,0.0,0.0,0
DHA_ge_160,D-H-A ≥ 160°,Pro00057_PET_L10_tail_side_r03,Pro00057,CUT1,PET_L10,tail_side,3,64,T64,8001,0,0.0,0.0,0.0,0
DHA_ge_160,D-H-A ≥ 160°,Pro00057_PET_L20_bidirectional_r01,Pro00057,CUT1,PET_L20,bidirectional,1,64,T64,8001,922,0.11523559555055618,0.04924384451943507,0.07436570428696412,989
DHA_ge_160,D-H-A ≥ 160°,Pro00057_PET_L20_bidirectional_r02,Pro00057,CUT1,PET_L20,bidirectional,2,64,T64,8001,0,0.0,0.0,0.0,0
DHA_ge_160,D-H-A ≥ 160°,Pro00057_PET_L20_head_side_r01,Pro00057,CUT1,PET_L20,head_side,1,64,T64,8001,445,0.05561804774403199,0.019997500312460944,0.03899512560929884,472
DHA_ge_160,D-H-A ≥ 160°,Pro00057_PET_L20_head_side_r02,Pro00057,CUT1,PET_L20,head_side,2,64,T64,8001,12,0.0014998125234345708,0.0,0.0014998125234345708,12
DHA_ge_160,D-H-A ≥ 160°,Pro00057_PET_L20_head_side_r03,Pro00057,CUT1,PET_L20,head_side,3,64,T64,8001,0,0.0,0.0,0.0,0
DHA_ge_160,D-H-A ≥ 160°,Pro00057_PET_L20_tail_side_r02,Pro00057,CUT1,PET_L20,tail_side,2,64,T64,8001,39,0.004874390701162355,0.004874390701162355,0.0,39
DHA_ge_160,D-H-A ≥ 160°,Pro00057_PET_L10_bidirectional_r02,Pro00057,CUT1,PET_L10,bidirectional,2,67,S67,8001,30,0.0037495313085864268,0.0037495313085864268,0.0,30
DHA_ge_160,D-H-A ≥ 160°,Pro00057_PET_L10_bidirectional_r03,Pro00057,CUT1,PET_L10,bidirectional,3,67,S67,8001,58,0.007249093863267091,0.007249093863267091,0.0,58
DHA_ge_160,D-H-A ≥ 160°,Pro00057_PET_L10_head_side_r02,Pro00057,CUT1,PET_L10,head_side,2,67,S67,8001,0,0.0,0.0,0.0,0
DHA_ge_160,D-H-A ≥ 160°,Pro00057_PET_L10_head_side_r03,Pro00057,CUT1,PET_L10,head_side,3,67,S67,8001,0,0.0,0.0,0.0,0
DHA_ge_160,D-H-A ≥ 160°,Pro00057_PET_L10_tail_side_r02,Pro00057,CUT1,PET_L10,tail_side,2,67,S67,8001,5,0.0006249218847644045,0.0006249218847644045,0.0,5
DHA_ge_160,D-H-A ≥ 160°,Pro00057_PET_L10_tail_side_r03,Pro00057,CUT1,PET_L10,tail_side,3,67,S67,8001,3,0.0003749531308586427,0.0003749531308586427,0.0,3
DHA_ge_160,D-H-A ≥ 160°,Pro00057_PET_L20_bidirectional_r01,Pro00057,CUT1,PET_L20,bidirectional,1,67,S67,8001,74,0.009248843894513185,0.009248843894513185,0.0,74
DHA_ge_160,D-H-A ≥ 160°,Pro00057_PET_L20_bidirectional_r02,Pro00057,CUT1,PET_L20,bidirectional,2,67,S67,8001,109,0.013623297087864018,0.013623297087864018,0.0,109
DHA_ge_160,D-H-A ≥ 160°,Pro00057_PET_L20_head_side_r01,Pro00057,CUT1,PET_L20,head_side,1,67,S67,8001,24,0.0029996250468691415,0.0029996250468691415,0.0,24
DHA_ge_160,D-H-A ≥ 160°,Pro00057_PET_L20_head_side_r02,Pro00057,CUT1,PET_L20,head_side,2,67,S67,8001,430,0.05374328208973878,0.05374328208973878,0.0,430
DHA_ge_160,D-H-A ≥ 160°,Pro00057_PET_L20_head_side_r03,Pro00057,CUT1,PET_L20,head_side,3,67,S67,8001,0,0.0,0.0,0.0,0
DHA_ge_160,D-H-A ≥ 160°,Pro00057_PET_L20_tail_side_r02,Pro00057,CUT1,PET_L20,tail_side,2,67,S67,8001,48,0.005999250093738283,0.005999250093738283,0.0,48
DHA_ge_160,D-H-A ≥ 160°,Pro00057_PET_L10_bidirectional_r02,Pro00057,CUT1,PET_L10,bidirectional,2,213,N213,8001,0,0.0,0.0,0.0,0
DHA_ge_160,D-H-A ≥ 160°,Pro00057_PET_L10_bidirectional_r03,Pro00057,CUT1,PET_L10,bidirectional,3,213,N213,8001,81,0.010123734533183352,0.009623797025371828,0.0004999375078115235,81
DHA_ge_160,D-H-A ≥ 160°,Pro00057_PET_L10_head_side_r02,Pro00057,CUT1,PET_L10,head_side,2,213,N213,8001,230,0.028746406699162605,0.028746406699162605,0.0,230
DHA_ge_160,D-H-A ≥ 160°,Pro00057_PET_L10_head_side_r03,Pro00057,CUT1,PET_L10,head_side,3,213,N213,8001,0,0.0,0.0,0.0,0
DHA_ge_160,D-H-A ≥ 160°,Pro00057_PET_L10_tail_side_r02,Pro00057,CUT1,PET_L10,tail_side,2,213,N213,8001,81,0.010123734533183352,0.010123734533183352,0.0,81
DHA_ge_160,D-H-A ≥ 160°,Pro00057_PET_L10_tail_side_r03,Pro00057,CUT1,PET_L10,tail_side,3,213,N213,8001,0,0.0,0.0,0.0,0
DHA_ge_160,D-H-A ≥ 160°,Pro00057_PET_L20_bidirectional_r01,Pro00057,CUT1,PET_L20,bidirectional,1,213,N213,8001,32,0.003999500062492188,0.003999500062492188,0.0,32
DHA_ge_160,D-H-A ≥ 160°,Pro00057_PET_L20_bidirectional_r02,Pro00057,CUT1,PET_L20,bidirectional,2,213,N213,8001,0,0.0,0.0,0.0,0
DHA_ge_160,D-H-A ≥ 160°,Pro00057_PET_L20_head_side_r01,Pro00057,CUT1,PET_L20,head_side,1,213,N213,8001,0,0.0,0.0,0.0,0
DHA_ge_160,D-H-A ≥ 160°,Pro00057_PET_L20_head_side_r02,Pro00057,CUT1,PET_L20,head_side,2,213,N213,8001,126,0.015748031496062992,0.015748031496062992,0.0,126
DHA_ge_160,D-H-A ≥ 160°,Pro00057_PET_L20_head_side_r03,Pro00057,CUT1,PET_L20,head_side,3,213,N213,8001,0,0.0,0.0,0.0,0
DHA_ge_160,D-H-A ≥ 160°,Pro00057_PET_L20_tail_side_r02,Pro00057,CUT1,PET_L20,tail_side,2,213,N213,8001,232,0.028996375453068365,0.028996375453068365,0.0,232
DHA_ge_160,D-H-A ≥ 160°,Pro00121_PET_L10_bidirectional_r03,Pro00121,HiC,PET_L10,bidirectional,3,164,T164,8001,0,0.0,0.0,0.0,0
DHA_ge_160,D-H-A ≥ 160°,Pro00121_PET_L10_head_side_r02,Pro00121,HiC,PET_L10,head_side,2,164,T164,8001,123,0.01537307836520435,0.01524809398825147,0.00012498437695288088,123
DHA_ge_160,D-H-A ≥ 160°,Pro00121_PET_L10_tail_side_r01,Pro00121,HiC,PET_L10,tail_side,1,164,T164,8001,0,0.0,0.0,0.0,0
DHA_ge_160,D-H-A ≥ 160°,Pro00121_PET_L10_tail_side_r02,Pro00121,HiC,PET_L10,tail_side,2,164,T164,8001,0,0.0,0.0,0.0,0
DHA_ge_160,D-H-A ≥ 160°,Pro00121_PET_L10_tail_side_r03,Pro00121,HiC,PET_L10,tail_side,3,164,T164,8001,369,0.04611923509561305,0.045994250718660167,0.00012498437695288088,369
DHA_ge_160,D-H-A ≥ 160°,Pro00121_PET_L20_bidirectional_r01,Pro00121,HiC,PET_L20,bidirectional,1,164,T164,8001,210,0.026246719160104987,0.024746906636670417,0.0014998125234345708,210
DHA_ge_160,D-H-A ≥ 160°,Pro00121_PET_L20_bidirectional_r02,Pro00121,HiC,PET_L20,bidirectional,2,164,T164,8001,68,0.0084989376327959,0.0084989376327959,0.0,68
DHA_ge_160,D-H-A ≥ 160°,Pro00121_PET_L20_bidirectional_r03,Pro00121,HiC,PET_L20,bidirectional,3,164,T164,8001,5,0.0006249218847644045,0.0003749531308586427,0.00024996875390576176,5
DHA_ge_160,D-H-A ≥ 160°,Pro00121_PET_L20_head_side_r01,Pro00121,HiC,PET_L20,head_side,1,164,T164,8001,3,0.0003749531308586427,0.0003749531308586427,0.0,3
DHA_ge_160,D-H-A ≥ 160°,Pro00121_PET_L20_head_side_r02,Pro00121,HiC,PET_L20,head_side,2,164,T164,8001,30,0.0037495313085864268,0.0029996250468691415,0.0007499062617172854,30
DHA_ge_160,D-H-A ≥ 160°,Pro00121_PET_L20_head_side_r03,Pro00121,HiC,PET_L20,head_side,3,164,T164,8001,105,0.013123359580052493,0.013123359580052493,0.0,105
DHA_ge_160,D-H-A ≥ 160°,Pro00121_PET_L20_tail_side_r01,Pro00121,HiC,PET_L20,tail_side,1,164,T164,8001,144,0.01799775028121485,0.01799775028121485,0.0,144
DHA_ge_160,D-H-A ≥ 160°,Pro00121_PET_L20_tail_side_r02,Pro00121,HiC,PET_L20,tail_side,2,164,T164,8001,987,0.12335958005249344,0.12335958005249344,0.0,987
DHA_ge_160,D-H-A ≥ 160°,Pro00121_PET_L10_bidirectional_r03,Pro00121,HiC,PET_L10,bidirectional,3,166,T166,8001,23,0.0028746406699162604,0.0028746406699162604,0.0,23
DHA_ge_160,D-H-A ≥ 160°,Pro00121_PET_L10_head_side_r02,Pro00121,HiC,PET_L10,head_side,2,166,T166,8001,536,0.06699162604674416,0.05874265716785402,0.008248968878890138,536
DHA_ge_160,D-H-A ≥ 160°,Pro00121_PET_L10_tail_side_r01,Pro00121,HiC,PET_L10,tail_side,1,166,T166,8001,41,0.005124359455068116,0.005124359455068116,0.0,41
DHA_ge_160,D-H-A ≥ 160°,Pro00121_PET_L10_tail_side_r02,Pro00121,HiC,PET_L10,tail_side,2,166,T166,8001,1,0.00012498437695288088,0.00012498437695288088,0.0,1
DHA_ge_160,D-H-A ≥ 160°,Pro00121_PET_L10_tail_side_r03,Pro00121,HiC,PET_L10,tail_side,3,166,T166,8001,453,0.05661792275965504,0.05661792275965504,0.0,453
DHA_ge_160,D-H-A ≥ 160°,Pro00121_PET_L20_bidirectional_r01,Pro00121,HiC,PET_L20,bidirectional,1,166,T166,8001,3916,0.4894388201474816,0.4894388201474816,0.0,3916
DHA_ge_160,D-H-A ≥ 160°,Pro00121_PET_L20_bidirectional_r02,Pro00121,HiC,PET_L20,bidirectional,2,166,T166,8001,751,0.09386326709161355,0.09386326709161355,0.0,751
DHA_ge_160,D-H-A ≥ 160°,Pro00121_PET_L20_bidirectional_r03,Pro00121,HiC,PET_L20,bidirectional,3,166,T166,8001,104,0.012998375203099613,0.012998375203099613,0.0,104
DHA_ge_160,D-H-A ≥ 160°,Pro00121_PET_L20_head_side_r01,Pro00121,HiC,PET_L20,head_side,1,166,T166,8001,856,0.10698662667166604,0.1066116735408074,0.0003749531308586427,856
DHA_ge_160,D-H-A ≥ 160°,Pro00121_PET_L20_head_side_r02,Pro00121,HiC,PET_L20,head_side,2,166,T166,8001,64,0.007999000124984376,0.007874015748031496,0.00012498437695288088,64
DHA_ge_160,D-H-A ≥ 160°,Pro00121_PET_L20_head_side_r03,Pro00121,HiC,PET_L20,head_side,3,166,T166,8001,312,0.03899512560929884,0.03899512560929884,0.0,312
DHA_ge_160,D-H-A ≥ 160°,Pro00121_PET_L20_tail_side_r01,Pro00121,HiC,PET_L20,tail_side,1,166,T166,8001,831,0.10386201724784402,0.10361204849393826,0.00024996875390576176,848
DHA_ge_160,D-H-A ≥ 160°,Pro00121_PET_L20_tail_side_r02,Pro00121,HiC,PET_L20,tail_side,2,166,T166,8001,1232,0.15398075240594924,0.15398075240594924,0.0,1232
gromacs_ADH_le_30,A-D-H ≤ 30°,Pro00057_PET_L10_bidirectional_r02,Pro00057,CUT1,PET_L10,bidirectional,2,62,T62,8001,17,0.002124734408198975,0.002124734408198975,0.0,17
gromacs_ADH_le_30,A-D-H ≤ 30°,Pro00057_PET_L10_bidirectional_r03,Pro00057,CUT1,PET_L10,bidirectional,3,62,T62,8001,77,0.009623797025371828,0.009623797025371828,0.0,78
gromacs_ADH_le_30,A-D-H ≤ 30°,Pro00057_PET_L10_head_side_r02,Pro00057,CUT1,PET_L10,head_side,2,62,T62,8001,149,0.01862267216597925,0.01862267216597925,0.0,154
gromacs_ADH_le_30,A-D-H ≤ 30°,Pro00057_PET_L10_head_side_r03,Pro00057,CUT1,PET_L10,head_side,3,62,T62,8001,1,0.00012498437695288088,0.0,0.00012498437695288088,1
gromacs_ADH_le_30,A-D-H ≤ 30°,Pro00057_PET_L10_tail_side_r02,Pro00057,CUT1,PET_L10,tail_side,2,62,T62,8001,38,0.004749406324209474,0.003374578177727784,0.0013748281464816899,38
gromacs_ADH_le_30,A-D-H ≤ 30°,Pro00057_PET_L10_tail_side_r03,Pro00057,CUT1,PET_L10,tail_side,3,62,T62,8001,4,0.0004999375078115235,0.0004999375078115235,0.0,4
gromacs_ADH_le_30,A-D-H ≤ 30°,Pro00057_PET_L20_bidirectional_r01,Pro00057,CUT1,PET_L20,bidirectional,1,62,T62,8001,3,0.0003749531308586427,0.0003749531308586427,0.0,3
gromacs_ADH_le_30,A-D-H ≤ 30°,Pro00057_PET_L20_bidirectional_r02,Pro00057,CUT1,PET_L20,bidirectional,2,62,T62,8001,21,0.0026246719160104987,0.0026246719160104987,0.0,21
gromacs_ADH_le_30,A-D-H ≤ 30°,Pro00057_PET_L20_head_side_r01,Pro00057,CUT1,PET_L20,head_side,1,62,T62,8001,0,0.0,0.0,0.0,0
gromacs_ADH_le_30,A-D-H ≤ 30°,Pro00057_PET_L20_head_side_r02,Pro00057,CUT1,PET_L20,head_side,2,62,T62,8001,232,0.028996375453068365,0.028996375453068365,0.0,232
gromacs_ADH_le_30,A-D-H ≤ 30°,Pro00057_PET_L20_head_side_r03,Pro00057,CUT1,PET_L20,head_side,3,62,T62,8001,39,0.004874390701162355,0.004874390701162355,0.0,39
gromacs_ADH_le_30,A-D-H ≤ 30°,Pro00057_PET_L20_tail_side_r02,Pro00057,CUT1,PET_L20,tail_side,2,62,T62,8001,7,0.0008748906386701663,0.0008748906386701663,0.0,7
gromacs_ADH_le_30,A-D-H ≤ 30°,Pro00057_PET_L10_bidirectional_r02,Pro00057,CUT1,PET_L10,bidirectional,2,64,T64,8001,0,0.0,0.0,0.0,0
gromacs_ADH_le_30,A-D-H ≤ 30°,Pro00057_PET_L10_bidirectional_r03,Pro00057,CUT1,PET_L10,bidirectional,3,64,T64,8001,0,0.0,0.0,0.0,0
gromacs_ADH_le_30,A-D-H ≤ 30°,Pro00057_PET_L10_head_side_r02,Pro00057,CUT1,PET_L10,head_side,2,64,T64,8001,7,0.0008748906386701663,0.00012498437695288088,0.0007499062617172854,7
gromacs_ADH_le_30,A-D-H ≤ 30°,Pro00057_PET_L10_head_side_r03,Pro00057,CUT1,PET_L10,head_side,3,64,T64,8001,0,0.0,0.0,0.0,0
gromacs_ADH_le_30,A-D-H ≤ 30°,Pro00057_PET_L10_tail_side_r02,Pro00057,CUT1,PET_L10,tail_side,2,64,T64,8001,0,0.0,0.0,0.0,0
gromacs_ADH_le_30,A-D-H ≤ 30°,Pro00057_PET_L10_tail_side_r03,Pro00057,CUT1,PET_L10,tail_side,3,64,T64,8001,0,0.0,0.0,0.0,0
gromacs_ADH_le_30,A-D-H ≤ 30°,Pro00057_PET_L20_bidirectional_r01,Pro00057,CUT1,PET_L20,bidirectional,1,64,T64,8001,2641,0.33008373953255843,0.08736407949006374,0.2765904261967254,2912
gromacs_ADH_le_30,A-D-H ≤ 30°,Pro00057_PET_L20_bidirectional_r02,Pro00057,CUT1,PET_L20,bidirectional,2,64,T64,8001,0,0.0,0.0,0.0,0
gromacs_ADH_le_30,A-D-H ≤ 30°,Pro00057_PET_L20_head_side_r01,Pro00057,CUT1,PET_L20,head_side,1,64,T64,8001,1059,0.13235845519310085,0.03249593800774903,0.11411073615798026,1173
gromacs_ADH_le_30,A-D-H ≤ 30°,Pro00057_PET_L20_head_side_r02,Pro00057,CUT1,PET_L20,head_side,2,64,T64,8001,51,0.006374203224596925,0.0,0.006374203224596925,51
gromacs_ADH_le_30,A-D-H ≤ 30°,Pro00057_PET_L20_head_side_r03,Pro00057,CUT1,PET_L20,head_side,3,64,T64,8001,0,0.0,0.0,0.0,0
gromacs_ADH_le_30,A-D-H ≤ 30°,Pro00057_PET_L20_tail_side_r02,Pro00057,CUT1,PET_L20,tail_side,2,64,T64,8001,65,0.008123984501937258,0.007874015748031496,0.0004999375078115235,67
gromacs_ADH_le_30,A-D-H ≤ 30°,Pro00057_PET_L10_bidirectional_r02,Pro00057,CUT1,PET_L10,bidirectional,2,67,S67,8001,80,0.009998750156230472,0.009998750156230472,0.0,80
gromacs_ADH_le_30,A-D-H ≤ 30°,Pro00057_PET_L10_bidirectional_r03,Pro00057,CUT1,PET_L10,bidirectional,3,67,S67,8001,113,0.01412323459567554,0.01412323459567554,0.0,113
gromacs_ADH_le_30,A-D-H ≤ 30°,Pro00057_PET_L10_head_side_r02,Pro00057,CUT1,PET_L10,head_side,2,67,S67,8001,0,0.0,0.0,0.0,0
gromacs_ADH_le_30,A-D-H ≤ 30°,Pro00057_PET_L10_head_side_r03,Pro00057,CUT1,PET_L10,head_side,3,67,S67,8001,0,0.0,0.0,0.0,0
gromacs_ADH_le_30,A-D-H ≤ 30°,Pro00057_PET_L10_tail_side_r02,Pro00057,CUT1,PET_L10,tail_side,2,67,S67,8001,10,0.001249843769528809,0.001249843769528809,0.0,10
gromacs_ADH_le_30,A-D-H ≤ 30°,Pro00057_PET_L10_tail_side_r03,Pro00057,CUT1,PET_L10,tail_side,3,67,S67,8001,12,0.0014998125234345708,0.0014998125234345708,0.0,12
gromacs_ADH_le_30,A-D-H ≤ 30°,Pro00057_PET_L20_bidirectional_r01,Pro00057,CUT1,PET_L20,bidirectional,1,67,S67,8001,136,0.0169978752655918,0.0169978752655918,0.0,136
gromacs_ADH_le_30,A-D-H ≤ 30°,Pro00057_PET_L20_bidirectional_r02,Pro00057,CUT1,PET_L20,bidirectional,2,67,S67,8001,208,0.025996750406199226,0.025996750406199226,0.0,208
gromacs_ADH_le_30,A-D-H ≤ 30°,Pro00057_PET_L20_head_side_r01,Pro00057,CUT1,PET_L20,head_side,1,67,S67,8001,41,0.005124359455068116,0.005124359455068116,0.0,41
gromacs_ADH_le_30,A-D-H ≤ 30°,Pro00057_PET_L20_head_side_r02,Pro00057,CUT1,PET_L20,head_side,2,67,S67,8001,706,0.08823897012873391,0.08823897012873391,0.0,706
gromacs_ADH_le_30,A-D-H ≤ 30°,Pro00057_PET_L20_head_side_r03,Pro00057,CUT1,PET_L20,head_side,3,67,S67,8001,0,0.0,0.0,0.0,0
gromacs_ADH_le_30,A-D-H ≤ 30°,Pro00057_PET_L20_tail_side_r02,Pro00057,CUT1,PET_L20,tail_side,2,67,S67,8001,76,0.009498812648418948,0.009498812648418948,0.0,76
gromacs_ADH_le_30,A-D-H ≤ 30°,Pro00057_PET_L10_bidirectional_r02,Pro00057,CUT1,PET_L10,bidirectional,2,213,N213,8001,0,0.0,0.0,0.0,0
gromacs_ADH_le_30,A-D-H ≤ 30°,Pro00057_PET_L10_bidirectional_r03,Pro00057,CUT1,PET_L10,bidirectional,3,213,N213,8001,137,0.01712285964254468,0.016497937757780277,0.0006249218847644045,137
gromacs_ADH_le_30,A-D-H ≤ 30°,Pro00057_PET_L10_head_side_r02,Pro00057,CUT1,PET_L10,head_side,2,213,N213,8001,332,0.04149481314835646,0.04149481314835646,0.0,332
gromacs_ADH_le_30,A-D-H ≤ 30°,Pro00057_PET_L10_head_side_r03,Pro00057,CUT1,PET_L10,head_side,3,213,N213,8001,0,0.0,0.0,0.0,0
gromacs_ADH_le_30,A-D-H ≤ 30°,Pro00057_PET_L10_tail_side_r02,Pro00057,CUT1,PET_L10,tail_side,2,213,N213,8001,146,0.01824771903512061,0.01824771903512061,0.0,146
gromacs_ADH_le_30,A-D-H ≤ 30°,Pro00057_PET_L10_tail_side_r03,Pro00057,CUT1,PET_L10,tail_side,3,213,N213,8001,4,0.0004999375078115235,0.0004999375078115235,0.0,4
gromacs_ADH_le_30,A-D-H ≤ 30°,Pro00057_PET_L20_bidirectional_r01,Pro00057,CUT1,PET_L20,bidirectional,1,213,N213,8001,180,0.02249718785151856,0.02249718785151856,0.0,180
gromacs_ADH_le_30,A-D-H ≤ 30°,Pro00057_PET_L20_bidirectional_r02,Pro00057,CUT1,PET_L20,bidirectional,2,213,N213,8001,6,0.0007499062617172854,0.0007499062617172854,0.0,6
gromacs_ADH_le_30,A-D-H ≤ 30°,Pro00057_PET_L20_head_side_r01,Pro00057,CUT1,PET_L20,head_side,1,213,N213,8001,0,0.0,0.0,0.0,0
gromacs_ADH_le_30,A-D-H ≤ 30°,Pro00057_PET_L20_head_side_r02,Pro00057,CUT1,PET_L20,head_side,2,213,N213,8001,252,0.031496062992125984,0.031496062992125984,0.0,253
gromacs_ADH_le_30,A-D-H ≤ 30°,Pro00057_PET_L20_head_side_r03,Pro00057,CUT1,PET_L20,head_side,3,213,N213,8001,0,0.0,0.0,0.0,0
gromacs_ADH_le_30,A-D-H ≤ 30°,Pro00057_PET_L20_tail_side_r02,Pro00057,CUT1,PET_L20,tail_side,2,213,N213,8001,429,0.0536182977127859,0.0536182977127859,0.0,429
gromacs_ADH_le_30,A-D-H ≤ 30°,Pro00121_PET_L10_bidirectional_r03,Pro00121,HiC,PET_L10,bidirectional,3,164,T164,8001,0,0.0,0.0,0.0,0
gromacs_ADH_le_30,A-D-H ≤ 30°,Pro00121_PET_L10_head_side_r02,Pro00121,HiC,PET_L10,head_side,2,164,T164,8001,189,0.023622047244094488,0.023497062867141608,0.00012498437695288088,189
gromacs_ADH_le_30,A-D-H ≤ 30°,Pro00121_PET_L10_tail_side_r01,Pro00121,HiC,PET_L10,tail_side,1,164,T164,8001,0,0.0,0.0,0.0,0
gromacs_ADH_le_30,A-D-H ≤ 30°,Pro00121_PET_L10_tail_side_r02,Pro00121,HiC,PET_L10,tail_side,2,164,T164,8001,0,0.0,0.0,0.0,0
gromacs_ADH_le_30,A-D-H ≤ 30°,Pro00121_PET_L10_tail_side_r03,Pro00121,HiC,PET_L10,tail_side,3,164,T164,8001,513,0.06411698537682789,0.06374203224596925,0.0003749531308586427,513
gromacs_ADH_le_30,A-D-H ≤ 30°,Pro00121_PET_L20_bidirectional_r01,Pro00121,HiC,PET_L20,bidirectional,1,164,T164,8001,386,0.048243969503812024,0.045619297587801526,0.0029996250468691415,389
gromacs_ADH_le_30,A-D-H ≤ 30°,Pro00121_PET_L20_bidirectional_r02,Pro00121,HiC,PET_L20,bidirectional,2,164,T164,8001,128,0.015998000249968752,0.015998000249968752,0.0,128
gromacs_ADH_le_30,A-D-H ≤ 30°,Pro00121_PET_L20_bidirectional_r03,Pro00121,HiC,PET_L20,bidirectional,3,164,T164,8001,9,0.0011248593925759281,0.0003749531308586427,0.0007499062617172854,9
gromacs_ADH_le_30,A-D-H ≤ 30°,Pro00121_PET_L20_head_side_r01,Pro00121,HiC,PET_L20,head_side,1,164,T164,8001,5,0.0006249218847644045,0.0006249218847644045,0.0,5
gromacs_ADH_le_30,A-D-H ≤ 30°,Pro00121_PET_L20_head_side_r02,Pro00121,HiC,PET_L20,head_side,2,164,T164,8001,52,0.0064991876015498065,0.0054993125859267595,0.000999875015623047,52
gromacs_ADH_le_30,A-D-H ≤ 30°,Pro00121_PET_L20_head_side_r03,Pro00121,HiC,PET_L20,head_side,3,164,T164,8001,173,0.021622297212848394,0.021622297212848394,0.0,173
gromacs_ADH_le_30,A-D-H ≤ 30°,Pro00121_PET_L20_tail_side_r01,Pro00121,HiC,PET_L20,tail_side,1,164,T164,8001,347,0.04336957880264967,0.04336957880264967,0.0,347
gromacs_ADH_le_30,A-D-H ≤ 30°,Pro00121_PET_L20_tail_side_r02,Pro00121,HiC,PET_L20,tail_side,2,164,T164,8001,1438,0.1797275340582427,0.1797275340582427,0.0,1438
gromacs_ADH_le_30,A-D-H ≤ 30°,Pro00121_PET_L10_bidirectional_r03,Pro00121,HiC,PET_L10,bidirectional,3,166,T166,8001,41,0.005124359455068116,0.005124359455068116,0.0,42
gromacs_ADH_le_30,A-D-H ≤ 30°,Pro00121_PET_L10_head_side_r02,Pro00121,HiC,PET_L10,head_side,2,166,T166,8001,1050,0.13123359580052493,0.11811023622047244,0.013123359580052493,1050
gromacs_ADH_le_30,A-D-H ≤ 30°,Pro00121_PET_L10_tail_side_r01,Pro00121,HiC,PET_L10,tail_side,1,166,T166,8001,107,0.013373328333958255,0.013373328333958255,0.0,107
gromacs_ADH_le_30,A-D-H ≤ 30°,Pro00121_PET_L10_tail_side_r02,Pro00121,HiC,PET_L10,tail_side,2,166,T166,8001,4,0.0004999375078115235,0.0004999375078115235,0.0,4
gromacs_ADH_le_30,A-D-H ≤ 30°,Pro00121_PET_L10_tail_side_r03,Pro00121,HiC,PET_L10,tail_side,3,166,T166,8001,707,0.08836395450568679,0.08836395450568679,0.0,707
gromacs_ADH_le_30,A-D-H ≤ 30°,Pro00121_PET_L20_bidirectional_r01,Pro00121,HiC,PET_L20,bidirectional,1,166,T166,8001,5685,0.7105361829771278,0.7105361829771278,0.0,5685
gromacs_ADH_le_30,A-D-H ≤ 30°,Pro00121_PET_L20_bidirectional_r02,Pro00121,HiC,PET_L20,bidirectional,2,166,T166,8001,1239,0.15485564304461943,0.15485564304461943,0.0,1241
gromacs_ADH_le_30,A-D-H ≤ 30°,Pro00121_PET_L20_bidirectional_r03,Pro00121,HiC,PET_L20,bidirectional,3,166,T166,8001,165,0.02062242219722535,0.02062242219722535,0.0,165
gromacs_ADH_le_30,A-D-H ≤ 30°,Pro00121_PET_L20_head_side_r01,Pro00121,HiC,PET_L20,head_side,1,166,T166,8001,1719,0.21484814398200225,0.21334833145856769,0.0014998125234345708,1720
gromacs_ADH_le_30,A-D-H ≤ 30°,Pro00121_PET_L20_head_side_r02,Pro00121,HiC,PET_L20,head_side,2,166,T166,8001,151,0.018872640919885015,0.01837270341207349,0.0004999375078115235,151
gromacs_ADH_le_30,A-D-H ≤ 30°,Pro00121_PET_L20_head_side_r03,Pro00121,HiC,PET_L20,head_side,3,166,T166,8001,692,0.08648918885139358,0.08648918885139358,0.0,692
gromacs_ADH_le_30,A-D-H ≤ 30°,Pro00121_PET_L20_tail_side_r01,Pro00121,HiC,PET_L20,tail_side,1,166,T166,8001,1907,0.23834520684914387,0.23784526934133232,0.0013748281464816899,1981
gromacs_ADH_le_30,A-D-H ≤ 30°,Pro00121_PET_L20_tail_side_r02,Pro00121,HiC,PET_L20,tail_side,2,166,T166,8001,1831,0.22884639420072492,0.22884639420072492,0.0,1832
